1x1	11	5	29	20	14	40	24
1x1	12	15	14	34	41	46	45
1x1	12	20	19	27	4	34	35
1x1	12	34	9	5	39	26	29
1x1	12	36	16	41	7	22	42
1x1	13	46	27	4	52	19	10
1x1	13	7	2	18	54	20	15
1x1	14	22	42	28	9	60	34
1x1	14	3	4	42	46	38	28
1x1	14	49	50	29	33	7	15
1x1	15	13	54	19	49	32	12
1x1	15	58	34	11	2	55	49
1x1	16	12	20	42	21	5	54
1x1	16	17	6	56	14	49	30
1x1	16	2	52	48	5	27	51
1x1	16	44	29	60	57	39	13
1x1	16	51	35	21	14	55	39
1x1	16	51	49	38	20	55	57
1x1	16	7	29	12	42	37	40
1x1	17	47	8	57	33	28	20
1x1	17	48	39	24	43	52	27
1x1	17	49	15	42	2	4	57
1x1	17	53	6	57	12	54	52
1x1	17	7	55	21	40	48	8
1x1	18	24	50	43	14	9	23
1x1	18	43	27	16	50	60	5
1x1	19	11	17	23	60	3	54
1x1	19	11	55	37	39	21	28
1x1	19	21	16	27	25	56	37
1x1	19	3	49	21	51	46	14
1x1	19	56	58	7	45	11	3
1x1	2	3	42	39	53	24	59
1x1	2	33	4	17	22	19	58
1x1	2	4	27	25	23	5	33
1x1	2	55	32	49	47	45	44
1x1	20	51	46	17	26	37	11
1x1	20	59	25	10	50	19	52
1x1	21	34	29	30	18	32	35
1x1	21	39	51	42	12	27	32
1x1	21	57	12	19	33	3	26
1x1	22	32	24	17	49	19	47
1x1	22	48	30	12	41	14	10
1x1	23	52	42	54	58	25	55
1x1	24	3	46	56	39	28	8
1x1	24	42	59	29	11	34	32
1x1	24	44	37	22	6	36	43
1x1	24	55	22	47	40	7	10
1x1	25	30	36	55	43	31	5
1x1	25	33	41	4	45	51	3
1x1	25	37	5	11	32	51	33
1x1	25	40	24	39	47	48	55
1x1	26	14	45	15	44	39	27
1x1	26	40	13	24	59	42	39
1x1	27	20	24	57	6	51	9
1x1	27	31	15	49	14	19	55
1x1	27	32	60	30	4	9	5
1x1	27	59	29	8	44	46	20
1x1	28	16	52	22	36	14	20
1x1	28	37	56	18	22	34	2
1x1	28	37	6	43	41	38	9
1x1	28	54	16	31	51	11	3
1x1	29	19	22	33	43	52	30
1x1	29	5	23	12	41	30	10
1x1	29	5	59	30	54	38	43
1x1	29	7	27	6	31	21	12
1x1	3	19	41	4	48	31	29
1x1	3	22	26	56	15	60	44
1x1	3	57	16	44	35	20	54
1x1	3	8	17	59	52	32	51
1x1	3	8	60	58	22	31	36
1x1	30	10	35	41	47	40	50
1x1	30	17	50	22	19	51	39
1x1	30	41	50	53	22	43	15
1x1	30	45	24	2	4	5	16
1x1	30	58	29	11	39	27	21
1x1	30	58	41	3	42	28	27
1x1	31	11	7	22	30	48	58
1x1	31	32	35	40	53	39	60
1x1	31	48	28	60	27	53	15
1x1	31	60	40	2	59	38	6
1x1	32	38	44	5	31	26	49
1x1	32	53	36	56	15	21	2
1x1	34	36	43	5	53	26	41
1x1	35	2	17	49	16	26	43
1x1	35	2	19	40	37	48	6
1x1	35	28	52	14	29	48	26
1x1	35	49	45	24	32	52	46
1x1	35	57	13	40	10	18	58
1x1	36	27	40	15	47	22	43
1x1	36	28	35	29	20	3	18
1x1	36	44	21	28	16	17	58
1x1	37	27	29	7	35	30	17
1x1	37	35	41	33	23	39	24
1x1	37	41	45	10	54	13	53
1x1	37	6	35	14	21	13	56
1x1	38	26	11	37	4	8	7
1x1	38	31	39	43	41	15	18
1x1	39	13	48	60	20	33	12
1x1	39	4	51	52	57	54	24
1x1	39	40	58	54	24	18	14
1x1	4	22	23	52	44	3	43
1x1	40	34	59	44	25	35	43
1x1	40	4	37	60	42	10	29
1x1	41	11	19	18	8	55	37
1x1	41	45	4	12	52	14	53
1x1	41	55	36	9	57	23	60
1x1	42	17	10	59	54	32	53
1x1	42	30	16	52	31	47	7
1x1	43	33	56	54	19	38	22
1x1	43	47	18	38	30	26	22
1x1	43	48	60	44	34	39	41
1x1	43	51	30	20	4	41	15
1x1	43	7	12	51	58	41	25
1x1	44	18	33	32	13	17	2
1x1	44	20	45	17	19	4	48
1x1	44	28	3	46	49	18	32
1x1	44	30	14	33	22	37	57
1x1	46	41	12	11	44	50	58
1x1	47	14	27	5	56	36	11
1x1	47	22	18	41	43	48	46
1x1	47	24	22	28	7	60	44
1x1	47	45	12	43	50	34	18
1x1	47	59	35	16	23	29	25
1x1	47	8	2	19	34	30	33
1x1	48	32	59	2	11	22	25
1x1	48	58	28	37	3	10	12
1x1	49	18	6	59	54	40	52
1x1	49	36	10	50	14	58	4
1x1	49	46	48	19	2	36	7
1x1	49	52	27	58	22	30	17
1x1	49	58	56	60	55	31	40
1x1	49	9	31	25	23	52	14
1x1	5	38	49	21	58	24	47
1x1	5	60	8	26	29	41	19
1x1	50	29	27	16	42	32	46
1x1	50	29	56	51	57	8	41
1x1	50	30	10	43	41	22	6
1x1	50	51	34	56	58	38	11
1x1	50	59	34	13	53	16	56
1x1	51	17	57	24	59	15	50
1x1	51	19	35	29	17	11	5
1x1	51	31	7	59	16	4	46
1x1	51	41	3	38	44	11	52
1x1	51	9	3	24	45	35	27
1x1	52	33	26	49	30	46	13
1x1	52	39	41	2	40	49	59
1x1	52	41	26	19	18	15	42
1x1	53	25	55	26	33	23	5
1x1	53	32	37	44	25	59	22
1x1	55	11	16	6	27	53	45
1x1	55	36	46	23	13	18	24
1x1	55	37	15	56	46	48	21
1x1	55	41	18	32	48	3	53
1x1	56	33	27	20	21	8	9
1x1	57	26	14	25	16	10	33
1x1	58	31	44	54	6	46	32
1x1	58	46	54	13	30	9	38
1x1	59	30	36	17	24	31	40
1x1	59	9	7	33	21	2	4
1x1	6	17	22	20	4	54	14
1x1	60	12	30	7	47	24	54
1x1	60	22	53	47	12	8	59
1x1	60	24	16	25	20	17	10
1x1	60	42	57	55	48	41	28
1x1	60	5	19	46	3	10	18
1x1	60	57	22	40	7	37	15
1x1	7	44	34	28	38	16	15
1x1	8	10	41	53	22	55	6
1x1	8	20	29	36	55	19	48
1x1	8	4	14	42	39	43	37
1x1	8	54	21	26	20	58	37
1x1	9	56	51	18	21	31	59
1x10	1	14	40	47	11	4	8
1x10	1	14	46	51	36	25	9
1x10	1	53	46	22	17	51	31
1x10	1	6	39	53	27	36	8
1x10	1	7	27	14	13	24	54
1x10	11	29	26	45	48	46	42
1x10	11	32	8	2	15	27	54
1x10	11	53	14	13	38	41	48
1x10	12	29	33	57	27	39	4
1x10	12	45	48	4	8	17	41
1x10	12	59	44	6	29	48	49
1x10	13	2	18	23	57	39	17
1x10	13	22	26	11	29	42	4
1x10	13	55	7	6	9	15	41
1x10	13	60	1	6	59	12	35
1x10	14	41	6	5	38	25	27
1x10	14	49	25	40	23	37	43
1x10	15	53	48	13	59	41	12
1x10	15	55	16	2	42	45	19
1x10	16	53	50	59	13	20	29
1x10	16	53	57	54	18	4	33
1x10	16	8	29	42	22	37	13
1x10	17	14	57	47	33	31	6
1x10	17	20	36	3	26	1	43
1x10	17	3	60	34	41	5	27
1x10	19	44	18	36	27	34	25
1x10	19	7	44	51	2	36	40
1x10	2	12	16	25	8	41	18
1x10	2	31	16	19	33	4	30
1x10	2	52	35	39	32	12	27
1x10	2	6	3	59	41	45	57
1x10	20	24	43	18	39	45	7
1x10	20	7	40	33	12	14	25
1x10	21	1	49	53	32	41	18
1x10	21	13	19	8	7	54	38
1x10	21	20	33	3	2	57	30
1x10	21	28	6	33	35	38	31
1x10	21	32	8	23	2	41	26
1x10	21	33	53	4	12	60	46
1x10	21	48	43	49	47	3	5
1x10	22	24	42	30	13	9	34
1x10	22	34	47	32	28	6	24
1x10	23	17	34	53	43	50	1
1x10	23	30	42	18	44	53	14
1x10	23	7	17	56	59	46	5
1x10	24	23	13	46	21	15	29
1x10	24	42	56	35	58	55	17
1x10	24	7	31	36	3	60	48
1x10	25	19	1	45	7	41	29
1x10	25	26	42	39	52	31	19
1x10	25	26	7	23	15	32	24
1x10	25	46	1	39	51	35	23
1x10	25	8	26	46	37	1	60
1x10	26	13	28	34	42	41	22
1x10	26	16	14	36	15	38	3
1x10	26	19	54	56	7	25	52
1x10	26	33	55	52	40	2	37
1x10	26	39	57	1	50	60	44
1x10	26	50	42	23	22	2	47
1x10	28	26	42	19	53	36	58
1x10	28	35	18	23	14	49	41
1x10	28	44	37	6	54	26	21
1x10	29	11	20	56	59	57	21
1x10	29	18	45	42	3	9	27
1x10	29	25	39	43	56	17	48
1x10	3	23	44	36	16	56	35
1x10	3	6	30	29	42	35	34
1x10	3	60	33	56	41	51	27
1x10	30	1	18	7	21	17	24
1x10	30	26	45	13	59	23	2
1x10	30	9	33	25	1	51	59
1x10	31	35	26	50	46	45	49
1x10	31	42	6	18	11	29	57
1x10	32	25	59	60	34	23	58
1x10	33	28	29	53	5	18	25
1x10	33	32	1	28	34	4	25
1x10	33	37	26	20	19	6	51
1x10	33	52	5	19	56	22	18
1x10	34	24	25	12	36	11	31
1x10	34	24	36	57	16	49	17
1x10	34	29	42	13	15	55	48
1x10	34	29	57	22	59	1	7
1x10	34	45	38	20	16	57	36
1x10	34	57	44	60	53	24	48
1x10	35	19	12	27	47	22	33
1x10	35	33	1	60	4	2	39
1x10	36	27	37	18	53	57	33
1x10	36	32	54	52	12	57	37
1x10	36	45	4	15	2	24	29
1x10	37	26	4	57	40	36	49
1x10	37	43	13	57	12	48	25
1x10	38	11	3	48	19	45	2
1x10	38	35	41	33	4	48	32
1x10	38	45	57	41	19	4	34
1x10	39	21	31	22	42	3	58
1x10	39	35	40	54	50	33	17
1x10	39	36	42	18	53	56	58
1x10	39	44	49	48	4	47	24
1x10	4	21	55	59	27	32	56
1x10	4	23	3	50	34	5	37
1x10	40	1	39	36	9	12	41
1x10	40	54	41	51	58	56	50
1x10	40	57	53	48	9	6	41
1x10	40	7	6	26	54	38	5
1x10	41	23	59	45	24	27	22
1x10	41	31	53	30	38	51	35
1x10	41	34	37	43	4	17	25
1x10	41	6	35	39	47	7	48
1x10	41	8	55	48	28	25	31
1x10	42	4	23	38	19	11	5
1x10	42	52	50	6	31	36	7
1x10	42	57	19	40	50	13	56
1x10	43	13	8	36	31	28	39
1x10	43	53	9	6	52	4	41
1x10	44	13	59	25	18	51	34
1x10	44	22	18	49	14	51	5
1x10	44	23	45	39	12	51	55
1x10	44	6	26	4	22	42	43
1x10	45	11	40	18	25	1	27
1x10	45	26	56	21	58	59	14
1x10	45	35	25	13	40	8	49
1x10	46	29	22	17	4	43	48
1x10	47	20	15	60	1	5	38
1x10	47	3	4	49	57	55	33
1x10	48	55	35	52	20	58	41
1x10	49	54	40	51	25	24	45
1x10	50	18	44	33	17	51	27
1x10	50	24	27	53	15	19	20
1x10	50	24	34	13	36	40	39
1x10	51	2	8	16	19	20	22
1x10	51	50	56	20	1	54	21
1x10	52	23	40	21	27	17	2
1x10	52	35	27	16	31	12	57
1x10	52	37	22	8	46	23	15
1x10	52	45	43	3	17	48	32
1x10	52	51	24	29	50	17	20
1x10	52	55	48	32	45	31	58
1x10	53	24	46	19	59	55	57
1x10	53	33	35	47	14	52	27
1x10	53	38	34	11	31	40	27
1x10	53	4	21	1	36	58	57
1x10	53	5	14	8	11	26	30
1x10	53	6	12	34	24	35	38
1x10	54	18	5	15	60	16	42
1x10	54	59	44	51	25	18	23
1x10	55	38	54	47	20	50	48
1x10	55	46	4	56	13	40	34
1x10	56	12	38	42	28	4	17
1x10	56	14	48	36	23	27	53
1x10	56	23	51	13	19	49	14
1x10	56	36	60	35	37	11	17
1x10	56	38	58	46	14	21	60
1x10	56	39	18	38	16	15	54
1x10	56	46	45	22	19	29	5
1x10	56	60	4	48	49	19	52
1x10	57	1	17	51	59	33	13
1x10	57	24	28	30	44	53	1
1x10	57	24	58	39	49	2	29
1x10	57	32	59	1	8	6	5
1x10	57	52	49	27	28	26	37
1x10	57	54	14	19	29	4	23
1x10	58	38	1	47	42	39	60
1x10	59	22	21	36	28	18	6
1x10	59	42	20	26	44	28	17
1x10	6	9	22	28	47	59	4
1x10	60	30	5	53	54	14	18
1x10	60	56	43	49	12	25	27
1x10	7	46	3	19	41	59	13
1x10	7	46	50	57	13	58	24
1x10	8	12	11	1	34	24	40
1x10	8	23	31	48	49	22	59
1x10	8	46	27	3	14	5	31
1x10	9	48	45	44	20	4	18
1x10	9	58	4	56	38	37	54
1x11	1	29	50	8	5	16	20
1x11	1	36	22	54	57	52	3
1x11	10	60	31	50	30	45	58
1x11	12	21	23	46	2	41	52
1x11	12	28	55	48	19	4	24
1x11	13	33	8	30	38	4	49
1x11	13	39	54	24	16	47	53
1x11	13	60	3	2	8	16	40
1x11	13	7	55	41	54	19	1
1x11	14	23	38	6	59	26	27
1x11	14	23	41	37	3	44	50
1x11	14	24	28	27	26	59	60
1x11	14	25	18	47	33	48	34
1x11	14	33	32	26	57	54	18
1x11	14	39	33	19	2	35	23
1x11	14	39	56	25	17	4	5
1x11	14	39	59	4	34	44	55
1x11	14	41	25	20	23	32	7
1x11	14	6	38	26	46	27	42
1x11	15	1	45	30	36	3	59
1x11	15	32	16	55	27	20	10
1x11	15	49	23	44	54	57	35
1x11	16	10	25	40	21	4	37
1x11	16	44	31	5	42	9	18
1x11	16	6	22	42	9	3	1
1x11	17	26	51	1	59	42	49
1x11	17	38	24	25	41	58	8
1x11	17	57	59	27	32	34	33
1x11	18	24	12	57	46	13	4
1x11	18	29	26	56	48	8	4
1x11	19	44	12	49	47	24	1
1x11	19	59	31	54	29	30	21
1x11	2	18	13	8	14	15	58
1x11	2	21	6	43	51	26	7
1x11	2	31	21	6	43	60	38
1x11	20	18	38	50	37	56	59
1x11	20	34	16	5	8	44	46
1x11	21	20	15	4	8	19	47
1x11	21	35	60	56	49	17	52
1x11	21	37	9	6	32	22	10
1x11	21	41	23	27	52	5	24
1x11	21	48	49	3	8	47	59
1x11	21	8	25	46	29	42	12
1x11	22	17	4	6	37	53	21
1x11	22	33	28	56	5	2	47
1x11	22	6	59	51	53	8	27
1x11	23	1	32	17	42	50	12
1x11	23	21	56	29	24	33	36
1x11	23	37	12	1	18	27	47
1x11	23	39	51	38	30	9	57
1x11	24	55	32	43	37	9	1
1x11	25	1	7	49	44	35	52
1x11	25	10	28	6	35	15	36
1x11	25	16	21	41	40	46	3
1x11	25	17	41	48	18	45	27
1x11	25	22	55	60	2	50	20
1x11	25	26	50	58	18	22	43
1x11	25	56	23	53	50	60	38
1x11	26	16	38	37	47	40	31
1x11	26	25	12	9	49	19	51
1x11	26	29	15	47	60	34	5
1x11	26	43	7	28	1	50	31
1x11	26	46	2	48	60	15	44
1x11	27	23	32	28	52	34	30
1x11	27	4	23	41	49	36	5
1x11	28	21	27	7	20	60	22
1x11	28	37	5	49	50	12	6
1x11	28	7	33	43	25	55	1
1x11	29	26	23	43	32	18	37
1x11	29	33	55	37	53	43	23
1x11	29	45	24	20	38	51	10
1x11	29	47	32	13	52	56	35
1x11	3	14	9	57	2	47	35
1x11	3	39	44	53	22	19	6
1x11	30	1	17	20	32	5	47
1x11	30	21	1	45	12	47	27
1x11	31	33	41	56	39	12	54
1x11	31	46	1	30	8	23	9
1x11	31	5	33	48	25	60	55
1x11	32	23	19	1	30	18	54
1x11	32	26	24	7	6	22	46
1x11	32	26	57	27	36	46	54
1x11	32	42	26	22	44	24	52
1x11	32	44	36	4	41	12	31
1x11	32	51	17	52	16	1	50
1x11	33	15	27	32	10	30	19
1x11	35	20	36	7	15	43	24
1x11	35	33	22	37	17	53	45
1x11	35	8	22	53	19	54	39
1x11	36	16	23	32	39	58	34
1x11	36	44	8	5	32	3	26
1x11	36	54	28	1	40	16	38
1x11	37	17	44	25	23	55	48
1x11	37	30	26	27	4	16	24
1x11	37	33	7	21	45	12	30
1x11	37	49	43	36	50	2	41
1x11	38	28	4	3	37	1	54
1x11	38	32	43	33	34	53	13
1x11	38	49	60	46	41	47	5
1x11	38	58	27	57	56	8	12
1x11	39	12	23	40	43	20	34
1x11	39	31	14	45	33	58	48
1x11	39	58	40	52	18	29	38
1x11	4	8	7	21	55	36	2
1x11	40	17	33	28	18	58	3
1x11	40	18	8	2	52	20	36
1x11	40	21	3	15	13	34	2
1x11	40	44	31	50	19	20	41
1x11	41	29	58	30	32	53	26
1x11	41	34	57	35	59	18	15
1x11	41	54	56	2	9	6	35
1x11	42	16	46	38	50	28	12
1x11	42	33	34	2	35	15	25
1x11	42	47	24	34	46	26	56
1x11	43	19	50	41	15	59	3
1x11	43	30	28	9	41	38	23
1x11	43	30	38	55	3	9	15
1x11	43	4	25	24	10	14	52
1x11	44	35	32	39	25	10	29
1x11	44	39	41	26	27	45	48
1x11	44	48	47	56	16	54	15
1x11	46	3	36	17	23	37	29
1x11	47	57	31	59	36	18	43
1x11	47	59	41	40	56	22	53
1x11	47	8	48	31	60	35	55
1x11	48	2	18	54	16	17	56
1x11	48	28	15	57	51	59	34
1x11	48	40	58	7	5	49	59
1x11	48	60	55	51	35	30	16
1x11	49	23	42	5	47	21	50
1x11	49	43	12	33	10	45	56
1x11	49	6	58	32	57	46	10
1x11	5	23	38	31	13	56	48
1x11	5	27	33	58	20	2	48
1x11	5	33	43	40	46	52	42
1x11	5	49	58	1	55	14	24
1x11	5	55	3	48	36	16	39
1x11	5	6	37	9	12	44	49
1x11	5	9	8	21	2	7	12
1x11	50	33	45	20	8	41	59
1x11	51	10	6	12	24	3	28
1x11	51	14	34	26	6	15	39
1x11	51	31	29	4	8	47	59
1x11	51	32	27	46	12	34	1
1x11	51	48	54	25	30	2	53
1x11	51	7	35	23	57	13	27
1x11	52	18	19	23	40	31	32
1x11	52	43	41	6	47	14	8
1x11	52	59	56	23	19	17	49
1x11	53	18	51	57	45	43	48
1x11	54	19	21	60	17	46	12
1x11	54	28	10	24	20	59	18
1x11	54	49	26	28	37	38	50
1x11	54	5	49	14	22	43	57
1x11	55	17	4	31	30	23	53
1x11	55	2	22	25	58	38	49
1x11	55	2	24	18	48	33	38
1x11	55	37	19	51	32	21	27
1x11	55	47	18	58	33	22	24
1x11	55	56	4	23	59	29	43
1x11	55	6	32	15	8	46	56
1x11	56	10	8	43	38	9	17
1x11	56	18	50	31	27	17	51
1x11	56	41	29	38	28	55	13
1x11	56	43	16	32	47	3	24
1x11	56	44	28	52	60	15	24
1x11	56	60	58	23	8	54	39
1x11	57	10	8	29	18	54	14
1x11	57	25	3	7	16	38	27
1x11	57	34	31	41	54	33	49
1x11	58	12	31	25	26	8	29
1x11	59	26	45	5	38	12	46
1x11	59	40	54	35	27	8	37
1x11	6	34	17	16	13	5	49
1x11	6	46	33	15	32	21	7
1x11	6	60	14	48	55	47	49
1x11	60	1	12	48	41	39	15
1x11	60	26	46	53	40	54	48
1x11	7	13	9	58	10	25	51
1x11	7	22	15	42	27	56	39
1x11	7	41	3	4	31	20	6
1x11	8	2	24	56	26	4	14
1x11	8	35	59	1	21	36	28
1x11	8	52	36	7	49	57	17
1x11	9	13	33	55	19	35	32
1x11	9	28	6	44	19	39	47
1x12	1	36	4	57	33	49	50
1x12	1	49	41	5	27	21	42
1x12	1	51	16	55	28	36	45
1x12	1	52	7	21	33	16	50
1x12	1	56	50	36	11	10	51
1x12	1	60	7	24	48	40	15
1x12	10	30	43	35	60	40	46
1x12	11	13	59	29	58	24	27
1x12	11	28	17	19	29	24	59
1x12	11	28	39	58	41	50	42
1x12	11	30	24	41	6	3	51
1x12	11	34	43	28	58	55	20
1x12	11	49	9	29	47	23	5
1x12	11	6	20	59	19	57	8
1x12	11	8	4	48	26	16	24
1x12	13	15	55	18	58	25	31
1x12	13	16	2	49	10	27	37
1x12	13	26	48	54	47	21	4
1x12	13	30	39	17	27	41	21
1x12	13	40	35	42	21	33	52
1x12	13	47	6	21	28	23	10
1x12	13	50	60	17	11	45	22
1x12	14	57	25	27	8	33	28
1x12	15	24	4	47	16	42	59
1x12	15	56	25	52	27	16	19
1x12	15	9	55	1	38	52	53
1x12	16	47	11	42	13	38	46
1x12	16	6	7	13	29	55	50
1x12	17	2	31	53	23	4	54
1x12	18	29	26	55	37	31	22
1x12	18	31	15	45	16	20	48
1x12	18	48	52	40	45	33	43
1x12	18	7	47	11	20	37	52
1x12	19	21	25	34	36	60	27
1x12	19	46	27	33	37	28	47
1x12	2	36	42	48	40	18	59
1x12	2	43	48	11	21	10	18
1x12	2	47	38	20	60	39	58
1x12	20	24	39	29	47	52	46
1x12	20	45	13	10	2	47	37
1x12	21	1	50	20	8	31	37
1x12	21	2	28	54	36	46	57
1x12	21	43	26	10	29	50	32
1x12	21	46	25	60	16	17	20
1x12	21	52	39	48	47	33	40
1x12	22	57	47	10	31	21	24
1x12	23	24	17	2	4	36	11
1x12	23	27	24	59	58	10	33
1x12	23	45	50	22	20	4	31
1x12	24	2	53	8	1	35	26
1x12	24	20	52	13	48	51	30
1x12	25	11	16	55	60	8	37
1x12	25	26	28	59	1	14	19
1x12	25	46	21	40	39	9	54
1x12	26	22	31	58	7	56	34
1x12	26	24	27	22	58	2	14
1x12	26	33	13	46	55	52	45
1x12	26	43	58	60	50	35	13
1x12	27	51	22	15	60	14	52
1x12	27	52	50	41	22	3	1
1x12	28	13	16	9	40	50	57
1x12	28	50	42	52	54	2	34
1x12	29	16	57	10	6	47	36
1x12	29	21	25	58	32	2	30
1x12	29	35	6	43	7	28	19
1x12	29	42	49	13	55	20	31
1x12	29	48	4	15	25	42	23
1x12	29	52	50	21	13	56	43
1x12	3	31	60	38	39	46	18
1x12	3	33	34	13	16	21	23
1x12	30	29	46	2	55	44	38
1x12	30	40	42	32	37	14	1
1x12	30	56	15	36	37	58	11
1x12	31	25	2	21	44	30	15
1x12	31	40	1	36	43	29	4
1x12	32	21	4	42	8	47	15
1x12	32	24	44	56	53	27	3
1x12	32	57	15	14	37	35	52
1x12	33	32	34	18	49	10	20
1x12	33	35	25	7	9	45	13
1x12	33	47	14	17	25	4	20
1x12	34	35	32	17	51	38	18
1x12	34	36	59	57	45	35	56
1x12	34	49	43	33	26	3	51
1x12	35	20	28	59	30	18	53
1x12	35	49	34	11	44	57	27
1x12	35	59	2	18	42	26	24
1x12	36	45	39	5	49	7	41
1x12	36	46	41	15	56	18	9
1x12	37	41	14	6	42	22	26
1x12	38	3	47	21	15	5	56
1x12	38	55	11	3	28	50	54
1x12	38	9	56	34	16	33	24
1x12	39	27	51	3	56	6	25
1x12	39	43	52	16	59	30	44
1x12	39	58	36	50	9	25	35
1x12	4	19	60	30	43	9	5
1x12	4	46	1	52	27	9	43
1x12	40	1	59	21	39	2	58
1x12	41	37	30	45	9	49	42
1x12	41	47	32	46	13	60	40
1x12	42	4	43	16	59	39	7
1x12	42	6	44	2	7	41	39
1x12	45	16	38	19	29	60	44
1x12	45	48	31	26	21	39	23
1x12	45	58	56	53	31	4	50
1x12	46	19	4	30	9	33	57
1x12	46	38	5	28	9	29	56
1x12	46	50	55	42	29	33	6
1x12	46	6	1	23	32	48	17
1x12	46	8	33	53	47	41	11
1x12	47	26	29	20	41	55	16
1x12	47	48	45	16	30	34	44
1x12	47	5	32	55	52	56	4
1x12	48	11	3	15	5	31	4
1x12	48	37	11	52	2	8	14
1x12	49	15	28	56	37	51	41
1x12	49	27	24	58	10	48	35
1x12	49	33	14	50	48	8	16
1x12	5	33	4	14	9	42	26
1x12	5	38	59	39	58	44	7
1x12	5	41	17	3	32	39	21
1x12	5	56	60	26	9	31	13
1x12	50	28	18	23	36	16	58
1x12	50	35	14	31	47	1	21
1x12	51	22	18	14	31	27	43
1x12	51	34	30	2	6	25	39
1x12	53	11	46	39	7	18	6
1x12	53	13	30	59	46	17	40
1x12	53	40	31	20	33	56	28
1x12	53	50	2	45	51	36	34
1x12	53	58	55	40	9	30	47
1x12	54	17	37	18	3	16	28
1x12	54	22	27	18	31	8	7
1x12	54	29	24	57	8	18	44
1x12	54	30	44	32	10	57	56
1x12	54	37	40	24	11	31	28
1x12	54	42	4	56	57	26	9
1x12	54	47	2	50	41	21	29
1x12	55	14	43	39	31	27	9
1x12	55	2	23	24	56	11	41
1x12	55	49	50	42	11	46	53
1x12	55	7	26	52	54	22	18
1x12	56	1	59	25	24	8	52
1x12	57	16	33	5	4	40	23
1x12	58	24	3	39	19	9	14
1x12	58	40	23	47	24	56	14
1x12	58	9	25	30	15	24	2
1x12	59	10	28	44	42	47	43
1x12	59	15	48	55	51	30	9
1x12	59	17	50	10	11	4	32
1x12	59	43	54	37	32	20	25
1x12	6	15	47	30	17	19	33
1x12	6	20	33	38	44	24	7
1x12	6	26	47	39	5	59	57
1x12	6	30	56	32	41	38	8
1x12	6	32	22	18	34	57	3
1x12	60	14	38	35	18	24	23
1x12	60	38	51	26	37	49	39
1x12	60	39	33	46	34	53	21
1x12	60	53	45	36	18	13	42
1x12	60	56	44	38	36	55	20
1x12	7	1	53	22	30	46	16
1x12	7	1	55	50	59	3	32
1x12	7	22	19	31	30	33	34
1x12	7	35	1	60	26	33	39
1x12	7	39	33	52	41	40	17
1x12	7	51	47	17	54	48	11
1x12	7	58	3	53	25	60	45
1x12	7	6	21	29	55	5	13
1x12	8	53	38	15	32	24	18
1x12	8	59	4	27	18	60	32
1x12	8	7	31	47	41	48	35
1x12	8	9	47	29	27	44	46
1x13	1	49	36	56	37	57	46
1x13	1	50	56	23	47	21	60
1x13	1	53	20	37	9	35	48
1x13	10	28	35	39	52	59	56
1x13	10	3	35	14	48	22	9
1x13	10	53	30	37	39	15	25
1x13	11	28	35	16	26	4	48
1x13	11	36	17	49	38	40	26
1x13	14	1	56	6	15	42	52
1x13	14	11	6	8	47	10	32
1x13	14	16	34	4	44	37	26
1x13	14	16	42	18	2	57	5
1x13	14	29	30	32	45	42	60
1x13	14	5	38	25	48	16	43
1x13	15	53	9	3	25	51	30
1x13	16	2	52	24	41	20	18
1x13	16	24	53	6	15	41	32
1x13	16	26	45	29	49	40	5
1x13	16	36	47	29	43	31	35
1x13	16	47	46	48	28	7	41
1x13	17	50	4	37	3	57	1
1x13	17	6	29	43	9	28	8
1x13	17	9	42	19	24	15	5
1x13	18	16	47	32	28	35	36
1x13	18	38	9	35	15	33	7
1x13	18	55	1	40	3	43	32
1x13	18	9	58	23	5	2	25
1x13	19	7	17	35	29	11	39
1x13	2	21	46	38	40	25	28
1x13	2	27	17	14	53	51	48
1x13	2	3	21	10	19	32	48
1x13	2	40	52	31	51	49	3
1x13	2	52	55	39	31	45	54
1x13	20	23	16	59	35	11	31
1x13	20	30	53	45	15	16	24
1x13	20	6	1	31	48	57	58
1x13	21	46	42	18	23	54	22
1x13	21	6	8	37	24	40	3
1x13	22	15	29	11	27	32	16
1x13	22	20	46	21	52	45	8
1x13	22	33	14	8	18	24	44
1x13	22	51	42	17	12	4	41
1x13	23	48	17	30	18	40	6
1x13	23	53	34	29	22	31	46
1x13	23	9	49	41	45	24	15
1x13	24	35	4	52	31	34	48
1x13	24	42	19	52	32	43	1
1x13	24	51	23	44	36	48	33
1x13	25	12	21	32	47	18	15
1x13	25	36	29	6	53	40	54
1x13	25	51	60	52	47	16	30
1x13	26	38	59	32	45	28	44
1x13	26	41	56	1	25	35	50
1x13	26	44	46	41	23	60	6
1x13	26	51	52	10	50	55	30
1x13	26	60	43	1	32	35	51
1x13	27	1	2	38	39	20	54
1x13	27	21	7	31	17	3	6
1x13	27	32	39	47	9	21	4
1x13	27	42	29	11	59	3	37
1x13	27	59	24	50	56	44	42
1x13	28	20	56	29	59	39	16
1x13	28	32	44	38	10	22	12
1x13	28	37	56	1	14	16	11
1x13	28	43	41	31	21	20	4
1x13	29	10	38	7	40	34	23
1x13	29	19	38	4	45	56	33
1x13	29	25	50	45	58	39	36
1x13	29	43	42	16	34	14	57
1x13	29	57	30	3	17	53	19
1x13	29	8	36	24	38	54	47
1x13	3	37	5	49	8	30	2
1x13	3	39	5	17	24	23	1
1x13	30	20	19	35	47	36	1
1x13	30	24	36	23	4	50	26
1x13	30	3	60	44	53	59	37
1x13	30	38	37	55	1	53	25
1x13	30	45	53	25	42	24	19
1x13	31	33	58	2	55	34	8
1x13	31	53	23	9	29	38	28
1x13	32	19	46	15	14	20	56
1x13	32	19	59	56	36	22	21
1x13	32	25	10	51	34	48	39
1x13	32	54	24	1	5	14	53
1x13	33	36	51	24	42	50	23
1x13	33	38	21	7	6	25	14
1x13	33	47	8	20	6	21	26
1x13	33	8	43	14	24	53	20
1x13	34	15	29	24	14	26	31
1x13	34	19	3	5	6	23	53
1x13	34	2	51	45	17	55	56
1x13	34	46	18	60	51	52	48
1x13	34	48	38	31	16	50	10
1x13	34	57	42	31	19	16	2
1x13	34	58	52	8	19	17	3
1x13	36	57	22	38	40	23	51
1x13	37	27	14	31	33	48	24
1x13	37	28	54	24	42	12	57
1x13	38	19	41	44	40	60	39
1x13	38	51	29	17	15	10	27
1x13	38	54	17	52	27	43	32
1x13	39	15	49	58	42	34	26
1x13	39	26	40	5	25	10	42
1x13	39	49	41	27	32	8	56
1x13	4	3	5	2	1	49	29
1x13	4	44	19	3	1	11	22
1x13	4	5	36	31	8	3	6
1x13	40	45	36	5	59	29	16
1x13	40	48	29	58	3	27	52
1x13	40	50	3	46	57	10	41
1x13	41	17	21	49	44	33	28
1x13	41	47	39	11	57	37	44
1x13	41	53	56	40	36	59	44
1x13	42	11	50	46	44	41	49
1x13	42	39	35	45	14	2	21
1x13	42	8	32	41	49	3	51
1x13	43	18	57	29	23	12	37
1x13	43	6	57	41	49	8	17
1x13	44	1	59	50	49	48	57
1x13	44	12	30	53	14	58	41
1x13	44	18	28	17	21	54	15
1x13	44	3	24	35	57	56	38
1x13	44	48	20	41	29	50	40
1x13	44	6	51	29	8	35	14
1x13	45	32	51	22	53	50	48
1x13	46	14	32	36	3	58	49
1x13	46	23	11	35	44	19	56
1x13	46	27	22	36	49	14	29
1x13	46	36	56	43	7	29	55
1x13	46	55	31	5	7	27	36
1x13	47	55	16	20	8	21	43
1x13	48	57	29	17	14	60	23
1x13	49	15	1	48	36	57	35
1x13	49	15	7	41	18	22	5
1x13	49	24	25	10	59	35	31
1x13	49	36	43	44	57	35	10
1x13	49	60	41	5	19	25	4
1x13	5	21	43	12	6	41	49
1x13	50	12	32	30	58	53	41
1x13	50	38	12	43	55	39	29
1x13	50	49	33	5	54	35	44
1x13	51	48	22	46	35	2	60
1x13	51	53	33	12	16	42	5
1x13	52	19	22	58	7	4	49
1x13	52	20	17	51	4	42	57
1x13	52	3	29	57	46	14	49
1x13	53	33	45	9	43	16	49
1x13	53	50	33	54	49	55	19
1x13	54	38	36	31	45	50	6
1x13	54	4	19	51	7	23	26
1x13	54	53	29	16	15	35	26
1x13	54	53	59	42	25	20	16
1x13	54	56	21	17	23	20	47
1x13	54	59	52	37	15	45	11
1x13	55	1	17	6	3	53	49
1x13	57	48	23	16	35	2	9
1x13	58	16	47	26	18	57	60
1x13	58	3	25	43	19	60	22
1x13	58	51	25	23	7	45	26
1x13	59	16	15	45	11	10	37
1x13	59	32	39	9	40	19	26
1x13	59	49	34	32	43	57	38
1x13	6	32	54	47	60	14	55
1x13	6	32	7	17	4	53	9
1x13	6	38	10	55	37	57	12
1x13	6	56	9	16	42	35	2
1x13	6	60	21	30	16	18	44
1x13	60	31	24	42	41	50	4
1x13	60	34	21	39	48	18	55
1x13	7	2	41	22	10	45	58
1x13	7	37	48	31	19	33	57
1x13	7	41	39	42	23	22	26
1x13	7	56	16	41	45	39	20
1x13	8	18	9	39	30	1	48
1x14	1	50	31	19	59	27	48
1x14	10	25	52	28	40	33	15
1x14	10	8	53	40	56	34	38
1x14	11	10	15	22	56	42	25
1x14	11	3	45	46	40	8	30
1x14	12	35	24	1	10	9	52
1x14	12	46	53	28	56	29	8
1x14	13	18	59	50	7	2	1
1x14	13	60	17	7	20	59	54
1x14	15	12	44	38	40	16	6
1x14	15	27	58	26	30	22	46
1x14	15	29	37	49	60	3	33
1x14	15	47	7	45	17	22	36
1x14	16	23	32	20	37	47	48
1x14	16	40	18	2	6	24	30
1x14	16	52	7	60	58	47	12
1x14	16	55	34	28	56	18	36
1x14	17	21	6	52	53	59	54
1x14	17	42	35	39	52	36	11
1x14	17	9	43	29	24	38	40
1x14	18	15	50	25	43	54	55
1x14	18	22	56	38	57	2	29
1x14	18	32	30	10	39	45	26
1x14	18	33	17	6	50	42	7
1x14	19	34	43	47	51	23	26
1x14	19	4	2	60	52	42	10
1x14	19	56	41	9	43	60	39
1x14	19	58	20	40	7	59	52
1x14	2	11	50	20	24	52	5
1x14	2	28	19	16	10	8	60
1x14	2	52	20	30	12	57	27
1x14	20	10	24	60	48	35	53
1x14	20	26	49	46	48	52	6
1x14	20	31	37	7	21	18	53
1x14	20	39	29	25	46	35	33
1x14	20	43	50	59	36	1	16
1x14	20	54	55	12	34	1	40
1x14	21	32	20	47	56	25	10
1x14	21	35	29	42	12	2	16
1x14	21	44	59	25	48	16	3
1x14	22	1	60	34	54	24	28
1x14	22	11	32	1	33	34	38
1x14	22	13	41	46	56	5	27
1x14	22	34	29	43	15	42	47
1x14	22	60	55	35	47	33	57
1x14	23	24	20	42	30	15	34
1x14	23	44	48	5	54	57	40
1x14	23	45	15	37	1	26	25
1x14	24	19	38	30	17	55	10
1x14	24	2	1	23	36	5	25
1x14	24	38	26	55	44	13	19
1x14	24	58	50	47	9	4	30
1x14	25	29	6	50	17	20	35
1x14	25	35	38	21	1	41	42
1x14	25	42	50	47	13	56	52
1x14	25	48	43	51	23	29	44
1x14	25	5	40	26	3	35	18
1x14	26	13	27	7	4	11	3
1x14	27	12	19	20	54	42	23
1x14	28	10	17	56	2	3	5
1x14	28	17	45	30	23	3	59
1x14	28	4	49	23	19	41	25
1x14	28	60	36	31	33	22	29
1x14	29	20	34	31	49	43	9
1x14	29	39	31	22	36	49	24
1x14	29	45	31	55	28	9	21
1x14	3	13	43	33	53	27	16
1x14	3	47	39	46	57	55	1
1x14	3	50	13	6	30	7	25
1x14	30	17	54	23	26	59	27
1x14	30	44	13	43	23	56	32
1x14	31	33	47	12	8	34	1
1x14	31	40	39	57	33	46	20
1x14	31	42	44	24	51	1	30
1x14	31	50	11	57	29	15	9
1x14	31	55	58	41	5	34	21
1x14	32	1	30	9	55	26	7
1x14	32	49	8	30	9	37	3
1x14	32	52	50	44	15	5	28
1x14	32	58	43	11	45	47	1
1x14	33	44	12	7	1	2	26
1x14	33	48	3	26	9	22	32
1x14	33	9	49	35	10	56	60
1x14	34	28	29	31	45	16	24
1x14	35	38	46	31	57	27	42
1x14	35	49	3	20	10	21	57
1x14	35	50	22	21	24	20	43
1x14	36	21	6	25	17	39	58
1x14	36	24	16	3	58	26	43
1x14	36	27	50	29	38	41	47
1x14	36	47	57	8	54	42	17
1x14	36	7	26	1	37	60	51
1x14	37	12	24	46	32	17	7
1x14	38	25	53	10	44	22	59
1x14	38	26	3	10	20	60	46
1x14	38	28	18	55	47	58	13
1x14	38	50	39	7	44	48	3
1x14	38	52	6	26	19	28	47
1x14	38	57	58	5	21	16	42
1x14	39	5	16	9	4	54	36
1x14	4	30	48	39	31	35	21
1x14	40	32	56	13	57	18	51
1x14	40	33	47	48	16	28	7
1x14	40	44	15	21	25	24	13
1x14	42	6	45	58	13	51	11
1x14	43	30	3	18	9	26	16
1x14	43	30	53	36	58	56	10
1x14	43	34	53	33	28	51	20
1x14	44	29	9	7	25	52	16
1x14	45	31	59	19	24	17	36
1x14	45	41	7	36	32	34	26
1x14	45	48	9	21	57	7	54
1x14	46	57	60	6	35	54	13
1x14	47	23	57	9	53	45	41
1x14	47	32	13	10	58	46	36
1x14	47	34	51	6	52	21	33
1x14	47	37	33	20	48	5	10
1x14	47	49	25	19	42	15	18
1x14	47	8	26	16	2	35	45
1x14	48	41	60	46	1	3	10
1x14	48	43	15	52	19	20	39
1x14	48	44	5	34	8	32	47
1x14	48	5	28	3	17	11	51
1x14	49	1	36	11	19	53	54
1x14	49	29	25	18	35	5	13
1x14	5	13	12	4	50	9	47
1x14	5	29	9	20	50	45	18
1x14	5	3	42	40	12	4	50
1x14	5	48	52	23	38	58	45
1x14	5	54	52	25	23	40	55
1x14	50	3	28	53	8	60	51
1x14	50	46	56	12	52	35	33
1x14	51	10	23	21	46	30	16
1x14	51	12	11	53	18	3	16
1x14	51	6	52	19	45	24	59
1x14	52	19	15	30	47	29	57
1x14	52	40	5	7	54	26	47
1x14	52	44	49	55	22	15	41
1x14	52	47	15	21	24	32	16
1x14	52	9	18	20	12	37	41
1x14	53	35	3	20	5	16	22
1x14	54	15	33	39	3	12	8
1x14	54	27	13	15	41	42	37
1x14	54	32	7	55	9	49	10
1x14	54	49	21	44	42	60	16
1x14	56	16	32	23	34	22	1
1x14	56	21	6	42	50	58	9
1x14	56	32	3	44	20	9	54
1x14	56	43	36	57	33	31	22
1x14	56	49	1	48	57	17	51
1x14	57	18	15	29	49	52	30
1x14	57	35	21	4	20	44	49
1x14	57	40	32	31	12	45	23
1x14	57	41	58	42	30	26	11
1x14	57	51	54	7	36	31	28
1x14	58	1	39	5	52	15	23
1x14	58	30	45	29	43	34	11
1x14	58	60	38	44	22	29	25
1x14	59	25	58	43	52	55	57
1x14	59	49	11	23	48	58	18
1x14	59	9	25	23	36	7	58
1x14	6	20	30	23	13	36	52
1x14	60	1	4	8	20	35	37
1x14	60	35	27	33	58	2	43
1x14	7	1	48	2	11	4	46
1x14	7	31	43	1	12	28	15
1x14	7	60	5	34	52	58	26
1x14	7	9	32	49	33	51	37
1x14	8	22	40	4	59	53	56
1x14	8	27	41	23	47	12	28
1x14	9	24	30	52	43	25	7
1x14	9	3	10	30	58	4	39
1x14	9	42	56	5	6	13	47
1x14	9	5	47	11	17	29	50
1x15	1	23	56	24	9	6	55
1x15	1	60	5	22	34	59	10
1x15	10	23	42	55	7	25	48
1x15	10	54	38	22	25	51	19
1x15	11	21	52	40	29	28	27
1x15	11	51	9	40	24	32	5
1x15	11	59	21	17	26	36	38
1x15	12	16	46	23	50	52	58
1x15	12	22	9	33	2	29	21
1x15	12	25	31	14	58	34	3
1x15	13	40	37	7	50	54	17
1x15	13	56	33	32	7	2	46
1x15	13	6	34	14	25	27	43
1x15	14	12	2	7	31	22	49
1x15	16	12	5	11	21	55	50
1x15	16	23	28	49	54	1	19
1x15	16	4	36	12	6	19	39
1x15	17	32	31	50	7	38	9
1x15	17	9	59	11	3	38	30
1x15	18	19	14	10	54	37	22
1x15	18	43	12	2	22	57	37
1x15	19	21	38	49	28	12	41
1x15	19	21	49	32	24	13	57
1x15	19	38	23	40	33	22	10
1x15	2	28	59	3	26	14	41
1x15	20	19	35	38	4	32	6
1x15	21	10	29	16	53	59	22
1x15	21	22	43	40	36	11	27
1x15	21	36	34	59	17	42	50
1x15	21	60	24	45	35	44	43
1x15	21	7	31	13	11	54	24
1x15	22	5	8	57	7	33	45
1x15	22	6	9	58	35	1	36
1x15	23	13	6	11	53	4	35
1x15	23	57	2	38	41	32	21
1x15	23	8	44	56	55	38	24
1x15	23	9	37	53	30	31	24
1x15	24	2	43	10	13	40	52
1x15	24	25	20	50	54	6	55
1x15	25	20	12	3	24	18	14
1x15	25	31	13	56	23	12	20
1x15	26	42	53	56	30	38	7
1x15	26	7	1	9	24	28	13
1x15	27	35	24	4	21	12	6
1x15	27	42	36	10	33	18	35
1x15	27	43	2	53	20	26	16
1x15	27	55	52	33	51	42	1
1x15	28	21	6	12	13	45	31
1x15	28	4	59	19	7	49	56
1x15	28	50	9	51	27	20	37
1x15	28	6	49	46	41	50	30
1x15	29	55	60	53	54	41	33
1x15	3	30	31	38	8	10	47
1x15	3	44	52	22	39	12	7
1x15	30	12	56	13	6	9	24
1x15	30	17	20	58	28	23	44
1x15	30	19	10	33	35	9	25
1x15	30	60	43	7	23	16	55
1x15	31	11	47	19	40	57	37
1x15	31	35	32	46	7	17	21
1x15	31	38	42	45	46	34	39
1x15	32	48	54	4	11	55	57
1x15	33	21	51	47	28	4	11
1x15	33	3	16	19	49	34	8
1x15	33	39	24	44	52	43	11
1x15	33	52	51	41	24	42	27
1x15	33	6	23	19	26	3	22
1x15	34	23	26	54	48	52	46
1x15	34	38	24	26	51	18	9
1x15	34	46	12	50	2	29	40
1x15	34	46	28	29	22	20	2
1x15	34	57	28	21	54	8	25
1x15	35	12	6	60	3	55	40
1x15	35	18	52	40	17	57	28
1x15	35	34	53	38	26	4	21
1x15	35	57	53	56	7	41	48
1x15	36	10	46	60	7	44	57
1x15	36	21	22	55	37	14	25
1x15	36	21	34	56	19	12	53
1x15	36	45	37	29	42	11	56
1x15	36	58	16	2	55	14	9
1x15	37	4	31	59	46	25	52
1x15	37	48	9	44	42	59	5
1x15	38	45	17	54	29	28	20
1x15	4	12	6	56	60	11	47
1x15	4	38	19	55	6	60	41
1x15	4	44	28	5	33	54	18
1x15	40	37	47	54	11	57	48
1x15	40	48	18	56	35	54	58
1x15	41	3	22	4	20	6	5
1x15	41	34	58	31	12	46	48
1x15	42	2	24	38	14	51	57
1x15	42	22	46	25	29	14	11
1x15	42	59	43	6	9	53	58
1x15	43	10	24	17	9	3	37
1x15	43	48	13	37	20	60	41
1x15	43	49	59	35	28	1	7
1x15	43	53	31	26	37	57	10
1x15	43	8	50	19	42	18	52
1x15	44	53	47	3	21	39	13
1x15	44	58	3	28	21	9	24
1x15	45	21	39	55	36	30	37
1x15	45	32	11	47	44	48	13
1x15	45	37	24	48	41	19	50
1x15	45	5	6	23	2	18	14
1x15	45	54	23	20	26	14	35
1x15	46	53	27	29	49	37	12
1x15	47	55	25	2	36	21	56
1x15	48	28	57	47	25	60	10
1x15	48	4	57	45	50	27	25
1x15	48	45	43	9	1	28	4
1x15	48	49	10	42	9	41	6
1x15	5	56	1	35	58	14	10
1x15	5	7	12	11	59	55	14
1x15	50	24	47	40	57	31	6
1x15	50	26	56	20	9	40	39
1x15	50	46	31	29	57	25	13
1x15	51	30	21	46	36	2	41
1x15	52	12	56	50	21	42	14
1x15	52	12	60	26	41	56	32
1x15	52	29	34	36	28	3	9
1x15	52	44	35	49	26	59	60
1x15	53	21	55	28	25	51	7
1x15	53	22	19	59	3	30	18
1x15	53	35	24	34	26	12	13
1x15	54	58	8	51	12	11	6
1x15	55	48	52	11	43	1	56
1x15	56	1	33	52	22	21	24
1x15	56	27	60	2	10	36	32
1x15	57	14	37	41	16	32	2
1x15	57	23	48	12	16	19	25
1x15	57	35	12	8	32	19	51
1x15	57	45	50	5	27	58	21
1x15	57	55	18	48	47	36	46
1x15	57	6	44	17	39	37	5
1x15	58	54	29	32	44	59	50
1x15	58	55	17	4	50	19	41
1x15	6	3	36	59	38	25	54
1x15	6	36	37	10	17	25	46
1x15	60	4	7	3	34	52	24
1x15	60	52	53	57	11	46	36
1x15	60	56	49	3	11	22	23
1x15	7	23	16	27	50	31	39
1x15	7	44	24	16	50	37	10
1x15	7	6	14	12	5	27	23
1x15	8	10	5	2	52	36	53
1x15	8	17	22	12	40	3	44
1x15	8	54	7	47	53	32	56
1x15	8	6	4	22	49	47	2
1x15	9	31	48	42	27	33	41
1x15	9	42	43	49	50	18	59
1x15	9	8	7	11	34	4	30
1x16	1	26	4	55	22	43	11
1x16	1	60	39	31	58	34	4
1x16	10	6	41	43	5	48	56
1x16	11	37	6	39	58	1	48
1x16	11	5	10	38	42	24	26
1x16	11	53	27	36	20	58	56
1x16	12	21	57	35	31	13	51
1x16	13	2	19	38	50	39	47
1x16	13	57	32	21	47	17	53
1x16	13	60	19	49	34	5	43
1x16	14	23	59	58	3	7	48
1x16	14	31	46	25	56	26	15
1x16	15	21	59	45	7	28	49
1x16	15	38	17	18	56	33	14
1x16	15	59	43	9	60	26	39
1x16	17	26	22	36	48	47	19
1x16	17	55	50	31	7	27	51
1x16	18	15	1	5	40	43	38
1x16	18	34	53	17	38	3	10
1x16	19	20	15	24	35	31	13
1x16	19	3	15	5	49	34	1
1x16	19	38	53	29	9	3	40
1x16	19	48	21	26	2	3	43
1x16	19	58	20	21	36	47	29
1x16	19	7	47	49	41	35	13
1x16	2	26	28	12	45	10	60
1x16	2	26	53	52	32	54	50
1x16	2	31	29	60	48	37	53
1x16	2	59	48	36	39	49	50
1x16	20	25	1	43	17	47	5
1x16	20	50	9	6	24	44	56
1x16	21	24	59	7	51	10	35
1x16	21	31	47	38	35	30	6
1x16	22	21	37	28	1	29	11
1x16	22	33	8	34	7	20	27
1x16	22	36	30	10	44	19	9
1x16	22	36	32	55	33	34	60
1x16	22	39	43	21	4	50	27
1x16	22	48	13	17	8	59	29
1x16	23	12	5	46	31	25	59
1x16	23	57	18	9	44	21	14
1x16	24	12	11	33	55	8	39
1x16	24	12	48	28	53	6	54
1x16	24	23	59	22	33	45	7
1x16	24	31	34	2	40	38	20
1x16	24	39	29	5	37	60	36
1x16	24	5	30	28	25	60	12
1x16	25	17	12	45	58	28	52
1x16	25	26	13	36	50	27	28
1x16	25	28	39	17	11	34	50
1x16	25	35	30	33	44	48	42
1x16	25	55	28	6	22	29	36
1x16	26	30	33	32	14	24	13
1x16	26	45	17	36	32	56	27
1x16	27	17	10	47	19	9	38
1x16	27	57	30	39	29	22	18
1x16	27	59	28	36	9	46	41
1x16	28	11	52	45	42	57	18
1x16	28	18	46	41	8	23	55
1x16	28	3	20	52	12	15	35
1x16	28	48	36	57	19	1	31
1x16	28	56	53	5	39	37	43
1x16	29	32	17	21	28	9	37
1x16	29	49	43	25	46	48	19
1x16	29	52	10	21	44	27	51
1x16	29	54	59	20	47	3	15
1x16	29	9	41	58	27	54	53
1x16	3	13	52	55	41	24	25
1x16	3	14	59	45	9	13	2
1x16	3	43	50	30	33	55	48
1x16	3	57	54	32	20	24	14
1x16	30	28	12	40	38	35	53
1x16	30	32	33	57	46	22	48
1x16	30	35	54	13	45	33	36
1x16	30	47	4	38	19	24	22
1x16	31	11	9	36	17	37	57
1x16	32	5	11	31	38	51	33
1x16	32	51	56	34	11	44	14
1x16	33	21	35	18	12	41	1
1x16	33	29	42	20	49	13	3
1x16	33	53	35	42	24	60	54
1x16	34	60	5	41	38	24	53
1x16	35	10	21	47	3	8	26
1x16	35	33	47	31	41	51	48
1x16	35	38	59	11	57	23	1
1x16	35	48	13	55	19	14	39
1x16	35	51	37	23	55	46	9
1x16	36	59	32	50	34	10	7
1x16	37	10	28	13	32	36	48
1x16	37	14	11	60	56	31	34
1x16	37	27	1	50	51	13	35
1x16	37	34	48	19	52	49	17
1x16	37	39	48	54	14	7	50
1x16	38	10	31	6	12	27	7
1x16	39	18	56	37	29	17	27
1x16	39	25	42	47	15	48	29
1x16	39	40	56	47	34	60	53
1x16	39	51	3	59	18	5	21
1x16	4	12	58	52	28	10	42
1x16	4	24	41	50	11	28	25
1x16	4	35	12	32	60	58	8
1x16	4	38	48	10	8	2	39
1x16	4	42	39	19	5	43	12
1x16	4	49	32	31	23	28	37
1x16	4	53	43	39	47	25	57
1x16	40	50	44	59	43	12	37
1x16	41	24	29	53	32	48	43
1x16	41	47	30	48	27	39	31
1x16	41	57	31	47	49	44	22
1x16	42	33	41	44	52	36	3
1x16	42	53	20	17	58	38	4
1x16	42	56	45	32	55	38	26
1x16	43	29	28	46	53	24	8
1x16	43	4	55	53	8	24	56
1x16	43	59	56	15	30	48	53
1x16	43	59	57	18	34	14	41
1x16	43	9	40	19	35	23	25
1x16	43	9	40	36	22	49	8
1x16	44	45	13	14	54	20	1
1x16	44	55	41	11	35	49	33
1x16	45	14	1	8	42	57	5
1x16	45	2	60	10	34	23	40
1x16	45	29	54	14	13	56	40
1x16	47	53	24	42	60	37	33
1x16	47	9	43	2	6	27	46
1x16	48	1	47	15	19	54	51
1x16	48	26	60	18	37	5	38
1x16	48	32	14	22	55	57	53
1x16	48	36	29	14	56	57	2
1x16	49	32	18	21	60	22	17
1x16	49	32	8	45	56	34	21
1x16	49	37	58	7	35	27	5
1x16	49	54	25	9	10	45	7
1x16	5	3	13	31	21	17	53
1x16	5	31	2	37	56	11	28
1x16	5	33	7	46	1	36	14
1x16	50	10	6	58	38	46	56
1x16	50	53	38	60	22	25	43
1x16	52	55	31	6	3	50	29
1x16	52	59	28	23	21	44	8
1x16	53	21	40	20	9	10	17
1x16	53	49	17	11	4	58	56
1x16	53	57	20	18	46	11	43
1x16	53	8	12	49	6	48	22
1x16	54	17	57	8	35	48	23
1x16	54	19	27	40	48	45	50
1x16	54	5	10	3	60	45	13
1x16	54	53	44	46	32	6	52
1x16	55	14	11	38	31	43	7
1x16	56	40	22	33	36	25	14
1x16	57	15	46	25	55	28	42
1x16	57	25	50	20	22	15	6
1x16	57	54	14	43	46	55	25
1x16	58	44	55	3	2	15	60
1x16	59	3	38	28	44	51	26
1x16	59	46	17	7	52	24	39
1x16	59	7	15	35	53	47	2
1x16	6	12	43	7	44	32	33
1x16	6	23	45	31	50	21	22
1x16	6	8	10	3	41	59	5
1x16	60	13	43	44	25	54	29
1x16	60	18	27	15	53	34	21
1x16	60	28	9	31	47	18	27
1x16	60	42	58	48	40	44	8
1x16	7	45	51	50	57	58	15
1x16	8	27	47	9	52	41	25
1x16	8	48	42	59	12	31	33
1x16	9	14	2	52	48	49	37
1x16	9	38	12	22	57	15	31
1x16	9	4	50	32	1	33	13
1x16	9	47	8	24	20	46	5
1x16	9	48	37	33	11	36	47
1x17	1	32	35	57	18	30	9
1x17	10	21	29	50	32	40	7
1x17	10	23	4	36	39	49	26
1x17	10	24	52	50	13	29	16
1x17	10	25	49	34	59	57	39
1x17	10	28	54	40	5	6	43
1x17	11	27	55	53	37	7	29
1x17	12	10	50	34	18	42	19
1x17	12	13	25	46	15	41	52
1x17	12	18	5	14	16	42	2
1x17	13	23	1	53	44	38	26
1x17	14	42	32	36	25	23	26
1x17	15	12	36	21	33	14	10
1x17	16	11	23	12	27	40	57
1x17	16	22	55	60	12	24	49
1x17	16	26	10	20	50	47	51
1x17	16	59	23	29	54	40	11
1x17	18	49	5	21	29	6	54
1x17	19	13	34	42	38	47	21
1x17	19	56	36	28	16	43	52
1x17	2	11	33	24	5	8	50
1x17	2	21	50	41	12	28	7
1x17	2	22	58	27	18	48	39
1x17	2	47	7	37	44	48	18
1x17	20	10	4	50	36	37	60
1x17	20	22	9	5	3	59	31
1x17	20	58	11	53	40	47	48
1x17	21	29	11	35	24	54	6
1x17	21	60	54	45	10	50	36
1x17	22	26	57	38	23	50	18
1x17	22	35	6	19	46	33	56
1x17	22	52	19	25	53	60	14
1x17	23	1	31	24	16	50	12
1x17	23	14	54	49	48	39	33
1x17	23	2	24	57	15	41	54
1x17	23	37	16	7	33	19	48
1x17	23	60	8	5	20	33	29
1x17	24	31	33	7	29	26	10
1x17	24	35	50	9	4	31	27
1x17	25	2	29	33	4	20	38
1x17	25	20	2	36	54	42	30
1x17	25	22	43	14	28	24	57
1x17	25	38	58	41	21	48	5
1x17	25	56	28	51	9	15	4
1x17	25	7	34	60	16	47	22
1x17	26	11	59	14	12	22	23
1x17	26	35	58	11	27	2	48
1x17	26	51	29	57	48	32	5
1x17	26	6	49	2	15	9	46
1x17	27	19	21	56	25	59	39
1x17	27	19	25	53	31	45	32
1x17	27	30	4	42	36	22	18
1x17	27	38	34	4	46	48	16
1x17	28	3	53	38	42	7	45
1x17	28	42	56	33	24	34	23
1x17	3	12	34	46	52	11	16
1x17	3	49	43	30	32	38	39
1x17	3	49	9	40	21	13	60
1x17	3	59	58	14	4	19	37
1x17	30	40	6	11	14	20	9
1x17	31	18	24	39	22	60	25
1x17	31	25	33	45	21	27	42
1x17	31	35	11	34	4	44	38
1x17	31	45	2	21	23	19	20
1x17	32	37	60	29	19	47	43
1x17	33	54	51	11	4	45	57
1x17	34	31	16	6	46	60	29
1x17	35	28	27	13	58	11	3
1x17	35	28	45	54	3	38	21
1x17	35	3	11	54	40	38	25
1x17	35	32	26	40	41	31	28
1x17	35	41	49	39	12	48	28
1x17	36	21	2	49	11	56	29
1x17	36	6	20	59	3	16	47
1x17	37	2	9	41	60	26	15
1x17	37	25	28	12	50	13	22
1x17	38	16	54	52	12	26	33
1x17	39	11	38	5	57	26	2
1x17	39	24	27	35	36	52	2
1x17	4	15	12	41	54	10	28
1x17	4	15	14	47	45	20	11
1x17	4	28	12	60	53	42	37
1x17	4	28	31	43	26	60	57
1x17	4	32	11	15	24	57	54
1x17	4	43	14	51	2	23	12
1x17	4	43	15	46	39	37	12
1x17	40	3	30	1	36	16	9
1x17	40	31	14	44	5	58	50
1x17	40	33	30	59	11	60	51
1x17	40	42	29	50	38	15	34
1x17	40	9	34	5	23	22	60
1x17	42	2	39	7	49	10	14
1x17	42	50	22	51	52	29	57
1x17	43	11	29	1	2	9	27
1x17	43	40	1	22	36	50	31
1x17	45	38	44	18	55	14	23
1x17	45	40	36	24	53	25	30
1x17	45	59	37	15	6	7	3
1x17	46	15	5	19	23	58	9
1x17	46	18	30	59	12	54	14
1x17	46	37	34	18	54	51	1
1x17	47	21	49	8	6	35	14
1x17	47	25	14	48	56	42	24
1x17	47	32	7	25	16	1	20
1x17	47	38	22	41	26	33	54
1x17	47	41	16	49	58	1	28
1x17	47	43	52	2	32	49	21
1x17	47	51	49	13	56	39	46
1x17	47	52	45	51	2	25	21
1x17	48	13	3	41	42	15	51
1x17	48	30	13	27	39	53	20
1x17	48	34	26	33	28	12	42
1x17	48	35	18	3	30	13	27
1x17	49	18	25	43	31	12	36
1x17	5	16	12	37	1	47	39
1x17	5	29	34	41	37	33	35
1x17	5	35	48	42	56	51	28
1x17	5	43	54	10	19	52	29
1x17	50	10	25	18	9	43	48
1x17	50	20	21	1	56	4	45
1x17	50	38	42	46	12	55	31
1x17	50	40	44	2	34	16	57
1x17	50	9	60	39	36	40	29
1x17	51	54	7	35	57	16	33
1x17	52	15	6	30	1	59	16
1x17	52	19	26	43	33	7	36
1x17	52	2	48	58	55	44	39
1x17	52	23	50	9	51	3	1
1x17	52	47	41	49	31	25	42
1x17	53	24	20	18	42	21	7
1x17	53	35	48	29	54	50	10
1x17	53	51	27	36	43	18	22
1x17	53	55	5	29	25	42	14
1x17	53	56	4	52	2	14	28
1x17	53	9	20	21	49	26	58
1x17	54	44	47	51	43	13	26
1x17	55	14	44	25	28	6	58
1x17	55	23	11	54	37	46	8
1x17	55	49	19	15	54	45	25
1x17	55	5	18	45	13	53	41
1x17	55	53	3	28	21	29	56
1x17	55	53	9	14	49	35	41
1x17	55	9	14	47	29	5	50
1x17	56	12	59	14	41	39	9
1x17	57	1	48	12	5	31	53
1x17	57	13	2	16	36	21	31
1x17	57	20	28	10	7	52	11
1x17	58	14	60	26	24	48	3
1x17	58	21	52	12	51	57	46
1x17	58	4	15	40	25	13	29
1x17	58	4	16	27	40	42	5
1x17	58	56	43	53	24	50	33
1x17	58	6	56	40	15	12	55
1x17	59	7	60	26	57	6	45
1x17	6	30	54	3	14	24	25
1x17	6	51	2	35	14	39	5
1x17	6	58	31	37	16	59	54
1x17	6	60	1	25	53	51	36
1x17	60	21	48	56	8	10	24
1x17	60	28	21	19	14	18	16
1x17	60	41	58	8	14	43	37
1x17	7	4	40	32	9	48	24
1x17	7	46	51	59	27	32	4
1x17	8	20	48	57	34	18	10
1x17	8	47	15	43	51	38	48
1x17	8	5	43	39	15	10	7
1x17	9	11	19	35	25	1	54
1x17	9	21	29	30	36	19	22
1x17	9	40	33	15	38	32	46
1x17	9	42	12	59	20	31	55
1x17	9	46	19	51	30	59	41
1x17	9	7	51	29	30	8	45
1x18	1	32	30	31	13	54	5
1x18	1	42	3	56	15	8	52
1x18	1	9	15	57	16	56	38
1x18	10	47	32	1	59	7	23
1x18	11	53	48	38	50	33	23
1x18	11	57	43	45	46	29	21
1x18	12	21	51	17	24	55	9
1x18	12	34	10	43	45	47	6
1x18	13	29	15	39	28	7	4
1x18	13	37	25	33	47	21	50
1x18	13	9	10	7	14	8	39
1x18	14	2	17	15	28	19	31
1x18	14	40	1	41	31	8	27
1x18	14	46	27	4	7	36	20
1x18	14	6	50	3	49	24	32
1x18	15	17	19	40	13	12	5
1x18	15	20	24	51	5	3	47
1x18	15	22	23	10	21	27	1
1x18	16	26	56	46	51	31	9
1x18	16	28	57	12	46	21	48
1x18	16	31	42	58	40	54	51
1x18	17	1	26	12	20	24	39
1x18	17	4	52	16	31	43	44
1x18	17	5	54	41	32	45	34
1x18	17	8	14	31	12	34	24
1x18	19	39	49	34	31	25	1
1x18	19	59	30	25	54	45	13
1x18	19	8	39	50	10	24	37
1x18	2	14	32	26	11	42	22
1x18	2	17	30	5	55	27	59
1x18	2	28	16	56	1	58	44
1x18	2	39	53	13	35	27	40
1x18	21	27	17	56	24	47	58
1x18	21	46	26	45	31	42	48
1x18	21	52	3	50	16	22	1
1x18	22	13	2	11	12	9	1
1x18	22	21	19	1	30	51	55
1x18	22	27	26	60	36	13	28
1x18	22	34	54	14	49	42	21
1x18	22	39	50	56	47	4	8
1x18	22	53	31	27	4	1	51
1x18	23	12	59	2	24	17	14
1x18	23	21	25	37	30	56	31
1x18	23	48	9	32	13	24	3
1x18	23	49	19	4	24	31	38
1x18	23	58	29	34	30	27	37
1x18	24	12	3	33	53	21	32
1x18	24	38	40	43	45	20	44
1x18	24	47	44	43	48	36	35
1x18	25	21	39	55	6	1	4
1x18	25	22	57	59	41	27	19
1x18	25	24	17	50	54	14	9
1x18	26	1	34	16	33	43	5
1x18	27	55	37	13	4	6	59
1x18	27	60	37	55	57	54	45
1x18	28	48	52	29	37	27	54
1x18	28	59	41	2	32	46	15
1x18	29	20	7	11	52	5	25
1x18	29	60	45	47	31	24	34
1x18	3	20	46	11	1	21	49
1x18	3	5	45	35	40	34	38
1x18	30	46	19	14	27	10	55
1x18	31	2	4	46	20	39	26
1x18	31	37	22	33	4	46	30
1x18	32	14	1	34	17	58	6
1x18	32	4	59	7	24	37	54
1x18	33	10	31	60	6	52	47
1x18	33	2	10	35	58	9	27
1x18	34	36	19	17	45	40	44
1x18	34	7	53	38	16	13	58
1x18	34	8	37	42	54	17	46
1x18	35	21	1	56	26	49	55
1x18	35	33	46	59	14	42	45
1x18	35	33	47	21	25	17	55
1x18	35	41	10	32	28	21	25
1x18	36	30	33	10	51	8	16
1x18	36	37	22	23	6	59	1
1x18	37	1	8	16	22	23	31
1x18	37	20	43	21	34	2	3
1x18	37	22	6	24	45	11	55
1x18	38	2	5	45	25	14	49
1x18	38	33	11	24	44	52	57
1x18	38	50	35	10	46	15	48
1x18	38	8	25	51	41	2	46
1x18	39	19	9	31	56	53	37
1x18	39	21	48	12	55	16	20
1x18	39	49	42	2	5	19	40
1x18	4	39	1	43	27	10	55
1x18	4	57	36	59	22	45	2
1x18	40	24	44	14	23	42	4
1x18	40	28	3	50	20	49	30
1x18	40	44	2	43	7	48	57
1x18	40	51	5	43	45	9	13
1x18	41	20	42	60	51	10	16
1x18	41	42	25	57	33	45	21
1x18	41	52	21	22	28	44	17
1x18	42	10	48	32	28	31	53
1x18	42	12	16	21	39	51	17
1x18	42	23	15	10	5	4	56
1x18	42	58	57	4	50	45	3
1x18	43	10	41	5	57	39	50
1x18	43	19	3	41	2	39	7
1x18	43	31	51	4	26	45	47
1x18	43	39	44	36	58	26	46
1x18	44	22	45	35	38	26	40
1x18	44	23	2	16	13	47	4
1x18	44	41	22	15	34	9	25
1x18	44	6	22	59	55	11	30
1x18	45	21	10	30	43	55	6
1x18	45	43	34	10	29	24	22
1x18	45	55	43	16	57	50	3
1x18	45	9	42	55	58	25	47
1x18	46	21	37	40	9	22	49
1x18	46	42	40	11	56	59	45
1x18	46	7	6	41	45	22	34
1x18	46	8	39	37	35	28	17
1x18	47	43	31	8	46	6	2
1x18	47	56	12	49	35	51	50
1x18	47	57	27	21	56	15	53
1x18	48	31	6	21	45	9	52
1x18	48	38	45	8	58	50	60
1x18	49	13	15	21	6	30	23
1x18	49	25	34	15	19	24	26
1x18	49	3	30	40	47	23	41
1x18	49	4	22	13	40	45	1
1x18	49	46	57	52	60	48	3
1x18	5	21	50	52	48	23	59
1x18	5	56	51	19	31	9	46
1x18	50	10	53	60	34	3	22
1x18	50	43	15	52	26	17	9
1x18	50	55	39	41	23	12	29
1x18	50	57	13	34	52	46	31
1x18	51	36	23	56	25	35	20
1x18	52	1	58	57	37	4	35
1x18	52	28	55	36	25	33	35
1x18	52	37	25	58	40	11	22
1x18	53	41	33	28	26	17	23
1x18	53	41	49	19	12	24	50
1x18	53	7	56	54	29	3	34
1x18	54	34	28	42	52	45	9
1x18	54	46	19	14	35	40	5
1x18	55	10	47	29	16	15	41
1x18	55	20	33	48	6	7	24
1x18	55	35	52	57	7	15	43
1x18	55	39	28	4	22	8	37
1x18	56	10	33	13	59	46	5
1x18	56	46	37	42	11	40	52
1x18	57	11	6	22	21	36	20
1x18	57	58	40	32	26	34	36
1x18	58	13	24	35	20	26	55
1x18	58	57	51	15	32	4	10
1x18	58	8	7	13	23	1	35
1x18	59	38	22	8	28	13	60
1x18	59	54	58	24	27	14	33
1x18	59	8	23	1	36	50	25
1x18	6	23	49	16	12	45	25
1x18	6	25	14	11	49	34	5
1x18	6	25	5	24	32	58	14
1x18	6	29	37	23	30	60	27
1x18	6	45	17	1	41	43	13
1x18	60	13	40	21	22	6	53
1x18	60	42	2	29	45	10	11
1x18	60	42	44	8	35	53	21
1x18	7	29	25	15	3	54	19
1x18	7	53	26	9	56	58	27
1x18	8	17	12	22	32	28	51
1x18	8	26	52	16	40	45	22
1x18	8	49	29	14	9	23	1
1x18	9	3	17	19	57	52	40
1x19	1	26	3	40	15	30	45
1x19	1	5	44	3	29	18	25
1x19	10	23	56	22	37	39	36
1x19	10	59	47	45	48	22	21
1x19	10	60	27	26	18	29	52
1x19	11	10	22	14	29	38	50
1x19	11	34	44	25	35	13	38
1x19	11	36	7	46	32	29	58
1x19	11	56	41	28	4	47	34
1x19	12	3	1	48	41	15	2
1x19	12	32	29	47	51	11	21
1x19	12	49	39	14	37	10	38
1x19	12	7	34	30	32	56	50
1x19	13	11	6	34	53	59	26
1x19	13	23	24	40	14	43	18
1x19	13	27	29	24	8	9	48
1x19	14	41	35	17	16	33	27
1x19	14	50	31	40	57	1	44
1x19	14	55	25	36	8	44	58
1x19	15	13	4	21	40	36	3
1x19	16	2	24	4	6	35	15
1x19	16	31	43	49	6	4	27
1x19	16	37	28	27	25	22	14
1x19	17	10	22	6	13	11	59
1x19	17	46	16	58	23	27	25
1x19	17	46	34	60	29	44	28
1x19	17	9	33	23	13	7	25
1x19	17	9	44	10	15	2	58
1x19	18	14	58	17	26	12	37
1x19	18	25	54	38	56	6	42
1x19	18	4	1	33	40	36	23
1x19	2	13	60	15	51	9	54
1x19	2	44	24	48	21	50	56
1x19	2	53	3	55	36	10	28
1x19	20	11	12	50	18	2	9
1x19	20	40	53	47	17	59	3
1x19	20	43	32	55	44	26	12
1x19	20	49	3	18	8	59	28
1x19	21	29	4	2	39	38	55
1x19	21	57	1	52	20	12	23
1x19	21	9	44	22	48	31	52
1x19	22	17	11	29	53	46	59
1x19	22	17	36	46	34	7	27
1x19	22	2	3	4	40	44	56
1x19	22	28	23	36	26	51	53
1x19	22	28	54	2	10	26	55
1x19	22	3	20	2	46	45	37
1x19	22	43	11	5	21	15	47
1x19	22	48	24	42	38	52	35
1x19	22	57	29	21	17	45	47
1x19	23	24	42	39	34	33	26
1x19	23	53	29	37	39	22	14
1x19	24	14	48	17	55	54	46
1x19	24	39	10	42	9	27	40
1x19	26	47	41	28	8	11	20
1x19	27	22	56	30	57	45	5
1x19	27	40	44	9	31	4	30
1x19	27	43	59	34	38	28	39
1x19	27	5	33	41	15	30	26
1x19	27	9	44	2	56	20	45
1x19	28	33	57	36	15	41	29
1x19	28	55	32	42	50	44	33
1x19	29	23	26	38	20	43	14
1x19	3	31	1	50	20	46	13
1x19	3	54	11	15	27	18	26
1x19	30	15	5	54	20	43	10
1x19	30	18	8	32	56	41	45
1x19	31	13	53	59	45	3	6
1x19	31	22	11	29	35	59	47
1x19	31	4	26	16	7	40	17
1x19	31	42	12	28	16	33	50
1x19	31	57	59	27	18	60	23
1x19	32	33	7	26	9	16	47
1x19	32	43	45	59	58	7	4
1x19	32	58	35	33	37	22	12
1x19	33	20	42	18	8	11	2
1x19	33	51	15	44	29	27	49
1x19	34	57	59	28	24	49	13
1x19	35	20	12	14	29	16	57
1x19	35	29	54	31	47	20	25
1x19	36	20	25	37	58	23	24
1x19	36	25	33	57	44	40	60
1x19	36	27	35	45	22	8	23
1x19	36	35	11	44	10	22	39
1x19	37	46	35	8	51	47	13
1x19	37	7	36	18	5	35	41
1x19	39	12	44	10	52	6	24
1x19	39	28	51	11	38	43	12
1x19	39	50	10	18	56	22	53
1x19	40	41	39	44	53	22	37
1x19	40	57	24	60	42	25	52
1x19	41	6	34	11	23	40	32
1x19	42	20	26	31	34	7	46
1x19	42	31	32	27	45	17	30
1x19	42	49	35	46	22	60	5
1x19	42	7	59	26	22	39	10
1x19	42	9	10	52	54	37	34
1x19	43	10	32	28	47	18	26
1x19	43	12	15	52	34	47	7
1x19	43	27	42	6	15	46	54
1x19	43	3	22	17	28	47	55
1x19	43	50	15	30	32	36	56
1x19	44	50	58	32	6	9	18
1x19	45	4	2	53	1	34	36
1x19	46	11	41	24	39	15	35
1x19	46	26	48	58	60	31	57
1x19	46	57	58	10	45	2	11
1x19	46	9	18	44	24	51	38
1x19	47	21	8	38	37	35	6
1x19	47	28	49	46	20	6	5
1x19	47	48	18	39	60	56	23
1x19	47	56	34	38	51	21	17
1x19	49	14	56	5	27	59	3
1x19	49	38	17	7	30	48	24
1x19	49	45	44	20	16	54	41
1x19	49	46	52	55	27	59	37
1x19	49	51	7	45	11	12	48
1x19	5	11	50	48	22	55	54
1x19	5	21	2	17	48	30	53
1x19	5	34	50	25	28	32	42
1x19	5	4	40	29	42	10	35
1x19	50	48	25	26	10	51	23
1x19	50	49	57	31	34	43	21
1x19	52	3	55	31	12	38	29
1x19	52	34	47	44	59	8	50
1x19	52	39	44	41	15	1	48
1x19	52	41	13	49	3	58	14
1x19	52	41	15	22	21	1	37
1x19	52	56	10	12	30	4	18
1x19	53	34	48	5	25	38	18
1x19	53	38	17	1	37	29	2
1x19	53	9	11	7	5	42	49
1x19	54	16	6	4	51	57	42
1x19	54	27	26	45	21	58	43
1x19	54	31	6	35	60	41	43
1x19	56	12	5	58	44	47	9
1x19	56	2	42	10	17	3	45
1x19	56	28	4	25	42	17	33
1x19	56	52	58	22	4	55	41
1x19	56	57	53	48	50	43	37
1x19	57	20	4	21	41	26	3
1x19	58	13	30	16	22	25	15
1x19	58	15	22	24	52	32	50
1x19	58	25	52	28	44	15	31
1x19	59	10	44	58	23	6	2
1x19	59	22	49	4	32	53	47
1x19	59	23	41	55	43	49	20
1x19	59	58	36	23	60	48	5
1x19	6	23	35	24	27	40	45
1x19	6	3	23	12	24	25	20
1x19	6	51	15	43	13	7	25
1x19	60	1	33	12	27	18	14
1x19	60	23	55	51	33	43	26
1x19	7	21	48	11	35	33	24
1x19	7	43	21	13	4	32	48
1x19	7	50	10	13	11	48	23
1x19	8	2	27	48	34	11	22
1x19	8	51	47	12	5	59	9
1x19	9	56	55	1	51	27	15
1x2	1	22	16	24	59	35	49
1x2	1	34	13	59	17	52	10
1x2	1	7	50	52	59	60	18
1x2	10	42	14	33	38	32	56
1x2	10	58	24	43	30	52	57
1x2	10	59	49	22	51	39	48
1x2	10	9	14	58	37	35	30
1x2	12	44	19	55	27	35	18
1x2	13	32	44	21	15	31	7
1x2	13	4	43	16	20	17	7
1x2	13	4	49	9	23	31	29
1x2	13	49	19	45	59	50	1
1x2	13	56	49	36	59	22	9
1x2	14	41	53	33	59	40	52
1x2	15	19	44	50	24	1	35
1x2	16	1	51	53	48	5	29
1x2	16	37	11	43	9	60	13
1x2	17	14	28	5	36	1	20
1x2	17	30	50	59	1	56	26
1x2	17	5	37	3	56	21	33
1x2	18	16	24	6	35	5	15
1x2	18	22	45	60	23	13	1
1x2	18	28	53	38	25	9	16
1x2	19	60	22	24	26	57	51
1x2	20	1	46	30	28	13	10
1x2	20	11	22	41	44	43	45
1x2	20	58	49	22	47	16	38
1x2	22	11	36	20	26	43	27
1x2	22	23	56	47	49	54	12
1x2	22	28	29	19	9	51	18
1x2	22	39	32	41	30	48	27
1x2	22	6	48	29	57	12	51
1x2	23	48	38	14	57	31	18
1x2	23	48	51	9	29	31	19
1x2	23	60	37	1	10	30	34
1x2	24	28	14	45	4	50	30
1x2	24	33	26	34	22	8	38
1x2	24	4	11	31	47	16	60
1x2	24	44	56	34	53	7	8
1x2	24	46	38	13	35	33	30
1x2	25	15	47	42	44	58	32
1x2	25	36	49	33	38	1	30
1x2	25	50	42	23	16	31	7
1x2	26	19	38	17	28	39	3
1x2	26	23	5	3	32	40	29
1x2	26	35	14	54	37	12	6
1x2	26	53	49	19	1	3	47
1x2	27	28	19	40	41	51	16
1x2	27	6	52	3	47	19	7
1x2	28	39	44	18	7	43	42
1x2	28	8	16	6	15	37	24
1x2	29	57	23	53	33	58	44
1x2	3	27	52	15	19	6	57
1x2	3	34	55	21	30	54	17
1x2	3	46	30	7	15	57	34
1x2	3	7	27	41	59	34	4
1x2	30	10	55	15	44	51	41
1x2	30	42	13	47	46	29	40
1x2	30	51	52	38	40	4	1
1x2	31	22	23	56	24	21	45
1x2	31	39	45	7	11	35	55
1x2	32	10	14	21	47	57	37
1x2	32	47	11	14	29	4	60
1x2	32	49	44	51	27	15	55
1x2	33	55	4	20	26	49	12
1x2	33	58	12	45	46	55	36
1x2	33	7	54	12	6	15	50
1x2	35	34	7	57	56	5	47
1x2	36	13	5	46	34	27	25
1x2	36	19	22	41	39	37	23
1x2	36	5	52	44	53	60	42
1x2	37	1	32	11	21	24	41
1x2	37	28	21	55	27	58	47
1x2	38	20	40	54	60	19	45
1x2	38	9	60	31	12	32	42
1x2	39	13	18	10	29	32	20
1x2	39	21	32	33	12	7	42
1x2	39	55	11	53	9	7	33
1x2	39	55	60	52	32	4	50
1x2	39	58	34	60	57	51	37
1x2	4	16	5	58	17	3	33
1x2	4	60	42	39	8	31	11
1x2	40	23	54	59	14	56	43
1x2	40	3	57	9	23	15	49
1x2	40	49	14	21	1	35	18
1x2	41	19	22	60	6	13	33
1x2	41	30	53	27	14	34	42
1x2	42	11	4	29	36	41	7
1x2	42	17	14	21	39	38	44
1x2	42	37	47	1	50	19	28
1x2	42	44	13	29	3	45	49
1x2	43	24	44	25	36	14	20
1x2	43	31	26	49	25	29	35
1x2	43	32	51	5	52	44	37
1x2	43	4	59	23	45	16	41
1x2	44	26	25	46	11	42	5
1x2	44	52	10	24	9	31	58
1x2	44	6	18	19	50	39	53
1x2	45	42	8	14	10	24	23
1x2	46	17	18	31	13	19	47
1x2	46	21	47	54	59	16	9
1x2	46	54	36	42	4	38	20
1x2	46	55	58	6	32	45	38
1x2	47	26	18	30	52	59	10
1x2	47	33	31	24	4	48	10
1x2	47	41	56	42	50	23	49
1x2	47	60	45	48	4	8	16
1x2	48	11	13	22	9	60	5
1x2	48	18	60	14	52	5	42
1x2	48	50	33	43	32	44	45
1x2	49	19	36	43	34	4	31
1x2	49	59	20	35	4	12	34
1x2	5	13	45	52	23	41	29
1x2	5	14	34	4	33	49	42
1x2	5	46	6	3	32	13	17
1x2	50	35	14	58	16	26	21
1x2	50	38	10	54	57	53	29
1x2	50	46	43	21	25	10	58
1x2	50	9	14	42	43	19	51
1x2	51	19	49	53	27	18	39
1x2	51	20	5	26	9	12	56
1x2	51	53	25	41	15	46	27
1x2	51	58	3	56	40	44	22
1x2	51	9	43	31	11	47	46
1x2	52	11	46	13	3	19	6
1x2	52	22	34	19	54	31	33
1x2	52	28	33	51	36	43	46
1x2	52	42	48	46	51	17	41
1x2	52	6	44	50	26	54	20
1x2	53	24	58	57	21	36	60
1x2	53	51	9	16	48	11	25
1x2	55	16	42	35	48	5	54
1x2	55	24	45	8	9	46	32
1x2	55	58	45	38	23	14	46
1x2	56	1	11	41	51	8	48
1x2	56	19	24	60	42	4	13
1x2	56	26	57	19	49	32	41
1x2	56	36	16	58	27	15	12
1x2	56	55	11	48	49	54	16
1x2	56	7	59	60	15	3	38
1x2	57	8	22	3	52	15	58
1x2	57	8	43	16	52	32	42
1x2	58	10	24	9	27	50	39
1x2	58	31	3	23	59	28	49
1x2	58	37	46	13	32	57	26
1x2	58	54	60	48	15	43	49
1x2	58	57	5	56	51	59	33
1x2	59	26	46	47	30	3	18
1x2	59	4	58	46	7	41	19
1x2	6	52	9	12	21	60	1
1x2	60	18	38	34	35	30	57
1x2	7	13	5	53	14	60	8
1x2	7	20	1	44	29	60	30
1x2	7	34	28	39	59	6	60
1x2	7	34	6	56	4	45	17
1x2	7	54	24	47	52	44	8
1x2	7	6	11	5	32	20	48
1x2	8	35	21	55	54	33	45
1x2	8	36	20	22	4	54	55
1x2	8	42	7	5	39	23	59
1x2	8	48	40	38	59	39	20
1x2	8	5	49	38	60	3	14
1x20	1	29	9	51	49	21	42
1x20	1	36	25	34	59	43	6
1x20	1	48	14	32	57	31	27
1x20	1	48	49	18	15	28	21
1x20	10	45	19	50	42	1	38
1x20	10	55	2	3	4	32	14
1x20	10	9	3	25	47	18	43
1x20	11	56	6	30	50	57	46
1x20	11	9	30	51	26	17	1
1x20	12	27	31	15	60	23	40
1x20	12	36	59	43	45	13	34
1x20	12	55	24	23	38	41	47
1x20	12	8	46	47	59	56	60
1x20	13	3	35	55	23	37	36
1x20	13	41	9	23	46	54	26
1x20	13	9	48	56	29	31	25
1x20	14	33	15	11	39	18	43
1x20	14	41	5	21	18	59	15
1x20	14	43	4	15	24	23	53
1x20	14	43	6	9	4	24	40
1x20	14	46	22	59	18	37	7
1x20	15	41	48	1	13	56	59
1x20	15	44	27	7	58	43	59
1x20	15	6	39	58	35	45	5
1x20	15	9	47	38	59	17	27
1x20	16	18	55	49	58	14	10
1x20	16	49	53	23	3	56	52
1x20	16	6	26	53	9	22	33
1x20	16	7	53	3	5	39	8
1x20	17	43	35	23	41	54	46
1x20	17	50	25	46	13	8	7
1x20	18	17	7	52	28	37	50
1x20	18	34	59	16	43	28	1
1x20	19	10	12	33	30	58	57
1x20	19	41	37	43	40	60	1
1x20	19	52	2	42	53	13	3
1x20	2	12	1	43	18	47	25
1x20	2	23	43	57	7	21	44
1x20	2	29	60	5	49	59	54
1x20	2	4	32	58	18	35	17
1x20	2	8	54	55	25	24	56
1x20	21	14	48	1	6	45	4
1x20	21	15	5	12	19	38	56
1x20	21	15	7	1	17	13	35
1x20	21	18	48	3	56	13	47
1x20	21	4	13	49	6	38	8
1x20	21	7	44	46	27	42	37
1x20	21	9	16	7	17	26	49
1x20	22	25	46	9	11	13	57
1x20	22	57	40	19	42	34	16
1x20	22	57	5	47	33	58	25
1x20	23	30	45	57	44	1	34
1x20	23	36	5	54	38	46	40
1x20	23	50	3	11	16	12	27
1x20	23	6	39	58	46	25	12
1x20	24	1	29	27	56	59	39
1x20	24	21	8	22	37	45	38
1x20	24	46	47	14	39	42	36
1x20	25	22	15	54	50	26	33
1x20	25	23	35	22	60	41	43
1x20	25	30	2	27	28	54	60
1x20	25	33	59	5	7	38	53
1x20	25	4	36	53	10	5	39
1x20	25	41	42	58	14	29	55
1x20	25	60	50	41	19	49	1
1x20	26	14	40	11	15	60	17
1x20	26	17	29	46	56	54	27
1x20	26	18	37	27	2	53	22
1x20	26	57	38	19	58	4	42
1x20	27	54	6	10	44	16	18
1x20	28	35	9	11	25	23	27
1x20	28	40	23	52	18	27	34
1x20	28	44	12	5	2	23	31
1x20	28	47	11	53	4	55	23
1x20	28	8	5	59	29	27	11
1x20	29	11	50	34	48	36	9
1x20	29	13	31	56	8	48	34
1x20	3	51	5	53	31	9	42
1x20	3	53	55	32	46	37	50
1x20	3	60	38	43	28	2	15
1x20	30	31	18	59	57	23	45
1x20	31	12	7	25	14	36	47
1x20	31	16	22	1	39	19	55
1x20	31	23	42	16	4	18	5
1x20	31	26	38	35	55	6	33
1x20	32	28	23	41	30	16	11
1x20	32	33	57	7	10	19	43
1x20	33	10	21	47	9	53	6
1x20	34	55	25	16	58	6	22
1x20	35	43	37	56	47	32	11
1x20	35	49	58	7	43	38	6
1x20	35	52	17	58	28	34	53
1x20	35	56	57	41	52	8	2
1x20	36	24	5	16	58	48	38
1x20	36	45	57	32	33	9	18
1x20	36	50	45	26	52	49	16
1x20	36	8	42	32	53	15	19
1x20	37	36	16	29	17	54	19
1x20	37	41	32	22	48	16	18
1x20	37	46	14	25	50	16	21
1x20	38	14	19	53	52	40	58
1x20	38	21	2	24	49	29	53
1x20	38	22	40	33	9	24	26
1x20	38	5	30	28	21	15	6
1x20	38	54	1	26	12	50	28
1x20	38	57	45	51	52	4	31
1x20	38	60	55	21	52	46	9
1x20	39	11	33	5	6	10	31
1x20	39	25	14	23	17	47	9
1x20	39	6	46	41	2	59	18
1x20	39	7	22	57	40	12	47
1x20	4	30	38	1	43	37	35
1x20	4	34	12	9	43	59	15
1x20	41	2	37	42	22	46	56
1x20	41	45	44	36	28	26	60
1x20	41	6	33	52	47	40	11
1x20	42	1	32	15	47	59	11
1x20	42	12	53	47	16	15	9
1x20	42	13	39	47	29	54	38
1x20	42	32	34	39	13	24	38
1x20	42	38	58	9	35	8	40
1x20	42	44	10	45	4	39	24
1x20	43	18	39	51	56	26	2
1x20	43	50	16	58	8	29	11
1x20	44	21	54	19	11	10	46
1x20	44	36	50	59	34	33	9
1x20	44	6	18	49	53	24	58
1x20	44	60	51	17	42	26	54
1x20	45	12	47	34	30	21	33
1x20	45	12	6	17	53	41	5
1x20	45	3	53	47	49	52	22
1x20	45	6	10	54	29	43	18
1x20	46	19	3	28	56	24	26
1x20	46	57	22	44	32	15	56
1x20	46	59	23	33	15	29	50
1x20	47	13	9	39	4	36	54
1x20	47	46	53	10	54	12	17
1x20	47	49	26	9	34	4	18
1x20	48	19	54	9	21	45	30
1x20	48	50	43	25	28	1	45
1x20	49	30	41	6	54	45	19
1x20	49	4	50	25	5	13	40
1x20	49	60	46	7	17	48	3
1x20	5	19	56	2	30	23	3
1x20	50	13	40	7	60	24	56
1x20	50	9	59	10	7	34	29
1x20	51	1	6	42	34	58	31
1x20	51	26	8	6	39	50	4
1x20	51	59	39	19	34	26	16
1x20	52	14	15	35	53	7	3
1x20	52	41	21	59	5	55	40
1x20	52	53	58	45	21	59	33
1x20	53	1	18	31	12	27	35
1x20	53	4	3	36	44	52	29
1x20	54	13	47	9	40	49	3
1x20	54	2	16	32	45	48	57
1x20	54	30	56	8	40	1	57
1x20	54	35	11	33	6	8	27
1x20	54	39	60	7	29	38	57
1x20	54	6	5	50	14	56	29
1x20	55	14	42	48	5	10	25
1x20	55	19	34	39	38	49	43
1x20	55	26	16	44	23	6	53
1x20	55	27	60	43	54	41	17
1x20	56	42	58	39	21	13	38
1x20	56	43	53	13	38	17	15
1x20	56	6	46	8	49	58	39
1x20	57	27	32	54	25	1	15
1x20	57	34	58	46	53	13	29
1x20	58	34	29	45	1	41	18
1x20	59	15	22	9	12	43	10
1x20	59	40	2	58	21	26	8
1x20	59	43	41	54	60	24	56
1x20	59	58	53	31	47	24	39
1x20	6	12	7	59	52	17	5
1x20	6	19	43	25	57	60	21
1x20	6	37	42	59	26	16	48
1x20	6	48	58	50	30	51	8
1x20	6	56	17	26	52	39	28
1x20	6	56	2	55	9	18	28
1x20	6	8	48	12	45	35	29
1x20	60	56	53	8	7	49	23
1x20	7	26	40	55	25	36	33
1x20	7	8	46	30	41	33	32
1x20	8	39	33	28	45	23	14
1x20	8	50	13	33	32	12	18
1x20	9	22	21	34	43	6	40
1x21	1	10	24	15	60	53	30
1x21	1	40	6	4	3	50	43
1x21	1	59	44	20	50	46	11
1x21	1	60	16	7	20	13	27
1x21	10	29	60	14	56	41	17
1x21	10	52	31	11	3	23	51
1x21	10	53	15	16	14	17	44
1x21	10	58	6	53	23	2	13
1x21	11	18	20	25	7	22	31
1x21	11	54	34	40	32	29	33
1x21	12	2	1	31	42	13	32
1x21	12	24	16	1	35	6	22
1x21	12	48	46	56	32	42	38
1x21	12	49	1	16	42	28	35
1x21	12	59	32	23	57	54	42
1x21	13	33	28	8	35	24	2
1x21	13	47	50	10	12	2	45
1x21	14	41	19	59	2	22	40
1x21	14	42	8	48	12	27	53
1x21	14	43	9	46	41	53	1
1x21	14	7	13	33	16	5	52
1x21	14	8	38	51	29	26	27
1x21	15	28	58	49	40	13	25
1x21	15	33	16	5	24	3	6
1x21	16	36	15	20	40	12	17
1x21	16	52	28	15	12	40	8
1x21	16	60	49	55	50	38	53
1x21	17	24	28	32	60	33	6
1x21	17	41	24	29	55	45	27
1x21	17	44	1	18	3	35	50
1x21	17	48	18	16	23	37	9
1x21	17	58	52	13	56	10	34
1x21	18	35	43	39	10	26	14
1x21	18	42	23	24	47	12	1
1x21	18	58	46	59	43	12	52
1x21	19	18	6	5	40	44	7
1x21	19	38	10	16	35	4	46
1x21	19	56	57	38	6	45	53
1x21	19	60	40	22	30	3	12
1x21	2	22	4	46	40	29	12
1x21	2	32	13	58	36	24	55
1x21	2	48	7	28	20	43	57
1x21	2	49	37	54	45	5	40
1x21	2	5	49	16	52	1	34
1x21	20	27	47	58	33	17	7
1x21	20	28	17	29	40	22	39
1x21	20	60	19	50	12	22	5
1x21	20	8	38	40	41	36	46
1x21	22	12	19	59	52	53	10
1x21	22	16	11	9	23	3	7
1x21	22	23	31	53	27	14	12
1x21	22	51	23	33	60	37	4
1x21	23	31	45	19	20	14	13
1x21	23	50	25	35	53	48	10
1x21	24	40	14	22	27	30	52
1x21	24	8	59	32	31	23	28
1x21	25	27	9	20	24	56	17
1x21	25	31	3	9	17	1	30
1x21	25	39	55	35	44	23	31
1x21	25	46	11	49	5	37	38
1x21	25	59	11	9	15	45	38
1x21	25	60	50	8	46	59	16
1x21	25	9	26	41	42	45	2
1x21	26	16	15	11	24	53	55
1x21	27	41	29	18	49	47	16
1x21	27	47	17	57	59	11	12
1x21	27	49	34	29	31	39	32
1x21	27	51	10	6	55	54	41
1x21	27	9	14	10	59	28	23
1x21	28	20	49	22	54	51	10
1x21	28	41	42	10	57	32	34
1x21	29	10	14	56	58	8	50
1x21	29	34	13	19	24	23	22
1x21	29	60	54	3	31	9	35
1x21	3	23	15	16	8	47	56
1x21	3	26	34	5	6	59	15
1x21	3	29	32	10	56	16	50
1x21	3	30	7	37	20	44	22
1x21	30	25	5	41	4	7	11
1x21	31	25	2	40	17	38	24
1x21	31	59	4	34	28	45	12
1x21	32	2	12	13	36	42	58
1x21	32	23	49	14	38	11	50
1x21	32	38	44	51	52	47	50
1x21	32	54	55	42	45	12	31
1x21	32	57	18	8	30	11	38
1x21	33	15	49	48	44	32	23
1x21	33	54	1	58	32	19	46
1x21	33	7	41	31	37	19	2
1x21	34	24	3	54	44	23	2
1x21	34	28	11	2	36	53	60
1x21	34	41	22	3	44	6	48
1x21	34	50	33	55	5	10	32
1x21	35	55	47	37	46	41	44
1x21	36	42	2	38	35	15	30
1x21	36	46	12	34	6	41	58
1x21	36	51	50	37	5	14	56
1x21	37	17	31	32	42	11	55
1x21	37	19	17	42	10	34	2
1x21	37	22	27	53	52	44	20
1x21	37	24	39	16	41	45	11
1x21	37	4	30	26	39	3	54
1x21	37	47	8	17	60	48	9
1x21	37	8	40	45	22	12	48
1x21	38	16	51	35	25	19	1
1x21	38	18	20	45	55	25	22
1x21	38	22	48	41	6	20	59
1x21	39	1	56	41	52	2	45
1x21	39	26	55	7	31	44	4
1x21	39	29	8	30	10	47	55
1x21	39	50	36	54	41	22	53
1x21	39	52	30	35	29	48	26
1x21	4	24	38	27	42	33	2
1x21	4	32	54	23	31	7	11
1x21	4	41	27	42	10	34	31
1x21	4	48	32	3	52	11	40
1x21	4	5	41	19	37	47	55
1x21	4	58	57	55	44	5	15
1x21	40	16	58	7	20	32	44
1x21	40	22	13	4	20	26	47
1x21	40	23	6	33	49	47	4
1x21	40	44	42	56	31	60	54
1x21	40	50	2	7	26	4	1
1x21	40	54	58	2	31	25	59
1x21	41	12	16	8	33	17	59
1x21	41	26	53	31	57	20	50
1x21	41	30	18	5	20	59	38
1x21	41	50	29	1	60	43	5
1x21	42	19	24	51	44	35	8
1x21	42	24	34	1	28	36	15
1x21	42	5	7	3	51	58	56
1x21	42	52	26	53	15	28	41
1x21	43	37	50	58	45	28	47
1x21	45	54	41	37	14	9	29
1x21	46	12	40	16	47	55	23
1x21	46	14	4	43	52	32	19
1x21	46	23	52	6	1	34	30
1x21	46	48	11	49	56	38	34
1x21	46	48	13	35	3	30	28
1x21	46	52	22	20	9	28	17
1x21	46	59	13	47	17	42	4
1x21	47	12	56	38	33	15	16
1x21	47	22	45	56	51	4	10
1x21	47	24	19	6	4	51	33
1x21	47	52	24	11	26	17	37
1x21	48	37	58	32	5	51	35
1x21	48	49	23	12	11	43	41
1x21	48	56	44	42	6	31	52
1x21	48	57	56	28	25	10	52
1x21	49	52	40	39	58	4	27
1x21	5	14	49	58	48	25	53
1x21	5	16	37	57	51	11	35
1x21	5	7	11	45	57	4	22
1x21	50	30	17	20	19	56	11
1x21	50	40	14	37	53	44	26
1x21	50	40	30	5	22	10	42
1x21	50	47	45	13	52	16	4
1x21	51	29	28	7	37	1	25
1x21	51	57	37	59	36	15	39
1x21	52	37	11	36	6	15	51
1x21	52	41	14	18	23	57	24
1x21	52	48	58	49	31	20	26
1x21	52	55	49	9	37	7	14
1x21	53	29	57	50	8	30	37
1x21	53	41	47	39	60	10	17
1x21	53	43	47	37	6	29	31
1x21	53	54	26	38	9	55	46
1x21	53	57	45	6	50	54	15
1x21	53	9	51	8	14	35	34
1x21	54	36	55	58	3	9	43
1x21	55	10	33	16	17	44	59
1x21	55	17	53	5	19	18	50
1x21	55	25	51	19	50	24	54
1x21	55	30	25	16	6	1	38
1x21	55	36	50	59	35	49	19
1x21	55	45	39	38	50	22	2
1x21	55	46	9	5	53	36	50
1x21	56	36	15	25	41	45	23
1x21	56	44	57	11	31	30	6
1x21	56	5	29	2	59	50	10
1x21	56	58	36	44	15	18	3
1x21	57	11	56	3	50	16	31
1x21	57	40	7	4	56	45	11
1x21	58	11	9	57	27	29	22
1x21	58	37	13	57	31	23	12
1x21	58	60	13	33	9	17	55
1x21	59	10	24	52	57	3	2
1x21	59	26	38	9	49	44	58
1x21	59	29	31	51	5	1	34
1x21	59	30	8	52	16	57	40
1x21	60	23	54	42	45	13	47
1x21	60	35	34	51	58	39	44
1x21	60	51	38	44	39	46	47
1x21	60	6	45	48	4	36	22
1x21	7	42	39	29	11	9	48
1x21	7	58	50	43	27	14	20
1x21	7	60	43	22	56	58	24
1x21	8	25	39	34	17	2	38
1x21	8	32	50	24	20	38	30
1x21	8	36	40	17	24	48	35
1x21	8	7	55	32	33	45	58
1x22	1	24	9	8	16	42	45
1x22	1	27	48	6	50	20	54
1x22	1	40	52	37	5	50	30
1x22	1	52	37	29	20	18	56
1x22	10	57	50	60	55	31	32
1x22	10	59	26	11	55	8	7
1x22	11	28	57	48	53	4	18
1x22	12	20	19	10	23	53	32
1x22	12	28	31	11	41	57	18
1x22	12	29	5	28	46	35	34
1x22	12	3	43	7	5	40	51
1x22	12	45	29	8	26	16	25
1x22	13	42	15	55	30	11	29
1x22	13	5	12	55	4	59	38
1x22	14	11	35	2	27	47	46
1x22	15	41	43	46	48	6	12
1x22	15	8	45	27	6	37	53
1x22	16	12	4	49	13	43	44
1x22	16	14	30	52	40	25	33
1x22	16	23	1	18	42	43	24
1x22	16	43	23	26	35	3	44
1x22	17	19	29	12	36	28	1
1x22	17	2	44	12	10	50	38
1x22	17	32	57	10	14	12	13
1x22	17	36	24	56	20	53	26
1x22	17	37	23	35	51	13	45
1x22	17	57	10	23	58	32	54
1x22	18	3	39	7	40	6	2
1x22	19	35	18	5	52	51	46
1x22	19	46	13	28	14	37	10
1x22	19	50	54	32	35	45	57
1x22	19	56	9	49	18	45	52
1x22	2	24	27	33	55	11	50
1x22	2	28	23	39	12	10	21
1x22	2	38	17	24	46	11	23
1x22	20	3	48	30	59	34	26
1x22	20	57	42	18	37	25	38
1x22	21	34	3	30	15	54	53
1x22	21	49	47	34	27	23	28
1x22	21	58	27	15	7	1	12
1x22	23	50	18	25	33	54	47
1x22	23	7	54	45	44	18	19
1x22	24	19	46	58	21	28	25
1x22	24	2	25	31	13	47	7
1x22	24	8	20	43	15	3	29
1x22	25	1	34	2	15	13	17
1x22	25	10	27	45	14	7	17
1x22	25	17	39	42	47	7	19
1x22	25	34	59	47	21	44	30
1x22	25	35	50	16	10	23	58
1x22	25	7	11	9	44	31	1
1x22	26	16	52	55	32	15	19
1x22	26	24	18	49	50	15	10
1x22	27	26	28	8	5	38	41
1x22	27	53	56	25	16	46	9
1x22	28	1	26	58	45	51	29
1x22	28	6	54	32	25	2	10
1x22	29	23	3	60	34	51	12
1x22	3	15	10	40	34	19	59
1x22	3	31	6	59	33	29	42
1x22	3	50	23	15	55	29	16
1x22	3	51	23	37	31	58	33
1x22	30	11	5	8	28	21	38
1x22	32	18	11	2	59	35	56
1x22	32	23	28	58	10	52	35
1x22	32	42	35	14	13	33	21
1x22	32	50	60	4	54	1	9
1x22	32	51	10	11	19	40	50
1x22	32	57	2	19	18	53	49
1x22	33	26	34	14	21	8	57
1x22	33	38	55	56	48	19	52
1x22	34	13	2	51	11	60	32
1x22	34	14	52	25	48	53	47
1x22	35	17	3	48	38	54	49
1x22	35	18	1	2	25	4	39
1x22	35	58	46	28	4	49	36
1x22	35	59	19	29	18	48	5
1x22	36	16	10	33	6	41	42
1x22	36	17	40	58	54	55	2
1x22	36	31	44	9	48	56	6
1x22	37	10	31	12	36	5	57
1x22	37	10	57	2	17	5	16
1x22	37	28	13	24	26	4	18
1x22	37	55	6	14	38	50	56
1x22	38	28	7	32	24	26	48
1x22	38	47	4	27	32	35	21
1x22	39	35	19	6	1	46	4
1x22	39	50	14	41	44	6	59
1x22	39	52	51	25	18	13	4
1x22	39	59	48	46	42	54	47
1x22	4	27	33	32	60	53	51
1x22	4	28	15	53	7	5	31
1x22	4	36	56	43	23	15	11
1x22	4	41	21	51	17	43	8
1x22	4	48	33	56	21	25	44
1x22	4	50	37	5	52	2	49
1x22	4	51	1	45	14	37	9
1x22	4	8	39	46	21	55	24
1x22	40	16	3	53	45	35	44
1x22	40	16	39	49	31	4	21
1x22	40	18	47	44	38	7	48
1x22	40	33	36	10	29	45	27
1x22	40	56	46	39	4	2	14
1x22	41	4	19	47	32	52	30
1x22	41	59	17	30	1	46	31
1x22	42	12	24	17	47	20	15
1x22	43	21	44	38	51	10	1
1x22	43	50	49	42	30	57	17
1x22	44	15	47	40	49	19	14
1x22	44	17	31	39	13	1	14
1x22	44	3	16	39	25	28	57
1x22	44	36	26	28	56	54	51
1x22	44	43	54	46	52	15	20
1x22	46	35	29	21	1	25	30
1x22	47	42	27	9	11	36	52
1x22	47	46	17	19	23	5	6
1x22	49	12	55	24	10	36	26
1x22	49	55	60	50	21	31	1
1x22	49	58	18	21	38	35	54
1x22	49	58	37	52	60	48	45
1x22	5	20	14	34	35	57	58
1x22	50	1	13	3	48	26	23
1x22	50	3	21	26	25	57	33
1x22	50	38	31	4	44	24	17
1x22	50	52	45	12	8	13	21
1x22	51	25	43	2	30	29	50
1x22	51	35	37	4	40	25	28
1x22	51	47	5	32	11	43	10
1x22	51	5	2	47	44	23	59
1x22	51	56	6	54	18	14	9
1x22	52	10	43	13	23	45	33
1x22	52	6	7	11	38	34	28
1x22	53	15	7	36	19	30	25
1x22	53	29	48	45	23	17	14
1x22	53	36	33	32	38	37	1
1x22	53	58	43	9	45	2	1
1x22	54	1	8	34	33	38	25
1x22	54	27	10	44	4	58	29
1x22	54	31	45	57	27	13	6
1x22	54	5	37	44	7	41	33
1x22	55	21	43	45	16	25	47
1x22	55	60	46	34	13	24	26
1x22	56	30	43	34	27	47	24
1x22	56	55	28	40	30	47	16
1x22	57	19	32	43	44	24	30
1x22	57	24	4	13	29	26	32
1x22	57	28	51	3	6	34	49
1x22	57	43	42	41	56	13	35
1x22	57	53	13	56	2	40	6
1x22	58	4	23	5	41	7	57
1x22	58	43	19	40	8	23	45
1x22	59	10	13	41	40	8	42
1x22	59	24	11	31	57	1	47
1x22	6	27	51	58	47	16	19
1x22	6	42	26	1	59	58	54
1x22	60	35	20	49	1	29	50
1x22	60	7	43	11	50	14	3
1x22	7	14	33	15	9	16	18
1x22	7	26	52	33	3	19	38
1x22	7	27	14	44	5	19	25
1x22	7	4	30	14	19	55	38
1x22	7	48	18	17	3	26	51
1x22	7	8	46	13	27	47	18
1x22	8	38	41	33	6	29	35
1x22	8	46	29	48	34	10	1
1x22	8	5	3	1	7	21	57
1x22	9	12	53	32	27	45	18
1x22	9	48	12	3	31	47	17
1x22	9	5	1	26	13	28	35
1x23	1	60	41	18	17	42	12
1x23	10	19	22	40	18	50	35
1x23	11	10	9	34	17	31	58
1x23	11	29	27	50	52	28	47
1x23	12	29	60	3	7	55	28
1x23	12	35	55	18	31	51	22
1x23	12	41	3	49	43	32	42
1x23	12	6	45	56	5	3	53
1x23	13	15	24	2	7	35	8
1x23	14	16	18	33	10	4	7
1x23	14	19	31	7	25	5	9
1x23	14	25	8	20	35	40	60
1x23	15	26	41	56	28	27	48
1x23	15	26	7	9	60	42	39
1x23	15	28	51	24	31	2	11
1x23	15	36	22	49	48	58	45
1x23	16	10	9	45	11	27	25
1x23	17	1	47	46	42	45	43
1x23	17	47	24	30	59	14	20
1x23	17	48	49	28	47	59	2
1x23	18	2	41	29	4	8	20
1x23	18	20	39	44	2	29	45
1x23	18	26	25	27	52	2	53
1x23	18	8	39	13	30	19	25
1x23	19	16	50	28	45	30	48
1x23	19	3	1	57	28	31	37
1x23	19	3	51	52	11	15	57
1x23	2	32	28	4	40	56	51
1x23	2	48	34	35	10	57	27
1x23	2	59	20	27	11	40	60
1x23	20	12	22	38	54	49	11
1x23	20	50	34	46	24	15	47
1x23	20	51	5	47	33	48	57
1x23	21	1	2	4	55	8	29
1x23	21	10	25	1	12	26	47
1x23	21	24	60	34	12	36	22
1x23	21	3	7	50	18	34	35
1x23	21	44	47	4	46	8	5
1x23	22	16	37	3	29	51	44
1x23	22	7	60	6	14	4	45
1x23	24	53	19	18	60	54	31
1x23	24	54	36	1	56	53	13
1x23	25	3	22	38	10	43	37
1x23	25	54	51	29	35	15	22
1x23	26	5	8	44	30	59	36
1x23	26	59	38	42	54	43	25
1x23	27	35	14	22	38	12	7
1x23	27	8	9	21	39	50	56
1x23	28	10	17	7	4	37	25
1x23	28	20	50	21	31	33	57
1x23	28	45	48	47	43	42	56
1x23	29	2	37	28	8	43	16
1x23	29	35	17	46	43	24	18
1x23	29	50	59	16	18	20	35
1x23	3	30	40	49	41	35	12
1x23	3	5	42	11	32	56	55
1x23	30	6	15	28	25	55	41
1x23	30	6	33	10	53	35	45
1x23	31	2	56	58	50	60	36
1x23	31	22	34	24	28	46	41
1x23	31	34	1	3	54	41	21
1x23	31	36	29	25	41	28	48
1x23	31	51	20	50	7	33	25
1x23	31	56	35	15	5	10	9
1x23	32	1	10	33	42	46	45
1x23	32	13	55	45	18	2	57
1x23	32	25	41	36	22	1	60
1x23	32	9	12	25	19	31	26
1x23	33	28	34	50	59	60	36
1x23	34	16	35	2	51	37	53
1x23	35	49	51	40	25	20	36
1x23	36	21	5	34	24	32	50
1x23	36	29	60	57	11	17	42
1x23	36	35	6	13	40	5	25
1x23	37	44	12	28	29	13	50
1x23	37	47	4	44	29	52	58
1x23	37	50	24	2	49	56	42
1x23	37	56	20	55	24	5	19
1x23	38	22	50	41	10	13	36
1x23	38	28	2	9	33	27	32
1x23	38	47	40	53	37	59	13
1x23	39	21	40	20	4	2	49
1x23	4	35	33	20	49	48	26
1x23	4	44	43	6	50	54	48
1x23	40	25	57	24	50	32	38
1x23	40	41	36	10	1	33	39
1x23	40	51	8	11	45	55	14
1x23	41	10	56	13	59	40	49
1x23	41	15	5	30	44	7	33
1x23	41	30	9	51	13	34	24
1x23	42	11	54	20	53	3	21
1x23	42	3	18	31	28	25	8
1x23	42	51	53	17	20	8	54
1x23	42	7	50	20	27	52	25
1x23	43	24	14	16	11	46	38
1x23	43	33	10	9	53	37	3
1x23	43	37	29	28	17	3	26
1x23	43	39	59	57	25	50	60
1x23	43	52	51	42	10	44	47
1x23	43	9	12	56	11	17	16
1x23	44	15	14	54	4	41	49
1x23	44	24	20	28	17	9	22
1x23	45	19	7	50	57	48	52
1x23	45	2	60	33	21	59	5
1x23	45	32	26	9	22	16	58
1x23	46	22	38	28	2	30	7
1x23	46	52	32	51	56	45	30
1x23	46	57	26	10	34	27	38
1x23	47	27	29	32	14	50	34
1x23	47	45	31	55	18	15	27
1x23	48	11	6	55	4	31	42
1x23	48	20	58	34	56	21	31
1x23	48	49	25	41	19	2	56
1x23	48	50	59	8	47	37	44
1x23	48	55	33	7	37	1	9
1x23	49	16	28	35	57	44	34
1x23	49	51	52	17	21	19	59
1x23	49	59	14	2	46	58	50
1x23	5	20	39	2	37	24	25
1x23	5	45	55	8	26	12	9
1x23	5	51	26	34	38	54	7
1x23	50	3	46	9	58	41	18
1x23	52	31	3	34	30	15	47
1x23	52	36	35	20	45	38	28
1x23	53	57	43	52	54	7	35
1x23	53	60	18	37	57	41	16
1x23	53	7	14	34	15	24	11
1x23	54	13	3	5	1	46	47
1x23	54	25	46	19	12	29	47
1x23	54	39	58	22	40	26	14
1x23	54	45	20	50	29	52	38
1x23	55	50	8	30	42	40	1
1x23	55	56	24	51	22	52	21
1x23	57	16	25	53	60	17	59
1x23	57	31	1	33	6	13	56
1x23	57	32	9	11	14	8	28
1x23	6	10	59	17	22	28	15
1x23	6	18	20	48	53	59	41
1x23	6	32	37	42	8	3	7
1x23	6	35	31	27	13	37	58
1x23	6	37	19	58	52	44	22
1x23	6	43	31	51	8	52	56
1x23	6	50	19	42	44	38	33
1x23	6	53	38	3	52	54	28
1x23	6	7	36	28	46	49	32
1x23	60	16	28	58	42	59	18
1x23	60	27	51	52	55	47	8
1x23	60	50	13	44	3	31	46
1x23	7	28	13	1	29	48	43
1x23	7	5	59	31	49	55	58
1x23	7	56	25	16	33	10	37
1x23	7	56	35	44	5	37	58
1x23	7	58	38	48	47	17	6
1x23	8	57	58	59	37	29	15
1x23	9	11	31	16	41	46	20
1x23	9	17	30	10	52	27	43
1x23	9	27	10	47	52	54	49
1x23	9	42	30	17	58	40	18
1x24	1	15	2	26	47	53	52
1x24	1	19	26	56	11	43	21
1x24	1	19	52	15	16	36	7
1x24	1	2	50	29	35	53	43
1x24	1	25	54	59	20	3	27
1x24	1	28	55	6	21	29	25
1x24	1	5	28	53	51	36	23
1x24	1	51	16	57	3	60	5
1x24	10	1	56	17	29	48	6
1x24	10	20	42	7	43	4	11
1x24	10	22	1	53	32	31	34
1x24	10	31	25	1	58	27	18
1x24	10	4	9	21	14	29	28
1x24	10	45	36	41	30	59	18
1x24	10	60	15	35	4	13	17
1x24	11	46	37	59	12	36	27
1x24	12	53	15	59	50	21	47
1x24	12	55	27	51	44	22	49
1x24	12	55	39	6	10	33	34
1x24	13	27	20	18	7	2	16
1x24	14	5	23	37	17	1	19
1x24	14	55	23	6	20	19	7
1x24	14	6	3	47	37	52	48
1x24	15	1	3	57	43	32	11
1x24	15	25	59	9	10	3	11
1x24	16	18	37	8	22	11	48
1x24	16	35	23	34	33	56	28
1x24	16	40	17	7	44	57	8
1x24	17	45	27	48	40	41	19
1x24	18	34	49	52	47	17	35
1x24	18	41	50	32	20	58	34
1x24	18	54	37	53	6	13	27
1x24	19	26	8	16	59	47	13
1x24	19	35	21	37	7	55	33
1x24	2	60	34	14	35	27	9
1x24	20	29	40	10	34	11	39
1x24	20	41	52	57	14	47	11
1x24	21	10	49	55	11	34	1
1x24	21	28	58	7	19	10	1
1x24	21	33	52	16	28	38	45
1x24	21	47	39	27	55	2	50
1x24	22	2	58	50	46	51	43
1x24	22	50	23	25	47	56	54
1x24	22	55	11	36	6	54	47
1x24	23	49	31	39	35	1	45
1x24	25	43	51	44	12	48	57
1x24	25	54	60	52	31	2	12
1x24	26	10	16	2	59	21	56
1x24	26	21	45	60	17	30	49
1x24	26	40	52	4	35	18	27
1x24	26	49	39	43	52	6	20
1x24	26	56	41	10	5	12	40
1x24	27	14	28	36	47	1	2
1x24	28	31	37	21	49	26	16
1x24	28	52	38	48	59	20	2
1x24	29	2	45	14	60	44	43
1x24	29	27	13	42	56	5	22
1x24	3	13	25	30	42	37	28
1x24	3	28	11	41	13	55	16
1x24	3	31	53	21	16	10	44
1x24	3	51	20	44	59	15	7
1x24	30	14	8	37	43	11	26
1x24	30	16	53	60	32	8	9
1x24	30	8	46	18	16	21	33
1x24	31	10	58	57	17	5	15
1x24	31	22	39	9	5	52	23
1x24	31	32	19	59	10	53	36
1x24	31	53	49	46	40	9	12
1x24	31	56	53	15	49	8	12
1x24	32	60	42	9	11	54	27
1x24	33	21	41	34	31	49	55
1x24	33	60	41	18	20	11	55
1x24	35	2	49	22	33	36	38
1x24	35	52	47	21	3	16	58
1x24	36	19	52	23	14	54	3
1x24	36	2	22	44	40	1	38
1x24	36	37	15	11	39	58	30
1x24	36	46	60	3	5	33	16
1x24	36	6	22	42	34	58	32
1x24	37	10	31	55	5	29	7
1x24	37	18	12	7	44	11	50
1x24	37	39	42	30	3	18	27
1x24	37	49	58	19	22	52	48
1x24	38	13	31	15	23	14	36
1x24	38	36	53	57	55	52	41
1x24	38	37	22	41	7	34	43
1x24	38	52	47	6	1	54	5
1x24	38	53	6	48	28	19	45
1x24	39	17	32	44	40	52	41
1x24	39	23	48	54	52	50	13
1x24	4	51	21	8	48	2	12
1x24	4	55	16	44	35	37	6
1x24	40	43	46	47	9	19	22
1x24	40	7	14	21	52	46	59
1x24	41	17	34	19	4	6	57
1x24	41	32	55	42	34	2	21
1x24	42	19	26	5	32	33	39
1x24	42	2	34	16	41	23	13
1x24	42	33	8	29	2	15	58
1x24	42	36	52	47	37	9	49
1x24	42	43	21	6	26	16	22
1x24	44	18	45	4	49	12	37
1x24	45	1	26	43	35	44	51
1x24	45	13	20	16	21	15	59
1x24	45	16	39	6	47	8	23
1x24	45	9	33	18	5	20	41
1x24	46	48	17	55	35	60	43
1x24	47	21	8	37	54	51	2
1x24	47	27	6	51	3	41	1
1x24	47	28	54	12	19	38	26
1x24	47	29	50	39	43	48	2
1x24	47	35	32	19	2	17	54
1x24	48	25	28	12	34	53	5
1x24	48	35	50	38	9	27	8
1x24	48	50	27	15	57	51	33
1x24	48	60	30	53	38	35	37
1x24	49	52	27	43	29	46	54
1x24	49	56	50	34	43	15	58
1x24	5	57	18	60	30	51	56
1x24	5	58	1	26	17	37	31
1x24	50	42	25	8	44	36	55
1x24	50	56	9	37	53	25	16
1x24	51	32	3	56	21	29	43
1x24	52	22	9	32	23	13	1
1x24	52	56	29	59	54	35	19
1x24	52	6	28	10	39	40	25
1x24	52	9	20	14	11	29	53
1x24	52	9	3	48	55	7	28
1x24	53	16	25	44	15	59	9
1x24	53	17	19	49	5	35	26
1x24	53	34	31	12	9	40	60
1x24	55	15	30	9	5	18	2
1x24	55	23	25	39	9	50	7
1x24	55	26	50	18	29	60	35
1x24	55	8	60	50	2	49	36
1x24	56	46	32	39	16	26	15
1x24	56	47	6	49	40	33	42
1x24	56	5	49	59	52	20	58
1x24	57	39	2	46	25	26	33
1x24	57	4	29	22	46	54	20
1x24	57	48	27	56	16	26	1
1x24	57	53	31	20	16	19	3
1x24	58	4	12	37	38	27	55
1x24	58	49	46	12	59	10	14
1x24	58	50	42	41	8	32	38
1x24	59	16	49	52	4	38	12
1x24	6	13	28	31	2	7	43
1x24	6	20	31	12	18	35	22
1x24	6	7	18	49	27	45	2
1x24	60	33	30	36	16	57	3
1x24	60	39	1	28	45	15	43
1x24	7	10	6	19	30	49	9
1x24	8	3	6	35	40	2	16
1x24	8	55	31	43	21	1	56
1x24	9	41	17	58	43	44	42
1x24	9	46	17	10	11	25	40
1x24	9	8	31	33	49	48	54
1x25	1	30	7	60	2	26	39
1x25	1	5	44	60	47	35	9
1x25	10	31	11	1	7	16	5
1x25	10	46	16	41	19	30	8
1x25	11	34	42	56	23	53	29
1x25	11	35	20	15	58	55	41
1x25	11	35	33	32	5	6	51
1x25	11	40	20	10	44	38	34
1x25	11	46	56	5	45	50	57
1x25	12	13	35	58	26	2	44
1x25	12	16	58	33	35	11	31
1x25	12	40	8	50	24	23	41
1x25	13	18	8	58	6	3	45
1x25	13	28	44	24	29	56	7
1x25	13	30	35	40	7	17	37
1x25	14	22	18	46	48	44	29
1x25	14	46	60	34	5	53	11
1x25	15	16	36	2	50	45	30
1x25	15	33	31	60	44	51	46
1x25	15	57	38	29	60	40	12
1x25	16	55	18	33	11	13	5
1x25	17	23	53	12	19	28	45
1x25	17	31	23	46	37	52	39
1x25	18	14	26	58	8	3	7
1x25	19	12	42	44	45	37	16
1x25	19	4	22	6	54	55	46
1x25	19	53	30	43	40	13	16
1x25	2	7	34	5	16	9	59
1x25	20	18	52	12	37	39	29
1x25	20	19	54	21	11	22	26
1x25	20	34	17	33	27	31	48
1x25	21	29	35	42	56	47	40
1x25	21	3	50	29	2	27	11
1x25	21	39	52	57	53	15	23
1x25	21	58	20	1	17	48	24
1x25	22	28	17	6	37	35	36
1x25	22	59	33	30	1	31	4
1x25	23	20	18	8	34	12	45
1x25	23	27	13	36	30	59	20
1x25	23	32	54	58	27	31	30
1x25	23	38	57	11	21	37	47
1x25	23	46	18	51	38	11	54
1x25	23	55	58	5	54	32	47
1x25	23	60	51	42	39	36	7
1x25	23	9	45	32	18	58	12
1x25	24	31	35	28	8	58	46
1x25	24	38	28	21	29	54	41
1x25	24	5	57	15	42	14	53
1x25	24	59	18	1	33	3	56
1x25	26	34	15	20	59	39	10
1x25	27	11	35	46	40	26	20
1x25	27	31	35	43	2	41	9
1x25	27	53	46	26	33	6	52
1x25	27	6	42	55	13	52	2
1x25	28	43	54	13	55	45	39
1x25	28	45	26	43	1	55	12
1x25	28	49	54	23	45	26	11
1x25	29	21	20	14	12	40	52
1x25	29	37	13	20	51	60	1
1x25	29	44	5	54	32	34	43
1x25	30	15	3	49	55	60	35
1x25	30	29	32	58	57	9	33
1x25	30	58	42	36	48	53	38
1x25	32	27	1	36	45	47	16
1x25	33	26	11	49	15	34	39
1x25	33	26	3	16	34	55	18
1x25	33	50	7	40	15	57	1
1x25	33	53	21	12	32	35	3
1x25	34	14	4	43	53	1	44
1x25	35	10	26	51	50	41	21
1x25	35	24	32	51	15	49	16
1x25	36	32	8	23	44	52	11
1x25	36	8	46	1	21	38	28
1x25	37	18	21	60	38	36	44
1x25	37	18	47	7	28	2	58
1x25	37	3	19	55	30	43	29
1x25	37	34	44	10	49	58	30
1x25	37	43	35	24	34	33	14
1x25	38	9	7	27	51	6	50
1x25	39	2	3	42	28	26	1
1x25	39	4	51	32	35	27	50
1x25	39	5	2	17	38	58	48
1x25	4	18	19	40	54	26	51
1x25	4	19	47	43	59	34	42
1x25	4	23	12	59	28	54	8
1x25	4	43	57	37	22	8	1
1x25	4	57	32	22	13	40	38
1x25	4	58	6	22	34	11	7
1x25	40	28	37	30	36	58	43
1x25	40	31	55	56	17	52	58
1x25	40	50	12	53	59	23	28
1x25	40	59	53	56	22	21	27
1x25	41	16	21	14	40	36	39
1x25	41	18	16	38	11	15	19
1x25	42	38	8	7	20	39	3
1x25	42	44	60	38	1	16	46
1x25	42	7	6	23	16	37	1
1x25	42	9	60	45	27	37	22
1x25	43	1	13	24	38	54	46
1x25	43	12	19	20	7	3	39
1x25	43	26	34	38	42	12	31
1x25	43	38	27	37	10	6	31
1x25	44	23	2	34	54	56	39
1x25	44	24	39	51	9	7	17
1x25	44	47	15	53	10	58	37
1x25	44	53	38	48	1	58	15
1x25	44	56	28	15	55	2	9
1x25	44	60	26	8	2	24	59
1x25	44	7	51	35	3	27	56
1x25	45	44	20	40	15	60	5
1x25	46	21	40	18	15	58	42
1x25	46	26	42	27	59	18	60
1x25	46	55	28	49	31	1	53
1x25	47	2	12	29	39	40	54
1x25	47	3	17	39	18	10	15
1x25	47	55	44	28	11	12	5
1x25	48	15	47	54	23	56	43
1x25	48	24	12	26	2	16	46
1x25	48	33	40	5	18	28	26
1x25	48	37	30	54	29	9	52
1x25	48	45	21	14	24	36	54
1x25	48	49	27	42	28	4	20
1x25	48	53	41	13	18	7	58
1x25	48	59	6	37	49	43	53
1x25	49	2	1	18	17	57	41
1x25	49	39	19	5	54	21	13
1x25	5	31	18	15	30	21	54
1x25	5	6	18	19	23	48	20
1x25	5	9	19	33	39	12	26
1x25	50	10	20	14	41	59	40
1x25	50	34	39	53	21	13	35
1x25	50	34	41	18	23	8	21
1x25	50	52	27	46	14	5	60
1x25	51	38	42	37	33	1	16
1x25	53	14	37	19	29	54	11
1x25	53	16	60	9	38	26	36
1x25	53	17	12	10	14	4	22
1x25	53	17	32	55	41	18	54
1x25	54	1	22	35	18	21	9
1x25	54	14	43	58	12	40	9
1x25	54	7	15	4	19	5	49
1x25	55	45	16	18	17	47	34
1x25	56	38	27	59	52	12	58
1x25	56	38	49	52	18	29	51
1x25	56	44	43	5	58	35	45
1x25	57	2	48	45	59	42	50
1x25	57	22	23	53	19	58	41
1x25	58	51	22	36	56	7	14
1x25	59	22	7	35	23	46	5
1x25	59	24	57	48	15	22	33
1x25	59	35	42	48	41	53	39
1x25	59	38	1	58	30	60	48
1x25	6	11	48	3	12	14	49
1x25	6	21	22	46	60	54	2
1x25	6	39	29	9	51	45	20
1x25	6	47	35	39	1	41	57
1x25	6	5	8	34	35	57	22
1x25	6	54	52	12	27	26	56
1x25	60	26	28	12	54	49	42
1x25	60	28	29	57	48	59	40
1x25	60	32	3	16	41	33	45
1x25	60	43	54	19	55	41	22
1x25	60	50	15	54	2	38	23
1x25	60	6	40	49	4	52	8
1x25	7	43	30	21	34	5	42
1x25	7	52	53	33	1	55	40
1x25	7	53	43	44	13	9	33
1x25	9	1	36	44	47	33	2
1x25	9	20	46	33	32	35	55
1x25	9	36	40	17	33	44	5
1x25	9	6	12	60	1	50	35
1x25	9	6	27	22	19	58	29
1x26	1	27	7	57	28	35	23
1x26	1	32	40	57	48	27	30
1x26	1	40	47	8	14	41	50
1x26	10	18	60	34	44	35	38
1x26	11	44	42	35	43	49	1
1x26	12	18	30	14	33	16	19
1x26	12	4	9	56	58	50	28
1x26	13	10	34	9	30	14	55
1x26	13	18	20	22	47	29	21
1x26	13	24	59	39	28	52	16
1x26	13	5	56	12	48	21	30
1x26	13	50	51	18	24	48	6
1x26	13	53	5	2	7	55	42
1x26	13	59	4	27	53	50	19
1x26	14	10	9	20	11	58	18
1x26	14	30	18	20	58	35	9
1x26	14	50	31	22	27	55	13
1x26	15	19	34	7	48	57	37
1x26	15	22	12	46	19	5	8
1x26	15	22	23	17	50	34	38
1x26	15	37	57	23	51	6	13
1x26	17	24	28	30	20	27	2
1x26	17	41	9	49	7	60	32
1x26	18	1	30	14	9	43	46
1x26	18	23	53	9	33	24	5
1x26	19	36	11	17	50	45	30
1x26	19	48	2	54	41	51	10
1x26	19	50	45	47	30	9	55
1x26	2	46	50	12	11	36	54
1x26	2	49	7	22	41	23	10
1x26	20	3	5	9	23	24	39
1x26	20	58	49	3	54	41	48
1x26	21	11	34	51	8	58	20
1x26	22	30	17	25	44	18	34
1x26	22	39	41	28	23	43	50
1x26	23	42	6	13	55	11	15
1x26	23	54	35	39	10	42	32
1x26	24	12	44	5	20	46	54
1x26	24	25	42	4	11	45	32
1x26	24	36	19	12	21	59	51
1x26	25	20	49	42	5	47	27
1x26	25	36	57	5	34	41	16
1x26	27	34	49	22	54	57	5
1x26	27	35	9	38	17	18	8
1x26	27	49	43	30	17	28	52
1x26	28	24	19	36	15	47	43
1x26	28	42	15	9	12	20	43
1x26	28	8	11	13	32	56	33
1x26	29	30	57	43	5	44	14
1x26	29	57	43	23	11	42	46
1x26	3	1	23	34	40	9	18
1x26	3	10	17	21	23	37	36
1x26	3	27	23	59	55	4	16
1x26	3	34	31	14	27	4	40
1x26	3	51	4	43	35	21	11
1x26	3	8	58	36	46	25	27
1x26	30	37	59	23	15	47	56
1x26	32	18	54	9	31	49	14
1x26	32	31	59	45	20	40	60
1x26	32	53	25	24	38	28	13
1x26	32	57	4	27	44	24	13
1x26	33	44	12	52	54	30	35
1x26	33	50	55	44	27	56	12
1x26	34	30	53	5	33	19	42
1x26	34	49	3	51	41	17	2
1x26	34	53	35	49	7	56	32
1x26	34	56	18	16	23	55	25
1x26	35	40	50	53	27	18	28
1x26	35	55	56	8	50	25	57
1x26	35	57	24	21	25	9	43
1x26	36	43	47	40	24	5	27
1x26	36	6	59	50	43	34	38
1x26	37	55	27	42	50	25	7
1x26	38	12	9	51	18	53	46
1x26	38	28	16	42	43	18	54
1x26	38	41	60	3	5	54	33
1x26	39	3	8	16	12	58	25
1x26	39	37	52	59	25	40	8
1x26	39	43	16	55	24	9	32
1x26	39	54	52	31	9	60	38
1x26	4	39	44	33	2	32	23
1x26	40	11	36	56	42	57	4
1x26	40	34	23	29	30	57	38
1x26	41	27	47	4	38	23	49
1x26	41	54	35	53	23	15	36
1x26	42	20	59	34	57	32	58
1x26	42	43	2	51	25	52	53
1x26	43	10	20	9	40	7	51
1x26	43	38	51	7	8	45	36
1x26	43	41	1	56	58	9	51
1x26	44	13	53	41	17	28	20
1x26	44	45	30	29	32	25	55
1x26	44	54	7	24	56	10	9
1x26	45	12	34	18	47	29	33
1x26	45	55	10	54	34	16	24
1x26	46	22	14	29	42	8	28
1x26	46	50	8	17	29	55	43
1x26	47	20	31	57	11	13	41
1x26	47	23	12	28	1	24	56
1x26	47	46	50	49	31	18	20
1x26	47	51	40	58	49	13	29
1x26	47	58	13	56	27	59	3
1x26	47	60	52	13	51	40	38
1x26	48	15	9	40	52	17	11
1x26	48	23	53	17	34	39	58
1x26	48	59	17	16	58	13	31
1x26	48	60	55	49	14	9	22
1x26	49	22	55	24	32	15	29
1x26	49	45	20	59	54	27	9
1x26	49	5	43	19	28	7	10
1x26	5	3	14	22	50	59	57
1x26	5	30	54	32	21	18	46
1x26	5	34	11	1	7	20	17
1x26	5	47	22	13	7	8	28
1x26	5	56	38	42	10	8	59
1x26	5	9	10	51	2	50	6
1x26	50	14	53	54	41	2	6
1x26	50	21	44	4	23	35	24
1x26	50	60	22	20	8	33	24
1x26	52	19	57	3	11	4	21
1x26	52	3	36	15	51	44	5
1x26	52	33	8	57	51	17	2
1x26	52	34	12	51	36	43	55
1x26	52	47	8	20	17	1	16
1x26	52	49	14	11	16	6	19
1x26	53	41	34	19	2	43	16
1x26	53	46	16	40	50	34	7
1x26	54	57	1	31	35	13	28
1x26	55	34	31	22	25	16	39
1x26	55	46	52	15	40	13	60
1x26	55	60	33	2	32	38	51
1x26	55	7	41	49	58	56	51
1x26	56	25	29	19	9	18	48
1x26	58	16	5	50	13	23	9
1x26	58	20	28	3	11	47	41
1x26	58	24	4	29	18	27	38
1x26	58	29	47	32	19	10	42
1x26	58	31	9	7	21	37	51
1x26	58	34	56	55	48	24	6
1x26	58	50	40	36	19	5	10
1x26	58	54	46	23	3	43	29
1x26	59	27	48	8	46	36	57
1x26	59	44	24	41	40	11	31
1x26	59	55	28	36	32	24	30
1x26	6	12	25	32	18	11	35
1x26	6	30	42	17	29	54	18
1x26	6	33	46	53	49	24	42
1x26	60	45	48	38	17	7	19
1x26	7	14	54	11	37	40	29
1x26	7	25	12	51	5	11	32
1x26	7	25	20	46	22	42	27
1x26	7	32	25	48	2	45	51
1x26	7	8	22	14	13	39	29
1x26	8	27	43	58	10	46	17
1x26	8	43	9	27	50	44	2
1x26	9	60	16	7	10	15	35
1x27	1	35	24	47	50	10	45
1x27	1	9	3	24	4	12	32
1x27	10	39	3	17	22	11	45
1x27	10	7	15	50	46	22	41
1x27	11	15	45	53	20	49	33
1x27	11	39	53	32	42	17	3
1x27	11	48	7	10	31	47	51
1x27	11	50	39	55	59	19	13
1x27	11	56	18	10	19	30	23
1x27	12	10	53	4	41	5	59
1x27	12	36	40	31	3	10	34
1x27	13	14	60	21	22	26	2
1x27	13	18	59	20	21	42	57
1x27	15	10	9	58	18	5	37
1x27	15	52	60	17	34	19	24
1x27	16	19	5	45	31	36	1
1x27	16	20	18	60	26	7	21
1x27	16	46	20	47	31	44	10
1x27	16	7	40	42	2	52	8
1x27	17	22	8	23	2	47	30
1x27	17	44	49	43	16	20	12
1x27	17	47	41	24	48	46	53
1x27	17	51	54	32	55	23	46
1x27	18	19	32	42	15	14	38
1x27	18	39	16	8	11	4	6
1x27	19	18	24	30	11	20	16
1x27	19	35	22	54	31	23	24
1x27	2	40	55	28	43	59	26
1x27	2	45	11	25	50	53	52
1x27	2	45	47	13	44	55	49
1x27	2	47	42	22	6	53	49
1x27	2	49	59	9	52	42	3
1x27	20	19	29	2	46	22	48
1x27	21	23	1	41	6	42	47
1x27	21	28	40	1	33	35	54
1x27	21	44	59	25	6	41	49
1x27	21	52	42	20	44	1	10
1x27	23	10	16	49	50	18	26
1x27	23	25	9	39	8	55	33
1x27	23	42	41	28	4	34	30
1x27	24	18	31	46	44	3	51
1x27	24	25	32	30	21	39	58
1x27	25	48	44	59	42	14	19
1x27	25	57	60	48	2	15	28
1x27	26	60	18	39	9	16	10
1x27	28	15	21	23	13	11	49
1x27	28	21	9	40	43	55	14
1x27	29	16	49	17	3	9	51
1x27	3	46	23	11	13	9	40
1x27	3	46	26	53	51	37	41
1x27	30	17	2	54	44	49	14
1x27	30	29	23	9	34	26	5
1x27	30	56	47	54	25	45	60
1x27	30	8	32	37	49	12	35
1x27	31	30	14	36	38	54	19
1x27	31	44	26	14	49	17	9
1x27	31	46	45	50	8	33	42
1x27	31	59	17	23	40	36	49
1x27	32	3	39	57	19	20	36
1x27	32	39	59	46	43	1	14
1x27	33	40	38	7	50	23	30
1x27	33	54	3	57	9	46	30
1x27	33	57	17	18	43	47	55
1x27	33	8	48	37	45	38	44
1x27	34	40	42	60	16	32	11
1x27	35	33	25	34	44	20	50
1x27	35	5	12	33	53	48	2
1x27	36	35	56	5	6	55	11
1x27	36	35	57	4	16	54	52
1x27	37	15	44	30	23	17	55
1x27	37	18	58	3	50	12	47
1x27	37	47	36	54	41	56	16
1x27	37	6	24	20	15	7	49
1x27	38	46	44	39	15	52	6
1x27	39	2	36	42	48	7	47
1x27	39	29	43	17	13	21	31
1x27	39	31	7	58	52	2	42
1x27	39	9	60	26	52	42	53
1x27	4	22	9	15	42	20	7
1x27	4	30	21	35	43	1	41
1x27	4	32	23	28	35	43	45
1x27	4	45	55	52	23	18	48
1x27	40	13	23	31	39	21	50
1x27	40	13	52	8	54	48	35
1x27	40	32	39	28	51	35	54
1x27	40	43	33	30	55	34	50
1x27	40	50	18	46	30	1	33
1x27	40	6	21	17	4	39	35
1x27	42	13	39	44	47	20	37
1x27	43	3	41	24	14	30	2
1x27	43	47	55	48	50	6	19
1x27	44	26	34	29	4	21	20
1x27	44	31	23	49	48	58	41
1x27	44	7	52	57	36	31	20
1x27	45	19	8	6	13	56	53
1x27	45	49	47	43	24	37	6
1x27	45	53	42	36	7	24	6
1x27	46	10	2	34	47	48	4
1x27	47	53	34	43	2	41	28
1x27	48	35	36	40	46	9	42
1x27	48	38	51	40	16	35	15
1x27	48	40	51	9	19	11	14
1x27	48	59	47	57	22	24	34
1x27	48	7	2	13	15	39	6
1x27	48	7	41	30	33	60	31
1x27	49	2	54	25	29	45	33
1x27	49	2	57	3	21	7	32
1x27	49	47	21	1	37	11	5
1x27	49	5	56	21	8	58	60
1x27	49	55	59	52	37	23	13
1x27	5	39	13	31	33	56	50
1x27	5	44	58	49	36	15	56
1x27	50	3	12	56	36	52	7
1x27	50	41	13	19	22	28	7
1x27	50	5	3	40	58	45	59
1x27	50	52	49	12	8	33	42
1x27	50	58	47	45	35	5	1
1x27	51	41	44	48	58	12	7
1x27	53	1	46	52	25	16	36
1x27	53	33	28	52	5	25	44
1x27	53	47	50	39	12	13	35
1x27	53	48	23	33	34	51	49
1x27	53	7	47	50	45	46	48
1x27	54	14	19	26	1	4	20
1x27	54	22	18	7	42	16	32
1x27	54	33	58	23	52	37	15
1x27	54	41	8	37	21	40	12
1x27	54	51	44	21	30	18	39
1x27	54	59	55	13	44	22	60
1x27	55	31	28	2	11	46	43
1x27	55	49	2	7	58	12	8
1x27	56	11	16	49	52	40	28
1x27	58	17	13	20	57	1	35
1x27	58	20	22	59	44	36	30
1x27	58	26	42	45	36	38	12
1x27	58	36	39	54	46	22	43
1x27	59	15	28	23	31	10	34
1x27	6	12	16	53	1	48	50
1x27	6	19	34	16	50	58	53
1x27	6	23	54	39	28	58	51
1x27	6	51	32	55	23	44	17
1x27	60	42	57	29	36	24	4
1x27	60	52	46	2	4	50	20
1x27	7	3	42	26	60	6	37
1x27	7	49	37	48	33	35	43
1x27	7	50	8	43	37	40	33
1x27	7	6	52	29	3	14	22
1x27	9	14	52	34	36	12	39
1x27	9	15	58	52	4	48	26
1x27	9	3	43	38	47	44	50
1x27	9	37	16	45	2	35	4
1x27	9	39	36	33	17	2	49
1x27	9	43	54	29	48	6	53
1x28	1	25	55	22	10	21	11
1x28	1	9	48	18	23	20	45
1x28	10	26	12	51	39	55	5
1x28	10	41	36	35	25	40	19
1x28	11	18	36	33	17	35	30
1x28	11	4	25	33	26	39	53
1x28	12	23	2	59	48	32	14
1x28	12	52	51	58	25	26	37
1x28	13	46	36	1	59	4	21
1x28	13	5	50	42	23	47	51
1x28	14	58	60	31	42	40	21
1x28	14	6	5	52	59	3	20
1x28	14	8	51	27	4	10	31
1x28	15	36	56	5	4	31	13
1x28	15	52	45	34	10	33	47
1x28	16	12	51	24	38	6	53
1x28	16	15	8	23	45	10	13
1x28	16	23	29	6	18	15	35
1x28	16	26	44	1	34	55	59
1x28	16	3	4	43	15	5	33
1x28	16	4	7	11	46	3	38
1x28	17	10	5	2	40	12	16
1x28	17	13	10	60	4	29	27
1x28	17	25	9	53	22	6	48
1x28	17	53	57	46	58	32	30
1x28	18	43	45	2	36	59	35
1x28	18	50	39	31	13	7	34
1x28	2	3	42	54	26	27	33
1x28	2	32	50	38	3	33	16
1x28	2	51	13	31	15	60	48
1x28	2	56	30	39	32	34	1
1x28	20	41	48	33	53	24	59
1x28	20	57	4	60	2	15	56
1x28	21	22	30	18	27	34	35
1x28	21	24	33	9	7	5	49
1x28	22	47	36	41	9	25	42
1x28	22	53	33	41	2	20	56
1x28	22	56	55	39	26	52	43
1x28	22	56	58	48	43	30	1
1x28	23	21	32	24	5	25	16
1x28	24	19	8	7	55	15	20
1x28	24	39	20	18	7	25	36
1x28	25	40	55	14	10	26	11
1x28	26	13	37	38	50	16	11
1x28	26	15	24	55	4	41	46
1x28	26	25	49	7	46	33	6
1x28	26	58	12	8	40	34	54
1x28	26	60	45	56	37	53	51
1x28	26	9	22	38	35	45	36
1x28	27	2	36	34	16	14	15
1x28	27	51	10	46	42	60	57
1x28	27	55	2	49	52	60	18
1x28	27	7	22	21	54	11	17
1x28	29	17	54	58	53	37	49
1x28	29	21	10	9	18	5	46
1x28	29	3	23	57	58	44	16
1x28	29	36	25	26	13	7	31
1x28	3	38	9	58	4	34	30
1x28	3	7	51	25	42	2	47
1x28	30	55	31	54	46	4	1
1x28	30	55	9	15	40	35	8
1x28	31	16	12	26	33	44	20
1x28	31	41	43	2	46	24	14
1x28	31	50	15	27	49	9	24
1x28	31	60	49	2	17	11	10
1x28	32	11	48	16	50	7	56
1x28	32	19	13	31	35	26	59
1x28	32	39	22	56	42	2	51
1x28	32	60	36	17	54	23	37
1x28	33	32	31	10	59	26	17
1x28	34	41	48	39	47	38	10
1x28	34	43	14	50	59	37	39
1x28	34	53	35	7	46	42	30
1x28	35	59	37	44	3	27	13
1x28	36	52	47	18	25	16	43
1x28	37	10	55	23	20	34	35
1x28	37	32	50	3	58	23	53
1x28	37	38	17	12	35	40	15
1x28	37	44	49	59	57	12	54
1x28	37	56	49	36	53	10	46
1x28	37	60	17	19	11	57	18
1x28	37	8	2	46	13	51	26
1x28	38	56	5	24	49	14	21
1x28	39	47	53	59	27	11	35
1x28	40	12	31	25	55	1	2
1x28	41	1	38	57	58	31	19
1x28	41	5	16	55	19	12	31
1x28	42	29	46	22	11	2	43
1x28	42	57	24	45	32	38	12
1x28	43	32	5	58	47	11	31
1x28	44	35	6	57	56	54	40
1x28	44	37	20	25	47	59	58
1x28	45	29	6	13	12	3	21
1x28	45	33	48	8	53	5	38
1x28	46	10	34	59	54	35	58
1x28	46	16	56	7	23	6	4
1x28	46	29	27	43	1	19	58
1x28	46	36	59	44	26	7	6
1x28	46	4	12	36	19	13	53
1x28	46	49	31	1	24	33	44
1x28	46	54	19	15	22	8	11
1x28	47	26	48	18	35	7	22
1x28	47	29	1	33	5	40	34
1x28	47	58	4	36	49	52	45
1x28	48	58	26	18	19	43	12
1x28	48	59	25	53	38	14	55
1x28	49	11	22	57	47	29	16
1x28	49	16	8	5	24	52	27
1x28	49	46	6	18	23	26	55
1x28	49	56	36	41	60	4	16
1x28	5	44	37	6	22	51	48
1x28	5	49	53	19	12	33	30
1x28	50	20	12	53	10	54	58
1x28	50	52	2	35	37	15	58
1x28	50	55	20	26	48	31	22
1x28	51	4	1	32	46	7	36
1x28	52	3	27	9	21	60	33
1x28	52	35	50	51	17	47	34
1x28	53	13	1	17	31	55	21
1x28	53	14	56	42	21	11	58
1x28	53	55	36	54	35	10	46
1x28	53	59	51	23	44	12	39
1x28	54	10	58	5	35	37	42
1x28	54	33	56	4	3	27	12
1x28	54	55	9	24	51	59	2
1x28	54	6	4	2	26	15	7
1x28	54	9	1	53	58	18	30
1x28	55	59	3	41	50	25	27
1x28	56	21	46	26	5	34	11
1x28	57	11	45	5	24	42	13
1x28	57	2	40	44	46	29	20
1x28	57	20	16	15	38	2	34
1x28	57	35	26	43	56	11	55
1x28	57	55	45	47	11	48	8
1x28	58	10	7	59	50	26	2
1x28	58	19	49	22	27	23	47
1x28	58	26	44	37	10	60	27
1x28	58	51	17	9	38	34	35
1x28	59	24	34	36	38	54	2
1x28	59	34	30	12	27	2	50
1x28	6	36	19	51	10	49	44
1x28	6	4	32	7	60	14	21
1x28	60	9	26	48	37	7	3
1x28	7	25	41	48	26	19	21
1x28	7	59	3	18	25	40	33
1x28	8	19	26	40	4	3	39
1x28	8	5	34	16	32	23	35
1x28	9	20	17	25	42	8	5
1x28	9	39	43	24	3	18	36
1x28	9	45	40	30	58	29	52
1x29	1	27	35	48	7	15	40
1x29	1	36	53	9	2	15	31
1x29	1	42	6	30	41	24	57
1x29	10	3	16	6	18	19	44
1x29	10	51	24	3	22	56	25
1x29	10	53	15	24	23	14	32
1x29	10	59	49	25	1	21	47
1x29	11	33	45	47	55	14	39
1x29	11	58	26	2	4	41	56
1x29	12	21	4	57	6	60	7
1x29	12	48	11	24	34	31	35
1x29	12	59	25	37	19	40	39
1x29	13	25	47	21	16	59	4
1x29	14	22	47	41	20	45	38
1x29	14	46	28	45	43	49	39
1x29	14	58	4	28	31	1	33
1x29	15	19	45	54	35	2	47
1x29	15	22	20	21	58	9	30
1x29	15	36	50	58	26	20	44
1x29	15	8	18	47	34	25	57
1x29	15	9	54	31	52	46	5
1x29	16	1	7	14	60	17	39
1x29	16	21	1	56	40	46	11
1x29	16	30	39	26	2	40	23
1x29	17	38	26	47	6	56	4
1x29	17	4	58	53	44	25	33
1x29	17	42	18	59	31	24	58
1x29	17	43	2	41	26	37	40
1x29	17	54	36	30	14	24	33
1x29	19	32	12	35	11	39	47
1x29	19	34	26	12	59	21	41
1x29	19	35	13	11	27	60	33
1x29	19	4	50	3	6	27	26
1x29	19	42	20	14	18	28	57
1x29	2	27	32	39	21	8	26
1x29	2	32	30	58	22	47	43
1x29	2	45	27	11	3	54	55
1x29	2	55	47	20	57	14	42
1x29	20	31	5	42	52	15	14
1x29	20	48	60	3	21	41	57
1x29	20	57	46	31	36	3	21
1x29	20	6	1	14	33	51	3
1x29	21	37	15	47	41	25	13
1x29	21	4	22	50	7	46	37
1x29	21	55	16	36	35	8	5
1x29	22	10	8	15	25	18	34
1x29	22	14	1	7	43	59	13
1x29	22	16	32	4	17	46	52
1x29	22	18	49	10	55	24	28
1x29	22	32	26	39	31	14	49
1x29	23	42	27	10	54	56	11
1x29	23	50	18	47	16	6	45
1x29	24	20	8	15	6	60	51
1x29	24	45	54	18	48	38	34
1x29	25	20	35	3	38	57	17
1x29	25	27	40	14	41	16	34
1x29	25	33	38	30	45	56	54
1x29	25	51	39	40	46	12	1
1x29	26	13	1	3	8	49	48
1x29	26	55	20	54	47	16	10
1x29	26	59	1	18	37	48	31
1x29	27	24	33	56	14	3	53
1x29	28	26	34	18	14	38	12
1x29	28	4	10	42	21	1	51
1x29	28	56	23	26	40	4	48
1x29	3	10	46	5	33	16	49
1x29	3	31	33	16	50	41	52
1x29	3	32	17	7	44	57	5
1x29	3	34	44	43	42	54	53
1x29	3	42	1	11	4	20	25
1x29	30	50	52	22	7	38	6
1x29	30	57	47	14	6	40	60
1x29	30	6	50	26	46	20	14
1x29	30	6	55	21	45	25	28
1x29	31	12	7	59	39	44	19
1x29	31	41	5	4	23	24	54
1x29	31	51	32	59	3	20	46
1x29	32	25	53	51	59	58	43
1x29	33	15	44	40	25	52	19
1x29	33	3	52	37	30	17	40
1x29	33	58	36	31	54	26	51
1x29	33	8	51	9	43	46	55
1x29	34	4	23	15	2	39	40
1x29	34	40	31	55	17	36	6
1x29	35	24	2	41	59	12	38
1x29	35	47	23	9	41	57	13
1x29	36	20	45	57	2	9	6
1x29	36	7	15	37	6	16	27
1x29	37	26	28	44	49	27	55
1x29	37	28	23	9	50	18	5
1x29	37	35	32	19	60	45	27
1x29	38	1	32	2	14	12	26
1x29	38	19	41	54	55	57	25
1x29	38	3	56	53	37	20	22
1x29	38	4	44	55	8	9	53
1x29	38	44	20	19	2	18	51
1x29	38	54	21	17	31	26	41
1x29	38	9	23	31	4	50	21
1x29	39	24	17	26	5	9	48
1x29	39	28	48	46	25	58	60
1x29	4	37	55	56	15	32	47
1x29	40	33	24	55	56	23	54
1x29	41	11	3	14	21	10	34
1x29	41	48	10	31	47	57	19
1x29	42	19	32	58	5	4	60
1x29	42	43	56	53	12	60	22
1x29	42	47	10	18	39	5	28
1x29	42	58	9	26	45	41	60
1x29	43	32	38	18	14	48	16
1x29	43	55	26	16	32	19	50
1x29	43	59	20	44	14	16	25
1x29	45	5	46	40	44	13	43
1x29	45	9	6	14	34	30	38
1x29	46	33	57	4	50	37	15
1x29	46	40	58	33	19	55	24
1x29	46	5	41	44	9	51	23
1x29	46	9	11	33	57	56	34
1x29	47	18	36	33	44	42	23
1x29	47	51	32	24	34	38	21
1x29	47	6	55	57	7	34	46
1x29	47	7	35	12	32	54	52
1x29	49	16	33	24	45	60	20
1x29	49	47	60	6	27	5	56
1x29	49	53	56	19	8	33	18
1x29	49	57	48	31	44	22	18
1x29	5	31	40	49	47	50	11
1x29	5	4	36	1	58	32	3
1x29	50	3	11	21	15	8	58
1x29	50	38	3	33	56	16	30
1x29	50	39	24	14	42	46	41
1x29	50	51	33	38	27	35	10
1x29	51	14	24	31	60	12	20
1x29	51	2	53	5	59	32	36
1x29	51	34	18	32	31	12	54
1x29	52	32	6	5	53	57	54
1x29	52	36	43	18	33	6	44
1x29	53	16	58	32	9	37	42
1x29	53	27	8	6	48	51	25
1x29	53	35	42	14	3	49	33
1x29	53	42	35	22	43	5	40
1x29	53	48	22	47	56	50	42
1x29	54	21	44	39	20	56	25
1x29	54	22	43	8	33	60	14
1x29	54	25	21	23	6	27	31
1x29	54	43	52	20	18	15	17
1x29	54	59	42	48	41	43	14
1x29	55	30	47	1	40	36	25
1x29	56	44	17	12	32	3	45
1x29	57	10	20	13	56	16	2
1x29	57	32	9	10	52	59	37
1x29	57	45	16	22	56	10	58
1x29	57	46	59	12	38	42	15
1x29	57	51	26	37	38	8	28
1x29	58	11	26	38	44	2	37
1x29	58	12	39	5	8	20	17
1x29	58	36	27	56	15	11	47
1x29	58	53	9	11	33	1	23
1x29	59	18	57	49	40	21	37
1x29	59	55	12	36	21	43	50
1x29	6	47	42	20	5	7	30
1x29	6	50	59	48	24	20	27
1x29	60	12	45	15	18	16	54
1x29	60	14	10	40	33	41	49
1x29	60	2	8	9	15	12	11
1x29	60	24	51	45	31	42	50
1x29	60	28	52	31	8	40	57
1x29	60	35	16	36	52	37	9
1x29	60	8	27	30	2	39	16
1x29	7	37	33	47	2	59	22
1x29	8	19	56	20	57	54	15
1x29	8	24	52	11	56	1	26
1x29	8	25	1	17	13	22	49
1x29	9	19	40	46	4	12	2
1x29	9	22	25	31	50	17	36
1x29	9	27	6	33	28	52	17
1x3	1	13	31	8	4	34	5
1x3	1	55	13	57	28	20	44
1x3	11	29	13	2	57	40	15
1x3	11	9	24	43	47	27	22
1x3	12	15	46	16	23	2	36
1x3	12	23	51	52	25	39	30
1x3	12	52	22	56	46	55	36
1x3	13	30	47	11	26	56	10
1x3	13	39	14	20	35	40	11
1x3	13	58	28	39	34	25	50
1x3	14	34	30	52	24	39	50
1x3	14	58	24	28	17	6	5
1x3	14	7	33	42	37	23	34
1x3	15	58	34	32	47	53	42
1x3	16	25	41	15	46	35	42
1x3	16	41	5	49	55	17	6
1x3	17	47	16	55	49	12	58
1x3	18	16	59	29	49	41	44
1x3	18	27	11	7	55	12	26
1x3	18	27	60	17	8	23	10
1x3	18	41	25	57	21	4	17
1x3	18	48	52	5	29	25	19
1x3	18	55	2	36	59	8	57
1x3	18	55	44	11	17	10	30
1x3	19	18	17	13	37	41	34
1x3	19	4	44	40	20	28	39
1x3	19	59	31	25	50	6	13
1x3	2	1	36	4	22	40	52
1x3	2	28	30	23	57	9	1
1x3	2	41	22	49	11	51	12
1x3	20	39	40	14	36	51	18
1x3	20	57	27	26	39	51	34
1x3	21	10	8	45	7	43	48
1x3	21	13	32	58	56	5	36
1x3	21	13	51	57	26	29	59
1x3	22	33	36	19	39	10	29
1x3	23	13	30	48	24	31	10
1x3	23	4	29	37	47	24	30
1x3	23	8	43	11	18	57	36
1x3	24	33	42	59	32	51	44
1x3	24	49	9	32	54	42	1
1x3	24	52	51	48	39	55	45
1x3	24	6	50	25	26	46	27
1x3	25	16	22	5	24	13	12
1x3	25	32	19	21	37	52	33
1x3	25	59	56	53	50	47	41
1x3	26	10	28	2	45	31	5
1x3	26	2	17	34	5	16	56
1x3	26	35	7	30	27	59	23
1x3	26	48	16	47	37	51	22
1x3	26	53	56	28	22	58	15
1x3	26	54	16	6	22	49	36
1x3	26	58	10	24	8	18	49
1x3	27	10	60	55	34	42	41
1x3	27	14	47	54	7	22	56
1x3	27	30	20	49	13	9	39
1x3	27	48	54	55	23	44	1
1x3	27	55	30	57	25	58	9
1x3	27	8	56	54	35	14	36
1x3	28	19	29	40	15	8	23
1x3	29	12	37	41	56	2	27
1x3	29	13	8	45	23	36	41
1x3	29	17	38	32	28	47	30
1x3	30	14	32	43	13	55	51
1x3	32	10	33	45	23	41	8
1x3	32	29	5	37	48	56	59
1x3	32	52	1	18	60	34	5
1x3	34	17	8	10	11	47	52
1x3	34	43	8	2	42	21	13
1x3	34	48	21	9	27	7	40
1x3	35	14	1	18	55	41	53
1x3	35	24	6	26	14	48	56
1x3	36	21	13	41	30	25	42
1x3	36	50	8	56	12	39	27
1x3	36	9	32	51	33	58	24
1x3	37	57	59	8	5	51	4
1x3	37	8	33	41	18	56	13
1x3	38	46	6	24	20	18	47
1x3	38	6	47	58	40	33	50
1x3	39	20	48	22	7	52	45
1x3	39	51	31	48	7	60	44
1x3	39	8	44	9	5	21	10
1x3	4	26	29	47	24	8	10
1x3	4	31	1	7	15	47	46
1x3	4	32	17	18	43	19	44
1x3	40	19	6	27	34	22	25
1x3	40	27	37	44	23	14	6
1x3	40	27	47	8	14	59	9
1x3	40	28	45	15	24	43	18
1x3	40	33	26	12	54	11	43
1x3	40	33	54	35	57	51	9
1x3	40	43	11	55	36	39	1
1x3	41	24	54	10	26	13	18
1x3	42	30	47	37	11	15	8
1x3	42	33	25	22	39	13	57
1x3	42	50	11	38	19	23	29
1x3	42	56	27	20	9	23	10
1x3	43	28	7	35	12	51	55
1x3	43	50	2	26	19	6	48
1x3	43	60	17	58	33	57	24
1x3	44	20	13	38	19	49	29
1x3	44	42	26	40	53	36	27
1x3	45	38	44	28	22	4	35
1x3	45	4	43	17	7	25	51
1x3	45	55	54	44	26	53	40
1x3	46	43	60	37	16	8	40
1x3	47	18	22	23	19	53	2
1x3	47	23	19	53	28	2	35
1x3	47	31	59	45	29	12	33
1x3	48	56	5	2	27	57	51
1x3	48	57	40	12	18	10	37
1x3	49	11	16	32	56	4	22
1x3	49	18	13	8	41	25	56
1x3	49	34	53	5	2	55	26
1x3	49	48	23	55	15	2	43
1x3	49	52	50	42	21	5	37
1x3	5	38	45	39	7	14	50
1x3	50	11	53	1	31	8	14
1x3	50	28	31	54	7	49	24
1x3	50	54	41	8	14	37	48
1x3	51	11	18	22	8	48	2
1x3	51	38	20	32	5	47	43
1x3	51	56	26	52	42	57	14
1x3	52	14	6	34	50	27	39
1x3	52	7	31	44	15	11	49
1x3	53	11	4	23	29	54	34
1x3	53	42	38	57	37	10	4
1x3	53	48	9	13	23	33	12
1x3	54	14	28	15	5	25	13
1x3	54	17	52	43	51	2	26
1x3	54	2	52	13	56	31	39
1x3	54	36	31	45	24	8	58
1x3	55	2	4	12	52	30	36
1x3	55	32	4	47	8	37	57
1x3	55	34	16	43	26	25	57
1x3	55	35	10	28	43	22	32
1x3	55	37	54	60	51	6	28
1x3	55	50	27	16	5	33	24
1x3	55	60	41	43	44	56	27
1x3	57	41	39	40	25	48	60
1x3	57	60	9	51	46	4	24
1x3	58	30	26	43	25	48	53
1x3	58	33	50	25	21	5	11
1x3	58	51	24	30	23	44	53
1x3	58	8	42	12	28	32	29
1x3	59	34	25	22	44	12	19
1x3	6	49	53	54	8	42	16
1x3	6	9	21	5	39	23	25
1x3	60	13	20	51	44	25	45
1x3	60	35	50	6	48	43	55
1x3	7	18	16	35	25	57	2
1x3	7	31	29	57	6	55	38
1x3	7	37	36	51	39	42	6
1x3	7	44	53	12	60	23	36
1x3	7	55	30	25	12	33	2
1x3	8	11	44	41	1	50	54
1x3	8	19	14	2	38	32	58
1x3	8	24	23	14	1	51	20
1x3	8	4	38	2	5	22	24
1x3	8	42	14	49	36	38	51
1x3	8	42	18	12	2	21	9
1x3	9	13	44	31	22	2	54
1x3	9	6	48	47	52	7	29
1x30	1	18	27	13	14	57	25
1x30	1	29	13	37	27	8	50
1x30	1	31	20	34	42	23	39
1x30	1	9	29	41	60	20	49
1x30	10	13	1	45	51	55	25
1x30	10	33	19	27	50	18	6
1x30	10	33	31	21	53	34	60
1x30	10	54	29	16	9	39	35
1x30	11	22	10	48	34	57	24
1x30	11	24	35	33	20	50	26
1x30	11	32	38	57	19	25	14
1x30	11	38	28	51	34	49	45
1x30	11	59	60	27	52	26	58
1x30	12	1	37	29	34	55	10
1x30	12	2	31	45	4	40	16
1x30	12	56	34	5	22	31	9
1x30	12	6	26	43	45	25	7
1x30	13	10	42	11	52	18	28
1x30	13	26	39	19	37	52	32
1x30	13	31	21	29	42	4	16
1x30	14	32	2	49	1	50	5
1x30	14	32	58	22	33	41	60
1x30	14	35	26	1	36	57	51
1x30	15	24	58	60	36	32	14
1x30	15	29	37	16	11	40	23
1x30	15	34	53	50	13	20	7
1x30	15	37	49	32	9	55	7
1x30	15	39	55	6	46	31	50
1x30	15	44	18	49	37	7	40
1x30	15	51	43	20	8	45	42
1x30	16	14	36	42	43	44	21
1x30	16	55	50	20	45	47	35
1x30	17	18	51	6	38	2	59
1x30	17	33	4	9	52	14	19
1x30	17	4	31	26	2	46	5
1x30	17	54	4	50	38	31	42
1x30	18	12	29	54	51	15	60
1x30	18	2	10	21	45	49	59
1x30	18	51	10	27	19	58	37
1x30	19	52	34	9	18	43	42
1x30	19	57	40	59	13	47	29
1x30	2	46	32	18	47	29	36
1x30	2	49	58	55	19	52	27
1x30	20	1	40	52	49	15	34
1x30	20	7	53	49	19	29	60
1x30	21	15	19	60	33	9	12
1x30	21	32	19	3	20	28	22
1x30	21	43	26	28	17	1	11
1x30	22	41	14	45	2	54	49
1x30	22	58	35	32	38	51	36
1x30	22	58	45	36	32	51	17
1x30	23	14	31	13	36	51	49
1x30	23	20	44	48	22	58	55
1x30	23	26	18	58	52	53	37
1x30	23	53	20	51	14	17	31
1x30	23	58	40	11	4	16	57
1x30	24	14	60	9	25	51	20
1x30	24	45	28	5	16	26	41
1x30	24	50	31	46	15	11	12
1x30	25	12	24	29	51	10	56
1x30	25	12	31	17	56	55	4
1x30	25	19	51	10	26	13	12
1x30	26	23	28	55	31	43	42
1x30	26	51	56	43	19	18	31
1x30	26	54	38	55	36	44	23
1x30	26	57	50	33	8	18	23
1x30	26	7	49	52	23	44	24
1x30	27	59	53	49	19	46	33
1x30	27	7	23	2	37	17	40
1x30	28	13	5	51	38	7	3
1x30	28	14	3	42	45	51	39
1x30	28	48	32	33	39	35	4
1x30	29	12	53	58	43	34	35
1x30	3	10	5	45	23	35	41
1x30	3	45	23	19	33	49	51
1x30	3	52	41	53	16	20	46
1x30	31	8	29	43	11	2	7
1x30	32	19	49	16	17	25	2
1x30	32	22	9	4	13	43	42
1x30	34	43	55	28	29	10	51
1x30	35	17	54	18	19	21	4
1x30	35	27	41	31	38	51	14
1x30	35	59	53	48	4	44	57
1x30	36	32	22	46	21	52	48
1x30	36	34	38	47	41	49	52
1x30	38	17	9	49	52	41	13
1x30	38	31	56	21	5	12	17
1x30	38	43	44	11	13	28	22
1x30	39	60	10	55	37	42	33
1x30	4	3	51	6	45	60	19
1x30	40	19	23	8	18	38	56
1x30	40	28	49	36	46	39	3
1x30	41	11	43	27	59	23	33
1x30	41	2	18	37	32	56	55
1x30	41	44	10	6	56	5	60
1x30	41	5	19	18	21	47	26
1x30	42	56	40	19	53	38	34
1x30	43	15	26	13	37	32	45
1x30	43	3	1	39	4	12	17
1x30	43	35	9	57	12	32	10
1x30	43	51	59	13	37	11	20
1x30	43	9	45	38	14	36	59
1x30	44	21	46	29	19	26	56
1x30	45	13	21	32	38	3	44
1x30	45	42	33	53	8	22	44
1x30	45	9	44	14	32	21	17
1x30	46	31	44	25	10	9	38
1x30	46	38	58	37	16	11	5
1x30	46	58	59	15	21	20	33
1x30	47	10	42	51	56	22	3
1x30	47	32	41	21	29	44	23
1x30	47	33	40	26	27	23	6
1x30	47	38	49	57	23	48	20
1x30	47	44	32	53	23	52	49
1x30	47	45	15	52	17	56	14
1x30	47	57	48	34	53	45	55
1x30	47	60	1	6	34	37	10
1x30	48	26	57	55	7	37	28
1x30	48	27	19	24	41	2	21
1x30	48	28	13	20	12	2	23
1x30	49	24	29	25	16	4	5
1x30	49	5	13	47	22	39	25
1x30	5	35	37	59	17	25	44
1x30	5	37	55	43	45	19	22
1x30	5	50	16	57	33	52	7
1x30	50	12	9	36	16	17	7
1x30	50	36	12	23	14	46	19
1x30	50	42	6	51	60	23	34
1x30	51	3	15	10	27	1	35
1x30	51	36	58	47	12	14	50
1x30	51	46	42	29	60	31	32
1x30	53	23	52	58	7	28	42
1x30	53	35	13	33	46	56	60
1x30	53	8	33	32	36	37	23
1x30	54	27	7	36	45	42	38
1x30	54	9	59	2	40	6	60
1x30	55	13	2	12	27	51	33
1x30	55	35	32	13	47	36	44
1x30	55	44	16	35	5	4	58
1x30	55	59	31	28	5	29	32
1x30	56	17	52	11	33	2	48
1x30	56	38	42	25	3	5	59
1x30	56	46	57	25	11	8	2
1x30	56	49	54	21	32	57	15
1x30	57	11	47	9	58	53	4
1x30	57	38	13	39	36	6	1
1x30	57	4	11	20	19	48	31
1x30	57	42	46	28	4	55	31
1x30	57	51	24	48	16	3	17
1x30	58	42	37	27	34	55	31
1x30	58	53	25	37	2	60	33
1x30	58	55	49	33	10	29	41
1x30	59	26	3	42	58	47	38
1x30	59	36	45	49	14	1	15
1x30	59	41	49	24	45	56	23
1x30	59	51	23	42	14	54	19
1x30	59	7	56	22	57	20	17
1x30	6	11	23	37	18	43	13
1x30	60	12	45	13	51	38	59
1x30	60	29	5	2	53	20	34
1x30	60	35	8	59	2	22	25
1x30	60	37	16	24	45	53	8
1x30	7	11	39	24	28	49	47
1x30	7	2	8	43	50	59	10
1x30	7	58	22	33	31	21	54
1x30	8	18	15	40	34	3	19
1x30	8	19	36	27	11	14	50
1x30	8	25	12	26	13	36	14
1x30	8	44	11	27	29	37	42
1x30	9	13	52	38	55	31	25
1x30	9	49	39	24	22	12	43
1x30	9	53	35	42	11	7	6
1x31	1	19	10	47	32	49	50
1x31	1	30	59	49	50	27	42
1x31	1	59	4	5	43	37	27
1x31	10	46	12	32	58	5	11
1x31	11	19	45	57	23	37	50
1x31	11	3	34	14	36	29	28
1x31	11	48	3	38	25	34	29
1x31	11	5	24	39	25	56	41
1x31	12	33	42	41	26	52	6
1x31	12	44	7	18	37	21	43
1x31	12	56	17	6	38	35	39
1x31	12	57	30	25	59	58	39
1x31	13	37	19	2	33	20	6
1x31	14	22	1	38	3	20	2
1x31	15	16	9	38	24	47	25
1x31	15	41	45	24	32	25	8
1x31	15	52	36	14	33	49	22
1x31	16	27	33	4	28	2	38
1x31	16	49	34	23	29	50	28
1x31	17	12	35	6	42	51	13
1x31	17	13	41	26	25	15	32
1x31	17	21	32	7	2	5	41
1x31	18	32	48	54	43	3	27
1x31	19	22	16	51	8	15	29
1x31	2	27	59	57	7	53	21
1x31	2	51	52	41	42	36	8
1x31	2	8	5	11	55	33	58
1x31	20	1	59	22	38	27	39
1x31	20	22	40	4	24	52	5
1x31	20	44	60	41	23	33	59
1x31	20	59	29	1	48	40	49
1x31	21	11	47	32	60	39	34
1x31	21	33	32	46	19	41	59
1x31	21	52	8	16	53	24	15
1x31	22	16	42	35	53	40	46
1x31	22	33	5	43	27	47	3
1x31	22	41	19	33	49	34	6
1x31	23	22	7	8	51	54	56
1x31	23	39	17	55	52	2	6
1x31	24	16	30	51	44	33	52
1x31	24	16	37	60	56	1	10
1x31	24	21	55	23	42	37	36
1x31	24	53	40	29	51	13	9
1x31	24	60	38	21	58	7	22
1x31	25	3	22	59	46	34	5
1x31	25	50	60	22	3	58	18
1x31	25	54	23	17	12	29	38
1x31	26	18	12	25	14	4	40
1x31	26	33	45	18	24	42	8
1x31	27	12	42	29	34	53	50
1x31	27	41	11	8	15	48	32
1x31	29	17	37	35	28	40	11
1x31	29	17	45	49	11	56	53
1x31	29	34	59	3	25	30	57
1x31	29	34	60	14	58	57	47
1x31	29	57	40	52	36	58	38
1x31	3	15	29	17	51	10	34
1x31	3	18	36	47	33	2	5
1x31	3	60	53	57	27	58	34
1x31	30	1	35	48	59	55	33
1x31	30	13	48	55	19	59	60
1x31	30	19	13	20	14	44	48
1x31	30	38	27	19	16	4	21
1x31	30	41	40	27	56	25	55
1x31	30	49	39	32	2	52	14
1x31	30	51	54	7	8	4	21
1x31	30	52	55	36	3	49	7
1x31	34	18	43	13	10	11	58
1x31	34	49	43	2	39	10	46
1x31	35	21	47	19	43	3	12
1x31	35	37	9	54	49	44	27
1x31	35	50	36	23	58	19	18
1x31	35	52	25	13	23	29	38
1x31	36	19	4	50	14	8	60
1x31	36	58	50	15	59	38	21
1x31	37	35	13	43	53	57	14
1x31	37	58	23	22	3	57	43
1x31	38	22	17	19	40	48	13
1x31	38	40	37	39	41	58	43
1x31	38	42	6	56	51	29	25
1x31	38	44	14	48	27	52	24
1x31	38	50	9	37	39	60	13
1x31	38	58	39	29	11	57	46
1x31	38	60	47	14	12	30	59
1x31	39	20	49	8	23	45	2
1x31	39	28	52	9	48	57	44
1x31	40	25	11	19	37	24	58
1x31	40	26	12	5	10	49	8
1x31	40	33	30	1	12	4	50
1x31	40	35	38	37	52	49	28
1x31	40	57	59	11	44	24	34
1x31	40	60	11	16	7	53	32
1x31	41	21	50	47	35	7	23
1x31	41	36	23	10	40	8	6
1x31	42	43	11	37	36	18	59
1x31	43	33	10	12	25	11	35
1x31	43	41	27	53	21	20	15
1x31	43	49	13	56	21	2	60
1x31	43	60	47	49	27	4	42
1x31	43	8	57	11	7	21	48
1x31	45	28	7	3	23	54	19
1x31	45	50	40	29	30	60	26
1x31	46	2	27	3	28	33	12
1x31	46	21	37	50	9	6	47
1x31	46	52	20	14	40	5	43
1x31	47	16	46	1	33	25	42
1x31	47	58	37	30	51	52	16
1x31	48	40	19	43	38	27	33
1x31	48	50	59	16	55	9	23
1x31	49	11	19	22	32	14	26
1x31	49	13	46	59	7	35	8
1x31	49	30	20	45	4	32	59
1x31	5	13	41	3	30	1	52
1x31	5	33	6	41	46	19	40
1x31	50	23	18	28	3	20	48
1x31	50	24	49	43	9	3	57
1x31	50	37	47	12	40	30	8
1x31	51	41	3	26	37	42	52
1x31	51	49	54	19	47	27	20
1x31	51	7	16	28	54	53	48
1x31	52	14	21	1	10	56	22
1x31	52	23	39	40	2	35	22
1x31	53	4	9	16	21	32	44
1x31	53	59	28	27	34	48	5
1x31	53	8	33	36	24	28	18
1x31	54	18	44	45	10	1	14
1x31	54	49	33	55	24	32	9
1x31	54	59	11	47	25	51	24
1x31	55	21	2	44	43	24	10
1x31	56	28	5	22	27	40	45
1x31	56	36	4	11	59	9	41
1x31	57	30	42	32	26	36	10
1x31	58	11	9	2	18	20	46
1x31	58	53	43	34	11	60	25
1x31	58	56	17	3	25	60	35
1x31	58	7	19	12	53	35	36
1x31	59	6	57	4	40	44	32
1x31	6	14	24	15	17	35	2
1x31	6	38	24	59	44	25	33
1x31	6	59	52	12	45	55	26
1x31	60	33	14	53	42	6	52
1x31	7	15	11	42	46	48	35
1x31	7	29	52	59	15	18	28
1x31	7	5	27	36	8	57	54
1x31	7	52	25	4	51	43	42
1x31	7	59	2	36	28	53	6
1x31	8	18	37	6	5	16	46
1x31	8	2	20	15	34	40	52
1x31	8	38	12	32	10	55	54
1x31	8	58	5	13	25	49	23
1x31	9	14	5	33	42	27	37
1x31	9	15	33	17	22	40	59
1x31	9	23	34	53	22	15	40
1x31	9	35	1	8	22	26	13
1x31	9	53	52	30	7	32	22
1x32	1	20	56	21	39	38	4
1x32	1	4	3	20	27	46	49
1x32	1	42	28	45	26	31	56
1x32	1	47	7	27	8	57	19
1x32	10	14	3	16	17	42	13
1x32	10	39	34	54	48	31	18
1x32	11	25	28	1	20	14	57
1x32	11	55	51	4	49	38	8
1x32	12	29	35	2	16	14	10
1x32	12	31	25	27	21	47	53
1x32	12	46	39	54	51	44	8
1x32	13	35	25	31	4	43	28
1x32	13	36	19	50	35	10	52
1x32	14	11	43	18	52	19	39
1x32	14	18	25	33	26	20	47
1x32	14	26	3	20	4	18	30
1x32	14	37	42	26	16	9	5
1x32	14	49	6	21	31	24	18
1x32	14	51	5	9	16	21	1
1x32	14	57	19	5	7	27	50
1x32	14	8	33	40	2	11	29
1x32	15	24	59	52	29	6	19
1x32	15	27	60	52	13	23	4
1x32	15	31	37	4	58	48	9
1x32	15	43	56	37	54	22	40
1x32	15	48	49	8	28	11	21
1x32	15	54	57	29	12	35	60
1x32	16	20	33	27	14	31	17
1x32	16	30	8	49	11	5	45
1x32	16	52	1	8	33	60	10
1x32	17	20	33	37	40	6	18
1x32	17	60	3	51	21	13	46
1x32	18	3	16	47	53	40	54
1x32	18	39	15	36	30	20	48
1x32	18	39	6	51	12	19	13
1x32	18	40	2	10	37	45	6
1x32	19	1	50	8	17	13	25
1x32	19	39	14	57	44	24	52
1x32	2	38	3	33	37	44	30
1x32	2	42	52	34	54	49	38
1x32	2	43	56	33	16	60	25
1x32	2	48	9	60	59	56	52
1x32	2	55	16	36	26	44	51
1x32	2	9	31	34	8	18	37
1x32	20	34	17	38	50	16	52
1x32	20	36	47	49	46	2	39
1x32	20	46	5	54	27	2	44
1x32	20	47	33	56	42	59	18
1x32	20	50	35	14	3	23	59
1x32	20	51	52	49	13	39	42
1x32	21	53	34	14	22	33	25
1x32	23	48	24	44	18	25	45
1x32	23	9	18	6	30	47	5
1x32	26	5	56	21	30	1	59
1x32	26	7	59	36	27	29	38
1x32	27	10	34	56	37	57	11
1x32	27	14	44	54	19	30	55
1x32	27	35	57	41	37	33	1
1x32	27	51	54	10	34	24	20
1x32	28	26	30	12	49	22	41
1x32	28	39	37	36	27	38	2
1x32	28	4	21	7	1	29	42
1x32	28	55	20	15	56	2	9
1x32	29	20	5	21	10	38	55
1x32	29	22	31	5	39	28	6
1x32	29	28	58	60	4	37	25
1x32	29	48	11	15	26	44	8
1x32	3	38	31	49	15	1	45
1x32	3	55	24	6	26	36	14
1x32	30	54	49	43	16	6	51
1x32	31	36	14	30	24	15	26
1x32	31	54	49	57	33	60	43
1x32	33	12	18	56	43	27	47
1x32	33	50	37	14	36	35	41
1x32	33	56	37	55	57	52	43
1x32	33	7	49	6	5	42	25
1x32	34	21	45	43	19	24	33
1x32	34	24	31	57	27	10	37
1x32	34	53	1	39	21	26	45
1x32	35	22	58	50	57	2	59
1x32	35	26	37	54	28	42	56
1x32	35	38	13	37	9	27	30
1x32	35	41	27	2	12	16	59
1x32	35	50	7	37	43	25	21
1x32	36	54	21	47	56	49	38
1x32	37	26	7	31	35	8	50
1x32	37	48	9	31	30	45	43
1x32	38	7	41	44	24	21	42
1x32	39	14	2	34	25	22	6
1x32	39	15	23	60	19	56	42
1x32	39	4	46	47	21	35	26
1x32	39	56	60	41	15	18	55
1x32	4	10	3	60	36	24	19
1x32	4	24	52	31	1	30	21
1x32	4	27	46	11	44	43	47
1x32	41	42	52	46	20	1	17
1x32	41	9	7	45	26	46	31
1x32	42	16	39	21	4	7	30
1x32	42	38	56	53	48	46	18
1x32	43	11	18	4	17	23	33
1x32	43	36	41	42	9	26	7
1x32	44	18	50	5	60	35	55
1x32	44	28	47	41	53	16	6
1x32	45	37	10	7	51	9	13
1x32	46	13	45	53	58	44	6
1x32	46	7	27	4	60	43	55
1x32	47	3	57	56	19	30	60
1x32	47	58	34	21	43	24	25
1x32	48	29	6	30	15	12	31
1x32	49	51	54	42	21	24	22
1x32	49	55	21	8	22	2	46
1x32	5	28	41	43	27	11	54
1x32	5	52	25	23	48	10	27
1x32	50	16	47	13	46	23	7
1x32	50	28	21	8	36	52	26
1x32	50	46	33	16	27	4	2
1x32	50	55	16	30	18	42	5
1x32	51	14	21	43	56	27	5
1x32	51	19	23	34	21	57	44
1x32	51	30	18	13	21	55	14
1x32	51	58	14	25	38	24	52
1x32	52	11	14	8	28	47	2
1x32	52	13	3	1	49	53	27
1x32	52	15	41	19	35	17	26
1x32	52	2	23	17	30	9	3
1x32	52	35	58	8	28	1	30
1x32	52	57	47	21	39	26	18
1x32	52	59	56	55	3	4	22
1x32	53	30	55	45	44	26	28
1x32	53	59	1	40	57	6	31
1x32	54	47	33	56	15	25	46
1x32	55	3	37	40	12	43	42
1x32	55	44	29	49	58	23	59
1x32	55	48	14	50	29	52	58
1x32	56	35	1	20	46	5	8
1x32	57	19	21	27	22	5	41
1x32	57	31	3	23	55	10	18
1x32	57	56	6	43	58	31	18
1x32	58	19	53	25	15	31	8
1x32	59	34	1	53	45	28	5
1x32	59	9	8	19	54	26	21
1x32	6	30	12	60	18	22	24
1x32	6	59	28	34	22	21	33
1x32	60	23	28	34	29	13	47
1x32	60	38	11	19	3	35	41
1x32	7	25	20	58	15	49	30
1x32	7	31	42	13	35	16	54
1x32	7	43	13	30	34	11	26
1x32	7	48	38	56	46	44	16
1x32	8	26	36	13	19	41	20
1x32	8	3	52	46	56	48	53
1x32	8	41	44	45	15	17	27
1x32	8	47	4	53	48	35	10
1x32	8	9	22	1	50	26	15
1x33	1	20	8	57	21	4	25
1x33	1	30	13	5	22	43	3
1x33	10	4	8	29	31	28	50
1x33	10	42	47	39	36	38	24
1x33	11	21	37	40	32	19	59
1x33	11	24	8	23	60	40	58
1x33	12	21	54	43	8	48	34
1x33	13	1	15	11	5	10	41
1x33	13	23	50	41	29	59	32
1x33	13	29	23	2	30	5	38
1x33	13	38	56	7	24	16	57
1x33	13	39	54	5	14	7	15
1x33	13	45	21	60	11	44	38
1x33	14	16	5	38	9	4	15
1x33	14	8	38	54	16	11	35
1x33	15	24	35	26	7	52	23
1x33	15	25	55	3	23	43	20
1x33	15	7	21	16	10	11	35
1x33	16	17	12	31	23	2	37
1x33	16	5	18	2	48	22	50
1x33	16	50	21	29	12	4	1
1x33	16	6	20	35	18	7	52
1x33	17	3	44	38	50	49	41
1x33	17	34	24	46	41	4	2
1x33	17	46	44	5	34	25	55
1x33	18	28	46	50	3	37	4
1x33	18	54	46	60	55	51	53
1x33	18	57	44	14	50	58	15
1x33	19	13	52	23	6	10	9
1x33	19	50	51	3	53	23	40
1x33	19	7	27	54	39	46	24
1x33	2	48	29	39	1	36	8
1x33	2	57	48	47	12	28	20
1x33	20	15	14	36	54	50	58
1x33	20	2	60	52	22	25	18
1x33	20	51	18	28	60	21	13
1x33	20	51	27	4	36	18	46
1x33	21	23	32	20	13	26	28
1x33	21	51	54	38	10	53	36
1x33	21	58	53	50	54	40	11
1x33	22	59	41	40	37	43	11
1x33	22	7	50	40	48	51	58
1x33	22	9	30	55	4	15	25
1x33	23	39	5	2	44	42	53
1x33	23	49	48	58	46	53	16
1x33	23	50	53	48	43	28	38
1x33	24	17	58	26	34	12	55
1x33	24	41	4	2	22	48	3
1x33	24	52	49	47	36	18	40
1x33	25	12	6	24	9	13	11
1x33	25	46	41	55	14	59	1
1x33	25	57	52	37	28	59	1
1x33	25	7	5	44	40	16	10
1x33	26	20	56	8	46	1	34
1x33	26	5	28	34	23	19	2
1x33	27	32	28	25	12	17	45
1x33	27	42	39	46	34	44	50
1x33	27	6	32	47	46	44	56
1x33	29	15	60	5	34	43	44
1x33	29	32	50	55	15	9	56
1x33	29	35	9	44	27	10	48
1x33	29	38	19	23	21	50	13
1x33	29	55	12	59	18	23	30
1x33	3	29	58	23	15	41	36
1x33	3	52	12	30	35	22	55
1x33	3	9	45	49	27	13	31
1x33	30	28	11	7	50	40	46
1x33	30	36	18	59	56	17	37
1x33	31	22	1	7	34	38	45
1x33	31	26	45	43	58	27	50
1x33	31	44	20	60	43	25	58
1x33	32	48	58	9	3	39	46
1x33	32	53	39	55	25	31	57
1x33	34	37	35	55	53	29	39
1x33	34	41	4	53	22	59	45
1x33	34	48	49	8	26	31	51
1x33	36	23	11	13	38	52	25
1x33	36	58	42	57	47	15	18
1x33	37	23	40	35	55	49	41
1x33	37	25	13	45	5	7	55
1x33	37	46	7	34	21	26	43
1x33	38	12	57	52	26	31	17
1x33	38	37	43	32	1	7	19
1x33	38	41	34	1	56	29	3
1x33	39	31	43	10	51	57	24
1x33	39	9	53	18	36	13	4
1x33	40	3	59	55	47	60	38
1x33	40	41	23	20	9	59	43
1x33	40	43	20	25	47	41	12
1x33	40	44	16	45	52	60	42
1x33	41	19	13	24	30	4	20
1x33	41	60	5	55	1	3	50
1x33	41	9	18	2	28	25	55
1x33	42	15	46	14	3	9	44
1x33	42	37	43	52	55	47	38
1x33	42	8	57	30	26	40	59
1x33	43	28	23	47	40	49	15
1x33	43	31	55	47	3	54	39
1x33	43	41	34	20	36	45	26
1x33	43	46	37	26	34	20	49
1x33	43	54	31	11	30	58	14
1x33	44	1	13	50	6	26	59
1x33	44	1	20	56	27	16	36
1x33	44	11	40	24	22	4	25
1x33	45	46	51	60	38	23	31
1x33	45	8	43	49	4	2	39
1x33	47	16	50	35	20	58	40
1x33	47	31	41	44	16	46	11
1x33	47	46	12	14	51	50	27
1x33	47	5	60	40	20	49	32
1x33	47	58	36	19	9	1	53
1x33	47	7	23	54	20	29	10
1x33	48	37	16	23	60	44	50
1x33	48	37	60	31	15	23	49
1x33	48	47	36	44	12	60	6
1x33	48	56	54	38	23	17	35
1x33	48	8	22	25	36	1	56
1x33	49	38	53	8	27	58	22
1x33	5	10	27	57	9	17	2
1x33	50	6	5	10	36	16	55
1x33	50	7	41	26	8	21	43
1x33	50	8	55	36	41	7	20
1x33	51	22	47	12	50	13	31
1x33	51	3	53	27	1	55	28
1x33	52	43	44	9	57	59	15
1x33	52	6	35	43	1	17	19
1x33	53	15	56	41	45	49	21
1x33	54	13	42	31	46	5	17
1x33	54	18	2	10	21	7	36
1x33	54	28	45	44	2	40	52
1x33	54	31	47	37	44	30	24
1x33	54	36	56	24	26	34	13
1x33	54	40	45	3	1	57	23
1x33	54	5	4	43	42	52	49
1x33	54	5	51	21	32	29	12
1x33	54	6	38	46	39	37	27
1x33	55	15	8	10	22	11	4
1x33	55	23	38	57	17	12	10
1x33	55	32	28	1	18	39	42
1x33	56	34	13	18	14	49	58
1x33	56	54	16	10	42	23	15
1x33	56	60	53	20	38	51	26
1x33	57	48	14	27	39	6	25
1x33	58	12	46	21	54	9	36
1x33	58	15	18	10	5	59	25
1x33	58	22	30	3	44	39	27
1x33	58	26	50	45	57	18	46
1x33	58	3	35	45	60	44	41
1x33	58	57	47	48	51	15	56
1x33	59	45	23	40	3	60	54
1x33	59	9	22	40	51	38	2
1x33	6	23	21	20	4	39	45
1x33	6	26	10	56	29	15	27
1x33	6	31	7	40	2	13	55
1x33	6	37	51	3	15	39	10
1x33	60	3	50	34	2	59	20
1x33	60	36	47	59	13	24	46
1x33	60	4	36	9	23	43	51
1x33	60	57	52	34	5	23	45
1x33	7	24	55	1	29	45	57
1x33	7	4	2	19	54	41	14
1x33	7	41	10	19	35	28	38
1x33	8	16	11	59	41	48	9
1x33	8	44	47	34	60	15	36
1x33	8	6	59	14	41	31	36
1x33	9	26	52	29	18	56	45
1x33	9	44	45	12	8	25	30
1x33	9	49	51	32	47	13	4
1x34	1	28	30	17	60	2	3
1x34	1	39	58	46	55	29	19
1x34	1	43	6	50	42	41	49
1x34	10	53	32	22	9	43	6
1x34	10	58	40	23	43	19	21
1x34	11	18	47	9	51	30	3
1x34	11	32	49	8	16	36	5
1x34	12	1	58	32	59	8	39
1x34	12	10	56	50	42	52	19
1x34	12	25	11	30	32	45	43
1x34	12	46	13	23	6	51	24
1x34	12	60	47	36	1	32	48
1x34	12	7	37	32	52	19	38
1x34	13	44	35	53	5	38	45
1x34	14	54	38	39	59	6	4
1x34	14	59	19	33	40	29	5
1x34	15	23	12	21	25	11	6
1x34	15	32	3	57	5	26	50
1x34	15	35	17	40	60	26	42
1x34	16	12	48	51	1	7	19
1x34	16	2	20	25	15	13	14
1x34	16	29	20	50	53	36	14
1x34	17	1	19	15	24	43	7
1x34	17	1	47	27	22	23	57
1x34	17	46	42	27	18	31	41
1x34	17	49	10	22	47	41	12
1x34	17	9	45	56	26	49	31
1x34	18	21	3	39	59	20	47
1x34	18	37	16	45	56	8	41
1x34	18	37	4	27	7	13	52
1x34	19	12	41	51	52	28	49
1x34	19	23	40	30	47	27	36
1x34	19	33	50	23	43	10	27
1x34	19	35	18	8	37	22	50
1x34	2	20	49	26	55	18	45
1x34	2	32	18	19	42	54	37
1x34	2	33	1	44	28	38	40
1x34	2	7	40	9	1	48	26
1x34	21	32	50	42	57	47	4
1x34	21	40	52	10	47	38	4
1x34	21	49	27	55	23	17	15
1x34	21	6	40	3	60	50	12
1x34	22	15	3	21	58	14	7
1x34	22	16	30	26	11	48	42
1x34	23	3	11	31	44	40	16
1x34	24	23	60	5	41	17	55
1x34	24	26	30	22	23	55	7
1x34	25	47	46	13	21	59	44
1x34	25	54	7	4	53	45	14
1x34	26	12	1	8	20	37	28
1x34	26	20	40	25	59	56	44
1x34	26	28	16	3	1	5	22
1x34	26	3	35	10	1	60	21
1x34	26	6	51	25	18	39	42
1x34	27	1	12	15	42	41	54
1x34	27	26	51	12	44	36	21
1x34	27	38	8	59	40	43	31
1x34	28	18	6	41	22	35	55
1x34	28	19	25	27	1	53	4
1x34	28	26	59	6	44	10	60
1x34	28	7	22	44	23	36	31
1x34	29	30	15	12	4	52	43
1x34	29	31	44	27	10	24	1
1x34	29	40	35	16	47	17	22
1x34	29	40	53	4	6	46	11
1x34	3	58	1	11	8	36	22
1x34	30	18	60	33	32	11	6
1x34	31	25	59	20	1	13	28
1x34	31	37	48	53	41	6	40
1x34	32	16	10	27	13	3	42
1x34	32	21	31	44	54	47	42
1x34	32	30	26	17	9	42	23
1x34	32	46	38	58	57	31	21
1x34	32	52	53	50	20	45	9
1x34	32	56	19	40	4	50	7
1x34	33	11	28	29	57	35	45
1x34	35	40	55	29	27	25	43
1x34	35	42	18	24	43	31	23
1x34	36	10	16	26	12	25	11
1x34	36	23	2	4	45	33	9
1x34	36	55	12	44	17	28	53
1x34	37	10	11	51	19	54	43
1x34	37	23	42	12	54	9	35
1x34	37	36	32	43	51	14	42
1x34	38	1	60	53	11	54	19
1x34	38	35	56	11	26	15	5
1x34	38	48	11	22	36	58	9
1x34	39	1	58	17	27	20	7
1x34	39	31	24	5	11	47	14
1x34	4	1	56	48	12	54	13
1x34	40	11	23	32	44	19	7
1x34	40	45	25	59	37	17	3
1x34	41	46	17	58	20	28	27
1x34	42	13	30	33	4	19	26
1x34	42	28	25	46	49	17	24
1x34	43	15	51	30	32	53	2
1x34	43	20	7	14	37	49	21
1x34	43	4	47	25	48	15	6
1x34	44	26	16	2	33	9	7
1x34	44	39	10	2	32	7	54
1x34	45	15	58	50	18	7	28
1x34	45	41	47	9	23	20	5
1x34	46	14	25	11	30	37	56
1x34	46	30	26	10	7	45	1
1x34	46	54	41	3	44	6	26
1x34	47	10	7	39	57	4	27
1x34	47	12	33	46	51	55	8
1x34	47	39	29	18	4	42	26
1x34	47	40	15	26	54	19	12
1x34	48	10	28	6	53	2	13
1x34	48	4	59	52	2	23	33
1x34	48	44	60	41	10	5	54
1x34	48	59	33	23	51	57	30
1x34	48	59	45	1	4	41	12
1x34	49	17	22	47	53	1	11
1x34	49	6	19	2	17	30	15
1x34	49	9	53	20	10	31	46
1x34	5	53	56	41	57	52	46
1x34	50	53	19	10	5	13	31
1x34	51	10	17	26	7	53	54
1x34	51	52	35	50	25	9	16
1x34	52	17	57	38	7	33	22
1x34	52	2	43	22	37	28	38
1x34	52	50	41	38	42	24	21
1x34	53	16	15	44	59	60	42
1x34	53	25	5	18	20	24	44
1x34	54	53	44	18	5	39	20
1x34	54	57	50	3	60	24	17
1x34	54	9	40	55	39	57	1
1x34	55	28	32	27	11	30	44
1x34	55	54	2	50	22	6	33
1x34	55	57	42	19	20	18	6
1x34	55	9	4	23	15	12	30
1x34	56	13	2	1	9	51	33
1x34	56	50	15	43	38	36	19
1x34	56	50	8	53	48	37	38
1x34	56	7	19	15	59	37	27
1x34	57	11	8	46	50	39	33
1x34	57	45	36	7	3	52	18
1x34	57	46	52	5	39	50	26
1x34	57	51	26	55	7	27	15
1x34	57	51	52	43	10	18	21
1x34	57	54	32	21	45	52	12
1x34	58	3	35	19	14	30	33
1x34	58	37	30	27	54	53	45
1x34	58	54	40	59	35	25	43
1x34	59	39	28	31	33	1	54
1x34	6	12	36	18	51	27	2
1x34	6	16	32	58	8	59	2
1x34	6	42	54	58	23	11	22
1x34	6	53	39	47	8	13	4
1x34	60	10	25	55	46	30	42
1x34	60	29	40	23	51	6	25
1x34	60	35	52	31	30	36	9
1x34	60	53	24	28	31	6	44
1x34	7	1	29	20	40	17	35
1x34	7	17	14	21	31	40	58
1x34	7	17	46	11	30	4	8
1x34	7	20	41	18	2	14	43
1x34	7	5	24	40	14	53	47
1x34	8	3	24	12	45	43	10
1x34	8	56	46	47	25	60	5
1x34	8	57	3	9	56	12	26
1x34	8	60	21	14	32	29	17
1x34	9	26	41	3	16	45	48
1x34	9	30	28	23	46	18	52
1x34	9	44	55	20	22	60	21
1x35	1	20	38	49	47	37	7
1x35	1	45	31	30	29	26	13
1x35	11	29	10	31	32	15	25
1x35	13	15	34	52	43	3	11
1x35	13	50	57	52	30	36	39
1x35	13	7	45	4	27	37	8
1x35	15	42	23	13	30	45	47
1x35	15	5	56	38	25	37	2
1x35	15	57	36	18	12	32	1
1x35	16	28	41	7	6	40	20
1x35	16	45	41	31	11	2	54
1x35	16	55	27	29	44	6	19
1x35	16	59	23	29	19	25	53
1x35	17	42	18	5	31	43	39
1x35	17	46	60	43	49	10	54
1x35	17	47	38	52	13	36	59
1x35	18	26	59	37	1	50	6
1x35	18	53	51	14	32	30	33
1x35	18	55	8	20	54	36	11
1x35	18	58	43	17	60	29	46
1x35	19	39	26	32	54	33	34
1x35	19	4	26	12	1	32	44
1x35	2	59	11	45	40	41	15
1x35	20	50	25	3	54	42	12
1x35	21	18	56	5	55	6	39
1x35	21	30	37	36	45	13	57
1x35	21	54	5	13	48	10	15
1x35	21	55	23	39	16	32	28
1x35	22	2	17	54	44	7	42
1x35	22	37	60	58	31	48	51
1x35	22	5	6	56	26	30	43
1x35	22	6	3	38	58	11	56
1x35	23	38	20	57	14	46	16
1x35	24	2	10	60	42	38	27
1x35	24	42	20	25	7	51	33
1x35	24	44	19	51	45	41	29
1x35	24	51	53	7	52	31	22
1x35	25	14	23	36	52	17	45
1x35	26	23	54	28	2	58	33
1x35	26	34	48	28	4	52	11
1x35	26	49	57	47	8	3	33
1x35	26	6	60	47	59	29	4
1x35	27	20	13	25	50	14	49
1x35	27	31	39	13	5	6	8
1x35	27	39	16	8	52	18	11
1x35	27	8	17	9	14	33	38
1x35	27	8	40	42	13	12	29
1x35	28	27	26	25	22	40	13
1x35	29	34	20	15	52	44	13
1x35	29	36	23	24	50	20	17
1x35	29	38	25	12	8	51	16
1x35	29	38	58	4	19	6	40
1x35	29	40	3	21	39	38	13
1x35	29	49	51	31	10	53	13
1x35	29	50	30	3	12	14	56
1x35	29	53	54	24	58	27	42
1x35	29	8	1	26	45	21	48
1x35	3	22	56	58	24	7	16
1x35	3	36	24	29	10	44	4
1x35	3	45	37	14	26	30	16
1x35	30	23	20	25	13	41	50
1x35	30	41	51	26	28	44	6
1x35	30	5	10	22	8	40	15
1x35	30	60	14	47	10	11	51
1x35	31	14	47	7	2	24	12
1x35	31	27	58	43	4	45	33
1x35	31	34	1	24	36	15	9
1x35	31	60	27	42	54	9	53
1x35	32	1	53	42	19	57	10
1x35	32	21	47	6	50	52	19
1x35	33	15	4	40	39	59	6
1x35	33	30	39	27	51	14	28
1x35	33	56	1	15	9	46	43
1x35	34	57	54	43	11	26	47
1x35	36	25	32	34	55	37	20
1x35	37	11	13	6	24	20	59
1x35	37	25	54	20	26	60	53
1x35	37	28	34	20	26	4	6
1x35	37	34	28	56	15	3	30
1x35	37	53	8	46	16	22	34
1x35	38	41	54	4	16	19	3
1x35	39	48	46	29	21	32	34
1x35	39	51	14	30	3	36	1
1x35	4	1	12	48	45	44	49
1x35	4	11	2	56	1	17	15
1x35	4	16	53	37	5	56	49
1x35	4	46	31	17	7	3	43
1x35	4	52	16	51	24	19	42
1x35	4	55	37	1	22	26	43
1x35	40	26	34	49	5	30	9
1x35	40	3	34	33	55	51	52
1x35	40	48	44	1	32	9	20
1x35	40	58	41	54	14	28	10
1x35	41	33	29	7	30	24	15
1x35	41	38	48	14	56	37	17
1x35	41	44	19	1	24	55	15
1x35	42	16	8	9	39	14	2
1x35	42	26	22	18	38	9	31
1x35	42	38	52	54	48	57	58
1x35	42	7	5	20	54	14	23
1x35	42	8	54	38	47	14	44
1x35	43	12	29	52	33	9	8
1x35	43	21	42	45	47	52	30
1x35	43	26	4	60	11	27	54
1x35	43	36	50	15	52	41	49
1x35	44	1	14	46	13	21	54
1x35	44	18	39	48	16	37	26
1x35	44	38	60	2	47	40	43
1x35	44	4	37	50	28	18	39
1x35	44	9	55	12	31	58	24
1x35	45	47	59	24	6	22	14
1x35	45	7	33	12	49	34	46
1x35	46	2	57	56	43	24	47
1x35	46	5	1	21	9	6	25
1x35	47	15	8	28	20	1	42
1x35	47	41	1	6	24	32	44
1x35	47	46	29	40	45	8	56
1x35	47	56	60	45	23	20	54
1x35	48	11	20	7	22	36	56
1x35	48	16	21	22	1	41	20
1x35	48	34	59	17	19	4	47
1x35	49	41	1	39	53	38	56
1x35	49	47	50	40	14	36	4
1x35	49	57	39	9	53	46	23
1x35	5	40	28	3	33	50	27
1x35	5	50	55	44	1	12	25
1x35	5	60	6	51	12	13	25
1x35	50	17	25	6	2	18	33
1x35	50	22	41	51	2	52	53
1x35	50	33	14	57	7	24	52
1x35	50	36	11	9	20	53	59
1x35	50	37	26	43	19	40	41
1x35	50	37	27	3	31	40	28
1x35	50	39	30	47	12	54	17
1x35	50	49	46	27	41	7	55
1x35	50	60	42	8	17	9	20
1x35	50	8	24	7	40	32	33
1x35	51	15	2	21	53	52	58
1x35	51	16	28	8	5	15	46
1x35	51	22	39	46	4	47	9
1x35	51	32	38	60	54	41	1
1x35	51	43	26	41	17	10	27
1x35	51	58	7	31	14	39	30
1x35	52	21	4	18	6	34	37
1x35	52	45	7	29	17	43	16
1x35	52	60	39	49	57	3	16
1x35	53	34	37	23	26	29	40
1x35	53	55	39	3	54	34	47
1x35	54	21	39	46	3	50	17
1x35	54	22	14	57	48	5	30
1x35	54	44	41	60	31	50	27
1x35	54	9	19	48	25	24	47
1x35	55	10	37	22	4	49	27
1x35	55	19	24	10	31	54	15
1x35	55	24	49	41	60	19	7
1x35	56	33	51	13	47	22	31
1x35	56	38	8	4	43	11	46
1x35	56	59	9	58	12	32	4
1x35	57	41	14	5	54	36	24
1x35	57	52	60	12	22	44	4
1x35	58	10	34	18	22	57	28
1x35	58	37	28	31	46	21	52
1x35	58	51	6	38	44	45	14
1x35	58	53	17	47	19	16	42
1x35	6	37	36	17	57	59	48
1x35	6	49	45	31	28	10	53
1x35	6	5	9	48	50	40	56
1x35	60	58	8	30	33	47	42
1x35	7	29	30	45	50	56	27
1x35	7	39	48	54	27	47	16
1x35	8	21	25	29	38	47	19
1x35	8	24	29	53	41	52	26
1x35	9	21	22	31	12	59	36
1x35	9	43	6	52	32	47	19
1x36	1	18	26	31	2	58	10
1x36	1	21	19	50	56	52	18
1x36	1	52	2	43	17	30	47
1x36	10	20	30	53	13	40	43
1x36	10	25	48	49	29	22	52
1x36	10	54	20	55	12	28	22
1x36	10	57	34	45	46	59	8
1x36	10	57	48	18	35	14	24
1x36	10	58	35	23	50	44	45
1x36	10	7	55	54	27	9	28
1x36	11	20	29	27	30	53	57
1x36	11	20	46	26	27	57	21
1x36	11	31	24	35	28	42	54
1x36	11	47	34	2	30	52	19
1x36	12	15	39	40	37	54	55
1x36	12	4	37	58	59	5	33
1x36	12	8	25	2	35	56	47
1x36	13	17	26	9	52	60	40
1x36	13	42	29	21	58	12	51
1x36	13	59	46	32	39	7	1
1x36	13	6	48	23	47	33	7
1x36	14	1	40	50	21	41	19
1x36	14	35	31	32	26	54	56
1x36	14	8	2	44	19	12	56
1x36	15	18	48	17	25	29	45
1x36	15	27	47	33	3	54	46
1x36	15	40	48	34	52	26	25
1x36	15	57	7	18	30	47	53
1x36	16	17	57	35	28	41	7
1x36	16	25	46	14	15	37	24
1x36	16	26	48	7	5	55	25
1x36	16	4	45	35	41	9	15
1x36	16	50	15	52	10	8	42
1x36	16	56	40	35	51	9	41
1x36	16	58	7	22	37	9	43
1x36	17	12	56	50	5	23	40
1x36	17	53	41	45	44	7	42
1x36	18	33	15	44	1	40	53
1x36	18	42	16	44	13	14	3
1x36	19	31	42	37	16	7	43
1x36	19	48	24	39	8	42	54
1x36	19	53	9	1	30	39	45
1x36	19	56	47	46	39	21	48
1x36	2	21	15	56	42	58	47
1x36	2	35	37	51	17	3	45
1x36	2	46	54	50	23	49	14
1x36	2	7	18	13	20	34	42
1x36	2	9	60	37	45	46	59
1x36	20	1	6	33	31	35	24
1x36	20	25	40	28	60	15	57
1x36	20	52	4	14	7	15	28
1x36	21	23	57	48	51	31	55
1x36	21	47	57	45	46	42	9
1x36	22	1	8	6	38	5	10
1x36	22	26	59	20	29	19	30
1x36	22	43	19	15	6	11	26
1x36	23	4	24	17	25	26	44
1x36	23	51	13	9	4	14	59
1x36	25	18	53	59	1	31	58
1x36	25	31	54	10	53	51	7
1x36	25	38	15	30	37	2	32
1x36	25	43	56	53	15	48	37
1x36	25	60	29	43	48	42	2
1x36	26	37	2	44	45	3	4
1x36	27	2	53	45	37	6	42
1x36	27	21	28	19	2	1	4
1x36	27	3	6	9	15	7	24
1x36	27	45	47	55	34	2	35
1x36	27	8	21	29	41	57	24
1x36	27	9	28	23	12	57	48
1x36	28	16	44	51	2	15	40
1x36	28	2	32	35	27	59	51
1x36	28	40	57	29	15	22	42
1x36	28	45	54	53	30	60	31
1x36	28	8	3	57	1	46	31
1x36	29	44	40	7	22	6	52
1x36	29	49	45	8	6	4	27
1x36	29	53	14	52	4	46	35
1x36	3	21	16	12	59	24	28
1x36	3	29	6	23	35	34	12
1x36	3	32	49	41	52	7	44
1x36	3	57	58	25	6	35	1
1x36	30	17	19	3	10	57	15
1x36	30	54	23	35	18	47	31
1x36	30	60	9	11	50	58	49
1x36	31	17	25	35	29	8	33
1x36	31	28	48	53	18	46	34
1x36	32	28	47	56	31	43	29
1x36	32	28	59	14	55	52	6
1x36	32	31	13	57	14	5	39
1x36	32	31	44	29	18	6	17
1x36	32	40	34	16	12	53	22
1x36	32	45	24	11	33	56	2
1x36	33	31	45	44	53	22	15
1x36	33	43	4	2	25	58	14
1x36	33	5	17	22	13	19	45
1x36	34	2	43	53	51	5	60
1x36	34	44	55	25	28	41	53
1x36	35	32	26	42	54	57	11
1x36	35	52	6	4	5	19	43
1x36	35	54	18	33	1	45	55
1x36	35	55	45	47	56	39	5
1x36	37	19	2	27	38	30	15
1x36	37	39	10	51	48	16	42
1x36	38	43	33	28	50	29	19
1x36	38	46	6	5	2	17	35
1x36	38	51	22	14	53	17	20
1x36	38	55	32	2	21	50	14
1x36	39	15	31	51	18	53	16
1x36	39	43	42	8	49	37	51
1x36	39	46	50	10	31	60	25
1x36	4	2	19	46	20	32	39
1x36	4	20	48	8	39	50	11
1x36	4	39	57	5	14	11	56
1x36	40	12	51	41	27	2	18
1x36	40	18	16	43	39	38	37
1x36	40	23	14	50	41	34	4
1x36	40	29	25	39	54	60	27
1x36	40	41	39	7	17	60	13
1x36	40	43	24	53	33	2	6
1x36	41	17	16	4	19	6	23
1x36	41	53	57	40	13	10	24
1x36	41	55	13	20	12	30	42
1x36	42	16	57	24	4	19	59
1x36	43	13	17	47	10	60	33
1x36	43	41	32	56	34	1	6
1x36	43	54	4	39	1	29	23
1x36	44	2	9	35	41	28	38
1x36	44	33	52	6	45	23	59
1x36	45	38	30	40	7	59	35
1x36	45	4	13	59	42	34	3
1x36	46	28	33	39	47	35	2
1x36	46	38	54	34	6	8	39
1x36	47	14	29	1	6	39	20
1x36	47	29	51	13	45	5	6
1x36	47	34	16	24	58	11	20
1x36	47	4	45	25	15	1	32
1x36	47	58	60	23	6	50	21
1x36	48	27	2	8	39	40	43
1x36	48	27	54	32	5	53	26
1x36	48	51	29	31	30	7	32
1x36	48	56	8	37	27	46	16
1x36	49	33	47	28	50	5	44
1x36	49	7	14	59	17	23	27
1x36	5	28	12	16	44	60	53
1x36	5	44	49	59	22	7	35
1x36	5	57	6	43	45	8	13
1x36	50	23	21	8	5	22	18
1x36	50	29	15	56	6	51	27
1x36	50	43	1	8	59	52	16
1x36	50	49	20	34	42	45	40
1x36	50	56	29	49	51	45	35
1x36	52	18	30	28	10	32	4
1x36	52	19	13	48	28	24	27
1x36	53	37	59	44	38	22	16
1x36	53	43	25	31	14	34	38
1x36	53	56	24	11	60	2	27
1x36	53	56	40	20	21	26	52
1x36	53	60	11	40	57	4	39
1x36	54	29	13	10	12	50	20
1x36	54	50	10	24	39	2	56
1x36	54	58	39	18	50	24	49
1x36	55	23	52	43	11	54	31
1x36	55	24	31	25	5	26	10
1x36	55	5	12	51	38	33	9
1x36	56	41	10	18	40	24	3
1x36	58	22	27	4	49	20	43
1x36	58	28	41	54	40	32	8
1x36	58	35	34	19	41	17	12
1x36	58	37	13	18	11	10	1
1x36	58	40	38	44	7	27	52
1x36	58	45	5	1	16	48	29
1x36	58	8	44	51	48	5	26
1x36	59	58	14	5	44	55	47
1x36	6	29	52	56	24	55	58
1x36	6	32	8	60	34	19	4
1x36	6	35	54	17	33	13	45
1x36	6	46	26	16	42	40	38
1x36	60	15	14	41	22	20	53
1x36	60	20	30	8	32	12	15
1x36	7	11	41	29	27	20	44
1x36	7	13	4	47	43	9	3
1x36	7	20	30	55	6	57	56
1x36	7	22	12	13	10	5	9
1x36	7	31	50	58	2	11	23
1x36	8	24	55	37	45	38	13
1x36	8	37	21	13	58	56	11
1x36	8	38	23	31	60	6	46
1x36	8	40	7	29	22	57	11
1x36	8	46	21	39	22	43	29
1x36	9	13	33	20	16	34	44
1x36	9	27	19	41	13	34	23
1x36	9	51	35	12	58	6	32
1x37	1	14	29	7	20	52	34
1x37	1	16	44	30	59	34	19
1x37	1	31	40	41	25	3	12
1x37	1	35	11	13	27	40	18
1x37	10	42	33	43	36	7	48
1x37	12	34	49	56	59	38	5
1x37	12	5	59	38	18	19	11
1x37	13	27	49	1	11	45	16
1x37	13	31	27	15	2	41	8
1x37	13	36	51	23	7	18	41
1x37	13	7	52	2	60	28	27
1x37	14	13	28	24	59	45	1
1x37	14	38	23	44	28	24	7
1x37	14	49	35	9	20	57	21
1x37	15	24	32	20	44	59	9
1x37	15	32	48	34	29	38	53
1x37	15	7	32	11	40	16	50
1x37	16	10	20	30	3	38	47
1x37	17	24	25	41	18	42	53
1x37	17	29	12	34	30	21	47
1x37	17	8	23	51	55	34	33
1x37	18	20	16	53	36	15	11
1x37	18	25	11	2	27	21	19
1x37	18	54	29	46	48	4	44
1x37	18	58	11	10	54	50	14
1x37	19	17	47	43	3	1	48
1x37	19	32	10	21	55	35	24
1x37	19	32	6	15	39	23	12
1x37	19	43	49	9	56	18	46
1x37	19	57	10	26	12	31	54
1x37	2	4	52	39	40	13	23
1x37	2	41	50	12	21	55	18
1x37	2	50	52	38	30	34	7
1x37	2	51	57	21	32	60	10
1x37	2	53	43	30	54	58	7
1x37	20	10	28	19	40	6	36
1x37	20	12	31	51	36	25	40
1x37	21	20	23	12	34	4	48
1x37	21	38	16	54	10	43	56
1x37	21	42	20	6	10	33	8
1x37	21	47	1	24	23	18	60
1x37	22	31	8	57	9	53	45
1x37	22	49	6	34	17	10	16
1x37	23	46	39	4	42	3	54
1x37	23	58	35	54	27	49	48
1x37	24	14	51	28	60	13	52
1x37	24	52	26	1	49	15	27
1x37	25	13	60	3	38	57	39
1x37	25	2	28	24	18	27	32
1x37	25	28	34	35	40	15	24
1x37	26	25	58	14	16	17	54
1x37	27	2	12	16	56	40	52
1x37	27	33	17	21	52	4	36
1x37	27	45	5	50	1	32	2
1x37	27	51	5	47	19	44	33
1x37	28	13	5	58	8	26	44
1x37	28	17	10	21	47	5	58
1x37	28	17	29	42	43	12	4
1x37	28	45	53	46	21	3	43
1x37	29	11	22	30	58	32	24
1x37	29	14	7	42	6	22	41
1x37	29	17	27	39	47	12	59
1x37	29	25	46	45	8	1	2
1x37	29	31	35	42	12	11	36
1x37	29	36	34	42	14	44	21
1x37	29	47	56	52	11	45	44
1x37	29	5	18	2	20	6	16
1x37	3	4	17	55	48	32	9
1x37	3	46	35	45	26	34	49
1x37	30	38	35	12	27	47	7
1x37	30	50	47	8	39	35	52
1x37	31	49	11	52	60	14	53
1x37	32	4	45	11	44	23	59
1x37	32	45	59	44	46	31	36
1x37	32	49	13	24	56	58	16
1x37	32	6	23	53	27	58	42
1x37	32	8	47	11	6	51	21
1x37	33	13	11	57	27	19	17
1x37	33	15	12	13	49	19	23
1x37	33	23	50	15	11	58	55
1x37	33	49	26	23	17	31	4
1x37	34	54	49	10	56	25	40
1x37	35	1	6	12	47	38	11
1x37	35	19	28	20	53	58	6
1x37	35	3	2	40	46	19	12
1x37	35	46	56	14	10	2	60
1x37	35	59	4	2	52	9	33
1x37	36	3	5	26	16	41	50
1x37	38	2	60	35	39	13	31
1x37	38	44	59	57	2	55	40
1x37	38	5	52	45	53	24	6
1x37	38	55	39	52	21	1	57
1x37	39	12	25	10	42	13	7
1x37	39	40	35	32	19	13	1
1x37	40	50	15	57	25	44	2
1x37	41	43	24	48	18	46	59
1x37	41	52	23	6	24	38	26
1x37	41	57	9	1	30	49	33
1x37	42	17	45	60	43	20	53
1x37	42	17	50	19	1	20	46
1x37	42	33	56	46	8	1	17
1x37	42	8	5	2	28	53	1
1x37	43	38	17	8	53	49	7
1x37	43	59	28	27	7	26	16
1x37	44	13	8	41	48	28	17
1x37	44	58	11	31	8	7	57
1x37	45	8	52	35	18	57	46
1x37	46	13	47	52	12	43	3
1x37	47	50	35	53	16	13	40
1x37	47	53	15	39	8	50	19
1x37	48	30	55	38	51	2	25
1x37	48	34	60	45	36	35	12
1x37	48	41	56	18	27	51	31
1x37	49	35	8	59	42	9	31
1x37	49	41	2	14	13	45	54
1x37	5	15	17	50	40	38	54
1x37	5	29	14	20	31	16	8
1x37	5	39	56	44	19	55	27
1x37	5	9	28	27	45	12	22
1x37	50	18	11	9	29	49	25
1x37	50	2	42	59	28	25	51
1x37	50	57	41	6	34	53	12
1x37	50	7	16	39	20	35	29
1x37	50	7	59	26	9	23	27
1x37	51	10	50	54	31	34	43
1x37	51	23	24	39	55	10	31
1x37	51	43	52	44	23	40	3
1x37	51	45	33	42	18	26	50
1x37	51	56	49	4	11	21	20
1x37	51	58	11	46	1	6	34
1x37	51	60	6	52	31	46	50
1x37	52	28	15	60	51	47	1
1x37	52	47	27	39	22	19	24
1x37	52	47	49	53	28	40	32
1x37	53	2	56	26	39	20	59
1x37	54	2	24	33	50	14	26
1x37	54	49	29	27	21	8	39
1x37	55	38	33	9	29	22	4
1x37	55	49	44	26	25	39	50
1x37	55	52	54	35	58	42	24
1x37	55	54	28	21	29	19	46
1x37	56	21	6	4	32	10	55
1x37	56	26	17	41	34	39	18
1x37	56	27	57	26	59	7	41
1x37	56	33	36	52	24	21	51
1x37	57	10	34	17	28	30	21
1x37	57	50	12	14	24	28	9
1x37	57	52	19	59	6	8	35
1x37	57	52	55	21	10	49	44
1x37	58	33	52	46	22	43	32
1x37	58	56	17	41	52	55	2
1x37	59	14	20	41	29	5	11
1x37	59	21	28	1	35	5	13
1x37	59	34	30	4	5	43	20
1x37	59	56	7	53	40	49	5
1x37	6	22	56	39	11	23	60
1x37	6	54	22	59	58	15	60
1x37	60	42	32	12	54	41	29
1x37	7	56	30	25	40	47	16
1x37	8	16	7	40	6	54	4
1x37	8	50	21	36	26	31	41
1x37	8	51	5	38	30	7	41
1x37	8	54	21	47	5	44	48
1x37	9	27	58	28	8	17	57
1x37	9	53	60	4	46	25	29
1x38	1	24	5	16	41	22	59
1x38	1	27	49	20	18	9	24
1x38	1	43	33	16	40	46	24
1x38	1	44	34	33	28	37	15
1x38	1	47	39	11	24	9	30
1x38	1	59	54	29	33	40	44
1x38	10	24	44	46	23	40	28
1x38	11	25	2	33	4	42	30
1x38	11	26	30	6	20	52	41
1x38	11	3	8	48	60	54	20
1x38	11	39	7	21	55	2	56
1x38	11	5	21	6	25	58	18
1x38	12	3	28	30	39	31	44
1x38	12	44	26	23	9	7	8
1x38	12	60	46	33	10	45	43
1x38	13	1	20	40	59	27	56
1x38	13	19	60	46	45	55	12
1x38	13	26	45	11	9	23	60
1x38	13	43	1	33	22	4	25
1x38	13	55	54	18	16	43	45
1x38	14	41	48	10	25	6	16
1x38	14	48	8	27	15	1	47
1x38	15	41	1	51	30	56	7
1x38	15	42	48	8	35	29	25
1x38	16	50	28	53	19	6	47
1x38	17	27	56	10	49	6	5
1x38	17	53	46	20	22	14	8
1x38	18	15	20	39	1	32	54
1x38	18	19	53	45	39	17	35
1x38	19	23	13	36	49	29	41
1x38	19	43	20	47	11	60	49
1x38	19	50	6	4	53	15	10
1x38	20	12	37	13	45	40	44
1x38	20	40	2	1	33	25	23
1x38	20	46	28	1	14	17	60
1x38	21	1	8	54	40	18	51
1x38	21	26	41	31	44	10	19
1x38	21	26	9	39	31	10	11
1x38	21	41	55	35	13	58	37
1x38	21	43	10	11	51	29	52
1x38	22	39	24	7	53	29	2
1x38	23	19	53	39	29	22	8
1x38	23	31	42	45	43	47	59
1x38	23	49	21	6	51	31	44
1x38	23	52	28	15	53	59	1
1x38	24	57	36	60	27	11	30
1x38	25	4	27	50	29	12	49
1x38	25	4	49	18	22	28	2
1x38	25	4	54	57	34	14	51
1x38	25	46	23	29	33	18	12
1x38	26	29	3	4	5	43	15
1x38	26	52	31	32	8	7	9
1x38	26	7	9	13	32	60	8
1x38	27	49	36	51	60	2	4
1x38	27	56	34	46	42	3	10
1x38	28	49	54	20	51	34	42
1x38	28	55	50	39	22	59	45
1x38	28	55	59	36	17	8	56
1x38	28	57	12	15	35	11	40
1x38	29	50	2	57	60	25	55
1x38	29	56	20	3	10	49	36
1x38	3	29	42	14	7	53	30
1x38	3	40	7	60	51	10	19
1x38	3	8	6	45	42	29	59
1x38	30	10	53	26	14	7	60
1x38	30	29	3	32	50	5	27
1x38	30	31	50	53	55	57	24
1x38	32	45	44	48	18	3	51
1x38	33	4	13	50	11	59	22
1x38	33	49	24	6	4	39	21
1x38	34	30	18	40	21	4	23
1x38	34	47	9	32	24	10	37
1x38	34	51	6	23	17	5	36
1x38	34	53	25	37	56	48	27
1x38	35	11	9	1	57	37	53
1x38	36	29	2	20	35	57	37
1x38	36	29	23	50	3	48	57
1x38	36	3	58	10	19	55	49
1x38	36	37	50	46	34	51	42
1x38	36	43	51	49	42	50	37
1x38	37	41	30	42	46	8	18
1x38	37	45	55	29	28	56	48
1x38	37	46	50	13	24	34	27
1x38	37	8	30	13	7	23	35
1x38	37	9	30	46	49	56	36
1x38	39	32	28	54	3	46	50
1x38	39	59	48	58	33	56	17
1x38	4	22	35	19	11	31	58
1x38	4	44	43	30	12	6	7
1x38	4	6	22	26	12	49	41
1x38	40	1	23	6	15	33	56
1x38	40	17	56	52	15	60	34
1x38	41	23	5	17	18	40	59
1x38	42	11	34	2	37	35	3
1x38	42	16	26	48	25	5	45
1x38	42	41	50	24	30	36	40
1x38	42	5	10	40	45	51	31
1x38	43	12	42	7	46	5	14
1x38	43	4	42	53	1	55	17
1x38	43	50	31	6	27	21	58
1x38	43	58	52	31	17	28	45
1x38	45	12	27	3	9	15	49
1x38	45	16	9	50	25	29	10
1x38	45	3	30	26	22	14	15
1x38	45	43	48	11	29	6	9
1x38	46	42	3	25	52	55	37
1x38	47	10	9	39	45	32	60
1x38	47	22	56	25	8	46	32
1x38	47	59	8	15	44	2	34
1x38	48	22	17	3	28	44	12
1x38	48	25	13	55	58	27	56
1x38	48	29	58	26	36	35	34
1x38	49	1	5	23	30	53	17
1x38	49	18	5	45	6	40	23
1x38	49	28	8	50	37	26	41
1x38	49	39	47	2	34	17	46
1x38	49	9	13	19	21	41	29
1x38	5	40	48	11	46	3	21
1x38	5	56	44	15	12	21	25
1x38	50	8	9	27	40	39	11
1x38	51	46	25	7	20	49	16
1x38	51	48	34	27	42	55	33
1x38	52	10	53	28	4	47	22
1x38	52	21	12	49	40	46	17
1x38	52	24	7	48	17	20	21
1x38	52	55	49	23	25	19	41
1x38	53	10	22	19	12	36	60
1x38	53	28	39	55	54	50	5
1x38	53	5	47	51	16	32	52
1x38	53	54	18	51	4	44	52
1x38	54	2	32	19	11	53	48
1x38	54	29	11	26	28	44	35
1x38	54	43	16	49	20	56	50
1x38	54	8	32	17	36	22	33
1x38	55	16	49	34	5	28	17
1x38	55	42	10	15	4	26	18
1x38	55	46	15	32	59	23	18
1x38	55	47	26	40	56	32	44
1x38	56	10	5	59	34	24	49
1x38	56	49	17	7	37	22	34
1x38	56	7	27	37	6	28	51
1x38	57	28	7	37	52	34	46
1x38	59	30	2	14	39	25	9
1x38	59	30	50	36	56	23	45
1x38	59	43	44	30	42	46	33
1x38	6	24	10	56	25	36	52
1x38	6	32	44	28	9	60	15
1x38	6	36	54	8	49	27	33
1x38	6	44	57	2	15	55	58
1x38	6	47	53	44	33	18	7
1x38	6	54	55	18	31	10	34
1x38	6	56	30	49	36	9	59
1x38	60	23	26	14	50	6	56
1x38	60	33	52	5	28	45	7
1x38	60	44	18	21	16	26	28
1x38	60	44	39	1	47	23	54
1x38	60	9	39	40	17	24	7
1x38	7	14	42	26	5	54	22
1x38	8	28	7	58	49	33	60
1x38	8	29	36	56	14	37	3
1x38	8	32	2	60	55	22	31
1x38	8	7	56	49	48	55	17
1x38	9	22	31	19	49	43	57
1x38	9	25	60	58	11	57	18
1x38	9	4	27	35	10	7	40
1x39	1	29	10	52	33	3	4
1x39	1	33	60	9	56	26	45
1x39	1	47	58	44	34	48	60
1x39	1	49	44	28	52	21	48
1x39	1	59	21	28	15	2	9
1x39	10	11	17	29	57	9	16
1x39	10	34	3	2	56	4	1
1x39	10	4	45	1	23	43	14
1x39	10	44	29	21	43	59	46
1x39	10	5	55	13	8	21	25
1x39	11	26	21	46	60	42	31
1x39	11	48	10	29	54	27	4
1x39	12	10	36	37	8	21	1
1x39	12	47	26	41	5	55	18
1x39	13	10	17	45	48	47	26
1x39	14	4	18	27	9	25	22
1x39	14	41	5	3	10	26	33
1x39	14	50	17	48	33	49	19
1x39	15	20	3	10	45	32	6
1x39	15	25	54	12	8	19	2
1x39	15	48	36	57	8	29	21
1x39	16	15	38	33	50	6	35
1x39	17	15	11	55	59	20	27
1x39	17	21	6	50	3	46	8
1x39	17	28	48	22	6	27	44
1x39	17	32	26	15	8	41	60
1x39	17	43	56	28	44	18	4
1x39	17	60	5	57	59	31	34
1x39	18	22	20	5	2	26	33
1x39	18	50	41	1	47	29	49
1x39	18	54	38	11	43	31	49
1x39	19	26	23	51	10	58	9
1x39	19	30	56	59	24	20	28
1x39	19	60	23	20	16	46	57
1x39	2	13	52	35	36	38	1
1x39	2	15	33	41	9	40	45
1x39	2	20	35	59	25	31	40
1x39	2	21	9	14	18	24	11
1x39	2	29	34	24	60	9	18
1x39	2	3	18	58	7	25	17
1x39	2	46	26	53	40	10	47
1x39	2	5	56	59	51	13	18
1x39	2	8	32	11	52	53	5
1x39	2	8	47	53	9	58	1
1x39	20	28	12	26	38	45	51
1x39	20	48	45	55	32	13	2
1x39	21	33	16	55	50	36	15
1x39	21	5	15	43	31	56	37
1x39	22	9	35	8	1	11	31
1x39	23	1	48	34	26	4	32
1x39	23	48	5	60	59	26	22
1x39	24	2	38	53	51	10	47
1x39	24	27	44	42	37	36	40
1x39	24	28	36	2	22	49	33
1x39	24	56	27	22	47	35	4
1x39	25	13	16	53	18	23	44
1x39	25	13	36	43	46	6	28
1x39	25	58	20	53	19	43	38
1x39	26	52	20	60	51	15	29
1x39	26	55	50	23	36	47	18
1x39	28	11	2	33	40	7	9
1x39	28	23	47	60	38	3	27
1x39	28	23	60	17	52	22	44
1x39	28	58	33	52	29	22	25
1x39	29	14	59	8	27	35	52
1x39	29	18	13	21	11	46	57
1x39	29	19	50	51	16	4	55
1x39	29	21	27	32	55	35	51
1x39	29	46	22	18	16	7	48
1x39	29	47	20	52	51	3	43
1x39	3	17	13	23	55	46	59
1x39	3	29	30	40	42	26	28
1x39	3	35	47	49	59	38	31
1x39	3	38	17	33	19	2	20
1x39	30	14	6	16	15	36	22
1x39	30	17	27	46	10	58	14
1x39	31	38	55	52	45	33	43
1x39	31	4	56	30	5	59	44
1x39	31	40	11	55	35	56	12
1x39	31	42	54	47	29	2	34
1x39	32	11	44	8	60	15	27
1x39	32	20	25	51	43	3	23
1x39	32	25	46	9	58	29	54
1x39	32	29	2	49	20	19	3
1x39	34	17	26	33	44	48	32
1x39	34	2	31	36	35	58	33
1x39	34	36	45	3	50	43	44
1x39	34	58	22	29	21	11	14
1x39	34	7	26	55	8	11	27
1x39	34	8	25	31	24	15	59
1x39	35	4	34	54	53	16	5
1x39	35	40	47	38	20	41	8
1x39	35	57	20	40	24	16	52
1x39	36	2	53	57	40	26	41
1x39	36	24	51	8	49	20	58
1x39	36	26	49	41	31	2	55
1x39	36	53	46	29	18	41	54
1x39	36	58	29	40	19	27	7
1x39	37	17	38	34	23	43	1
1x39	37	26	48	25	5	44	58
1x39	37	32	17	33	3	35	38
1x39	37	55	9	30	45	31	42
1x39	38	20	53	1	52	24	25
1x39	38	31	16	17	2	1	23
1x39	4	12	16	14	13	11	30
1x39	4	17	11	42	9	57	23
1x39	4	20	18	23	47	1	32
1x39	4	22	57	11	42	43	13
1x39	4	30	23	41	24	38	49
1x39	40	18	32	4	42	37	8
1x39	40	32	37	1	58	59	48
1x39	41	22	4	18	53	38	46
1x39	41	43	3	51	40	21	33
1x39	41	52	44	45	47	13	30
1x39	43	22	21	55	52	36	27
1x39	43	29	4	21	26	50	1
1x39	43	46	42	14	25	38	1
1x39	44	18	55	56	60	51	8
1x39	44	36	6	28	43	5	54
1x39	44	59	12	31	6	3	25
1x39	44	60	23	57	18	42	14
1x39	45	43	31	19	16	17	33
1x39	47	10	60	17	46	8	54
1x39	47	28	37	20	48	35	9
1x39	47	58	51	28	42	57	8
1x39	49	10	56	22	20	6	34
1x39	49	12	13	22	33	56	14
1x39	49	19	21	7	2	37	30
1x39	49	45	41	38	2	34	27
1x39	5	10	57	14	24	45	22
1x39	5	28	47	14	58	51	43
1x39	5	41	54	48	24	22	44
1x39	50	56	2	3	23	31	54
1x39	50	9	54	10	28	31	58
1x39	51	18	4	8	17	54	22
1x39	51	25	54	2	12	46	38
1x39	51	27	59	60	36	52	5
1x39	52	54	47	42	22	15	53
1x39	53	18	2	24	51	14	6
1x39	53	2	23	19	22	52	5
1x39	53	51	17	32	48	36	10
1x39	54	3	47	24	12	14	42
1x39	54	32	31	35	9	42	52
1x39	54	32	42	48	13	3	6
1x39	54	33	6	27	25	17	51
1x39	54	40	13	31	33	36	30
1x39	54	53	5	6	51	10	18
1x39	55	10	33	20	44	59	4
1x39	55	22	41	23	34	16	5
1x39	55	37	13	52	58	16	47
1x39	56	46	14	28	34	37	47
1x39	56	46	21	26	37	51	24
1x39	56	59	38	14	1	42	21
1x39	56	6	26	57	44	8	59
1x39	57	1	9	53	27	56	21
1x39	57	35	2	23	49	10	46
1x39	57	43	1	4	44	18	33
1x39	57	49	59	31	44	51	7
1x39	58	23	52	36	9	7	15
1x39	58	53	8	11	59	1	4
1x39	59	17	30	27	9	22	6
1x39	59	2	28	32	5	49	4
1x39	59	32	55	21	11	23	24
1x39	59	43	19	58	18	25	32
1x39	59	52	37	50	51	44	12
1x39	59	57	44	33	23	45	20
1x39	60	15	40	58	56	3	44
1x39	60	47	9	18	42	44	49
1x39	60	53	46	13	54	48	57
1x39	7	13	2	17	5	46	56
1x39	7	22	32	36	3	20	33
1x39	7	25	45	47	16	22	46
1x39	7	37	53	1	11	56	30
1x39	8	18	33	3	38	1	54
1x39	8	30	26	31	32	45	25
1x39	8	45	4	18	46	25	58
1x39	8	47	37	44	15	36	55
1x39	8	59	47	40	38	60	1
1x39	8	59	58	7	23	6	21
1x39	8	59	6	3	9	52	2
1x39	9	2	3	4	15	54	30
1x39	9	28	40	33	49	4	35
1x39	9	42	37	53	18	14	38
1x4	1	11	56	45	35	42	13
1x4	1	15	3	9	5	11	60
1x4	1	16	48	53	10	44	3
1x4	10	35	32	42	38	50	43
1x4	12	15	38	7	5	57	42
1x4	12	35	52	23	32	46	49
1x4	12	44	24	47	36	15	7
1x4	12	59	9	10	24	19	16
1x4	13	2	31	50	24	47	22
1x4	13	49	39	51	7	48	35
1x4	14	16	58	19	56	28	21
1x4	14	24	28	23	60	41	53
1x4	14	30	10	50	18	38	25
1x4	14	32	34	19	27	28	23
1x4	14	42	60	26	9	45	19
1x4	14	45	6	20	49	58	51
1x4	15	22	6	46	50	30	60
1x4	15	31	16	11	30	54	57
1x4	15	32	40	33	56	29	46
1x4	15	35	19	10	8	37	53
1x4	15	37	25	17	31	14	48
1x4	16	24	33	11	60	25	52
1x4	17	21	12	34	37	26	59
1x4	17	35	38	40	42	48	22
1x4	17	45	19	21	6	39	29
1x4	18	13	34	44	35	21	52
1x4	18	2	31	24	45	53	20
1x4	19	12	44	28	25	39	29
1x4	19	17	11	59	34	60	35
1x4	19	29	40	16	47	7	22
1x4	19	33	6	15	59	12	47
1x4	2	45	52	3	29	38	37
1x4	20	48	32	49	52	51	56
1x4	21	10	7	11	23	44	50
1x4	21	38	6	14	24	20	33
1x4	21	6	59	28	3	42	11
1x4	21	60	38	23	3	58	16
1x4	22	1	45	5	53	46	23
1x4	22	3	29	23	31	60	40
1x4	22	3	56	36	37	35	54
1x4	22	33	38	29	5	49	46
1x4	22	40	24	54	17	20	52
1x4	22	56	60	49	21	5	41
1x4	22	6	32	25	51	54	1
1x4	23	11	56	29	51	22	59
1x4	23	28	31	26	59	42	35
1x4	24	32	10	15	5	50	57
1x4	24	32	5	53	38	27	23
1x4	24	33	17	23	37	10	38
1x4	24	56	40	47	46	49	7
1x4	25	49	51	7	22	47	48
1x4	26	14	55	5	54	6	43
1x4	26	48	14	43	27	47	17
1x4	26	6	20	9	42	11	54
1x4	27	3	58	45	43	39	60
1x4	27	9	25	58	42	32	23
1x4	28	43	47	40	2	52	49
1x4	28	52	10	19	35	47	26
1x4	28	57	25	42	45	36	30
1x4	28	7	13	18	38	56	15
1x4	29	32	60	14	13	15	41
1x4	29	59	52	49	46	23	20
1x4	3	23	13	49	46	51	39
1x4	3	26	6	42	7	14	60
1x4	3	36	49	48	20	31	47
1x4	3	36	51	2	59	60	56
1x4	3	37	35	16	49	1	21
1x4	30	26	57	59	55	28	53
1x4	30	3	16	34	15	42	2
1x4	30	55	14	40	56	17	42
1x4	31	20	49	58	51	37	3
1x4	31	42	54	10	35	25	6
1x4	31	52	11	36	38	51	20
1x4	33	30	42	60	53	11	59
1x4	33	5	58	36	9	37	12
1x4	33	57	47	5	17	34	27
1x4	34	40	44	17	41	24	46
1x4	35	39	33	27	21	43	53
1x4	36	24	15	9	54	49	55
1x4	36	24	17	35	32	29	45
1x4	36	26	5	53	34	2	13
1x4	38	1	7	10	33	37	30
1x4	38	20	30	10	31	18	56
1x4	38	59	58	32	44	26	15
1x4	39	14	56	24	29	23	8
1x4	39	41	56	20	47	46	33
1x4	40	32	18	8	23	47	29
1x4	40	39	48	15	36	27	25
1x4	40	46	60	55	32	7	44
1x4	40	9	42	30	54	21	57
1x4	41	10	44	23	27	60	14
1x4	41	16	42	33	3	51	45
1x4	41	24	1	8	35	23	52
1x4	41	24	43	27	13	44	58
1x4	41	47	6	38	23	15	30
1x4	41	54	7	10	48	3	25
1x4	41	54	7	52	60	2	39
1x4	42	36	29	33	23	15	26
1x4	42	37	10	58	13	46	52
1x4	42	45	48	41	2	14	39
1x4	43	18	15	58	28	57	29
1x4	43	2	11	41	16	31	8
1x4	43	29	9	20	55	34	57
1x4	43	32	6	47	20	50	57
1x4	43	34	46	47	20	32	2
1x4	43	59	30	13	17	60	57
1x4	44	10	60	21	42	29	18
1x4	44	25	56	17	13	15	29
1x4	44	26	8	54	9	2	22
1x4	44	34	22	33	16	59	24
1x4	44	36	50	5	14	41	12
1x4	45	18	34	13	29	58	31
1x4	45	18	41	9	19	24	32
1x4	45	38	31	49	60	34	19
1x4	46	28	3	56	27	10	54
1x4	48	15	45	18	29	49	2
1x4	48	26	12	3	39	37	22
1x4	48	29	50	34	36	52	9
1x4	48	44	7	5	34	20	43
1x4	49	19	43	11	5	32	14
1x4	49	31	18	10	50	27	3
1x4	5	10	26	38	21	37	43
1x4	5	14	45	6	24	50	9
1x4	5	28	52	56	50	42	16
1x4	5	47	15	48	3	37	33
1x4	5	49	32	48	27	23	34
1x4	5	54	6	30	28	23	46
1x4	50	33	57	6	29	34	19
1x4	51	10	38	8	19	31	9
1x4	51	26	35	25	34	20	40
1x4	52	12	24	1	37	45	28
1x4	52	47	22	29	44	40	7
1x4	52	54	8	44	60	2	50
1x4	52	60	47	39	24	32	43
1x4	53	1	12	22	34	57	5
1x4	53	9	30	26	47	23	43
1x4	54	23	59	29	46	13	14
1x4	54	40	3	30	1	15	55
1x4	54	50	34	45	40	11	58
1x4	55	30	24	57	59	45	42
1x4	55	42	34	28	59	14	16
1x4	56	26	42	31	17	50	15
1x4	56	30	16	58	14	43	18
1x4	56	48	26	24	57	20	12
1x4	57	20	11	8	25	38	42
1x4	57	45	47	49	36	53	44
1x4	58	2	15	52	59	37	13
1x4	58	20	47	36	53	10	52
1x4	58	28	23	29	3	33	24
1x4	58	30	12	51	36	8	38
1x4	58	40	18	24	35	19	48
1x4	58	45	31	21	23	2	10
1x4	58	45	6	54	41	30	33
1x4	59	18	51	28	48	45	5
1x4	59	2	49	32	39	22	46
1x4	6	11	2	29	35	36	1
1x4	6	2	22	24	21	9	34
1x4	6	39	13	34	46	25	49
1x4	6	41	35	22	32	36	3
1x4	6	49	3	12	35	32	38
1x4	60	1	40	58	32	18	37
1x4	60	13	9	55	50	2	37
1x4	60	37	24	23	56	35	7
1x4	60	48	13	3	47	18	29
1x4	60	8	28	32	47	9	11
1x4	7	36	3	30	13	27	17
1x4	7	37	28	39	23	55	53
1x4	7	51	54	40	30	14	39
1x4	8	31	7	45	21	50	29
1x4	8	43	11	42	40	32	24
1x40	1	17	56	60	28	46	8
1x40	1	21	43	26	36	44	52
1x40	1	30	35	49	52	37	28
1x40	1	34	35	13	49	41	6
1x40	1	58	26	30	9	52	3
1x40	10	12	50	1	57	58	15
1x40	10	49	34	58	11	23	18
1x40	10	5	24	35	18	32	57
1x40	10	50	12	51	29	4	35
1x40	10	55	18	23	50	57	31
1x40	10	6	56	51	8	32	26
1x40	11	15	4	25	8	30	53
1x40	11	57	45	42	34	38	12
1x40	12	28	45	39	16	31	35
1x40	12	35	52	31	23	32	27
1x40	14	19	13	3	2	52	48
1x40	14	22	30	12	25	3	48
1x40	14	34	30	17	41	42	45
1x40	14	57	41	4	27	47	5
1x40	15	23	6	42	43	41	51
1x40	15	56	38	17	13	58	54
1x40	15	9	13	38	10	18	57
1x40	16	39	38	19	59	57	26
1x40	16	46	38	12	31	7	50
1x40	16	54	57	1	45	41	4
1x40	17	13	27	28	7	44	10
1x40	17	30	41	54	42	55	37
1x40	17	31	22	48	32	44	23
1x40	18	26	53	35	4	10	59
1x40	18	29	30	45	32	22	34
1x40	18	50	1	32	27	2	8
1x40	19	34	59	1	60	14	17
1x40	19	39	24	13	36	28	37
1x40	19	46	3	27	33	16	28
1x40	19	55	9	29	21	35	2
1x40	19	9	5	8	49	3	60
1x40	2	41	26	33	37	20	39
1x40	2	48	33	57	42	27	29
1x40	20	54	2	7	12	18	39
1x40	21	13	56	33	20	42	19
1x40	21	47	49	48	19	8	39
1x40	21	54	16	30	4	26	59
1x40	21	54	20	2	6	5	10
1x40	21	60	38	28	52	43	41
1x40	22	16	24	18	47	28	57
1x40	22	18	1	6	57	11	49
1x40	22	23	41	53	15	20	19
1x40	22	34	19	37	10	15	18
1x40	22	46	7	39	10	14	21
1x40	23	17	51	4	59	10	44
1x40	23	19	51	15	25	16	14
1x40	23	25	27	47	32	35	38
1x40	24	10	42	60	30	31	59
1x40	24	4	46	52	8	12	27
1x40	24	5	25	46	30	38	13
1x40	24	54	51	14	28	10	58
1x40	24	8	22	45	36	50	33
1x40	25	1	46	22	49	54	41
1x40	25	28	48	54	46	16	22
1x40	25	3	4	39	48	7	9
1x40	26	52	41	9	39	4	44
1x40	28	19	25	26	22	12	60
1x40	29	18	55	7	8	31	24
1x40	29	20	42	38	35	2	23
1x40	29	26	14	47	45	32	34
1x40	29	32	27	58	19	1	7
1x40	3	43	4	41	58	56	26
1x40	30	25	60	26	43	5	18
1x40	30	8	20	43	29	52	16
1x40	31	19	37	14	2	5	58
1x40	31	34	58	44	55	28	37
1x40	31	59	19	17	29	44	57
1x40	32	11	6	28	53	43	30
1x40	32	34	26	21	27	60	25
1x40	32	41	35	26	16	52	50
1x40	32	9	25	14	26	56	28
1x40	33	16	32	5	24	3	47
1x40	33	30	3	52	5	7	42
1x40	33	38	28	42	51	20	36
1x40	33	41	51	28	46	37	27
1x40	33	43	54	3	27	46	14
1x40	33	53	21	11	57	28	17
1x40	34	15	56	18	46	21	24
1x40	34	36	60	4	49	17	54
1x40	34	51	25	6	57	7	33
1x40	35	11	25	46	42	21	37
1x40	35	39	52	28	17	12	23
1x40	35	51	52	45	9	5	55
1x40	36	7	30	33	5	54	27
1x40	37	56	33	31	1	24	43
1x40	37	56	44	24	59	50	21
1x40	38	23	34	41	43	9	1
1x40	38	56	18	1	29	35	24
1x40	38	59	34	17	45	32	15
1x40	39	31	28	26	44	45	47
1x40	39	49	22	7	38	44	10
1x40	39	5	49	47	16	44	15
1x40	4	37	17	38	6	28	3
1x40	4	41	29	2	44	57	33
1x40	4	53	42	1	6	14	36
1x40	4	8	50	1	36	59	44
1x40	41	12	52	8	38	23	54
1x40	41	28	55	12	58	3	33
1x40	41	54	8	30	37	39	49
1x40	41	57	30	34	42	27	45
1x40	41	9	55	22	49	17	20
1x40	42	19	45	56	12	3	48
1x40	42	47	20	9	45	2	50
1x40	42	52	46	14	34	2	1
1x40	43	38	6	9	8	14	47
1x40	43	5	12	60	7	45	24
1x40	44	15	50	2	32	6	59
1x40	44	20	31	41	28	50	23
1x40	44	28	17	51	56	20	7
1x40	44	30	16	24	18	11	53
1x40	44	34	27	54	49	3	43
1x40	44	55	1	3	47	48	28
1x40	44	55	54	20	17	49	47
1x40	44	58	47	41	49	5	55
1x40	45	16	29	30	12	48	41
1x40	45	49	43	38	42	7	57
1x40	45	7	53	8	59	46	31
1x40	46	14	52	1	8	49	18
1x40	46	14	52	34	29	31	35
1x40	46	15	6	44	4	51	56
1x40	46	18	44	50	14	26	34
1x40	46	25	19	49	57	22	2
1x40	46	30	26	28	9	17	43
1x40	46	38	28	41	33	53	32
1x40	47	34	30	22	48	19	55
1x40	47	38	51	41	21	48	58
1x40	47	42	59	52	15	12	60
1x40	48	1	43	51	35	54	38
1x40	48	12	16	19	47	35	53
1x40	48	31	25	57	2	17	33
1x40	48	59	50	46	2	60	25
1x40	48	9	60	16	3	17	57
1x40	49	28	59	16	60	10	37
1x40	49	36	11	43	6	3	38
1x40	49	38	52	9	10	55	51
1x40	49	59	48	18	13	46	47
1x40	5	15	26	58	52	18	47
1x40	50	28	35	38	24	54	56
1x40	50	34	59	15	23	47	30
1x40	50	44	12	54	60	47	11
1x40	51	16	4	5	56	31	30
1x40	51	24	20	1	59	37	47
1x40	52	23	44	37	28	43	51
1x40	52	5	53	22	25	28	13
1x40	52	50	29	16	11	9	14
1x40	53	42	35	4	18	56	36
1x40	53	9	7	45	26	60	30
1x40	54	41	37	27	57	24	46
1x40	54	47	42	22	31	60	58
1x40	54	55	57	30	28	39	22
1x40	54	7	6	28	17	51	19
1x40	55	3	27	8	26	7	29
1x40	55	31	24	21	58	17	44
1x40	55	41	19	9	16	6	13
1x40	56	48	52	50	30	26	53
1x40	57	29	41	52	33	44	47
1x40	57	49	7	31	2	33	47
1x40	57	54	8	56	44	38	47
1x40	57	56	49	14	46	16	17
1x40	57	7	36	44	1	15	60
1x40	58	13	39	32	3	14	7
1x40	58	37	42	11	53	28	46
1x40	58	59	27	21	31	22	11
1x40	59	13	34	42	30	49	54
1x40	59	14	3	34	13	1	20
1x40	59	16	46	49	17	42	48
1x40	6	14	45	25	9	37	49
1x40	6	31	14	51	23	12	3
1x40	6	33	56	58	37	32	17
1x40	6	48	17	8	12	10	26
1x40	6	52	14	59	41	30	3
1x40	6	55	26	59	53	8	15
1x40	6	57	56	21	41	1	25
1x40	60	18	52	3	21	31	6
1x40	60	24	36	25	10	56	48
1x40	60	47	22	19	13	14	21
1x40	7	12	17	2	39	24	14
1x40	7	26	41	60	24	3	15
1x40	8	18	46	7	23	27	43
1x40	8	38	55	57	4	49	12
1x40	9	10	36	52	16	20	17
1x40	9	12	43	31	22	60	15
1x40	9	23	47	28	60	35	48
1x40	9	6	3	42	27	19	16
1x41	1	16	3	12	17	40	6
1x41	1	21	24	40	22	7	34
1x41	1	42	32	57	50	24	27
1x41	10	30	21	24	49	7	35
1x41	11	1	32	6	27	21	57
1x41	11	48	26	18	54	32	27
1x41	12	10	11	1	8	20	44
1x41	12	28	18	2	13	47	42
1x41	12	28	19	8	44	18	47
1x41	12	3	18	2	33	43	42
1x41	12	57	37	46	15	35	24
1x41	12	58	3	37	43	26	10
1x41	13	48	52	38	40	1	11
1x41	14	33	22	43	36	19	10
1x41	14	46	12	2	59	42	31
1x41	14	57	39	58	53	22	31
1x41	15	18	52	49	50	22	48
1x41	15	27	13	30	24	48	33
1x41	15	33	32	20	47	52	8
1x41	17	31	32	4	35	59	54
1x41	17	5	31	54	35	2	34
1x41	18	27	19	58	46	3	49
1x41	18	44	46	32	40	17	12
1x41	18	47	15	5	8	3	51
1x41	19	1	52	51	3	26	22
1x41	19	54	37	27	45	35	39
1x41	2	34	33	9	29	7	39
1x41	2	37	33	59	55	49	53
1x41	2	45	42	7	22	40	16
1x41	2	6	57	48	14	49	40
1x41	20	24	53	55	57	13	45
1x41	20	55	60	43	46	19	50
1x41	21	26	53	31	16	51	2
1x41	21	4	3	11	48	34	50
1x41	21	48	26	6	57	60	51
1x41	21	54	10	38	11	33	37
1x41	22	13	4	56	44	30	31
1x41	23	16	21	6	57	59	32
1x41	23	52	57	32	8	4	47
1x41	24	21	60	37	5	18	47
1x41	24	37	44	39	49	3	11
1x41	25	39	9	15	27	19	58
1x41	25	7	40	52	12	55	26
1x41	26	55	10	35	48	51	46
1x41	27	38	48	17	50	52	4
1x41	27	50	29	31	21	5	8
1x41	27	56	22	23	15	2	8
1x41	28	12	3	58	18	31	24
1x41	28	45	7	21	17	40	56
1x41	28	53	27	51	18	10	35
1x41	28	58	43	50	5	51	46
1x41	28	60	24	12	16	39	55
1x41	29	22	40	37	31	5	20
1x41	29	3	14	10	46	32	22
1x41	29	30	59	52	32	37	6
1x41	29	45	1	18	39	30	42
1x41	3	28	35	24	30	39	22
1x41	3	35	2	38	60	53	11
1x41	3	48	29	14	16	45	36
1x41	3	8	58	2	22	32	24
1x41	30	25	60	47	8	58	44
1x41	30	3	33	23	45	34	46
1x41	30	34	52	9	48	35	38
1x41	30	43	4	33	31	1	23
1x41	30	44	37	8	28	23	55
1x41	30	47	23	45	33	16	17
1x41	31	21	43	8	36	50	29
1x41	31	5	7	13	16	39	42
1x41	32	28	36	6	19	3	9
1x41	33	1	58	25	29	24	57
1x41	33	18	37	50	16	1	26
1x41	33	29	45	60	9	22	26
1x41	33	59	44	28	4	25	50
1x41	34	19	5	39	27	57	11
1x41	34	47	33	1	11	30	31
1x41	34	60	37	53	20	5	32
1x41	35	17	24	38	58	43	6
1x41	35	28	34	29	24	17	53
1x41	35	31	6	32	16	20	54
1x41	35	44	54	36	40	32	39
1x41	36	42	13	18	12	34	49
1x41	37	26	5	14	3	20	30
1x41	38	26	16	60	43	11	44
1x41	38	44	7	42	49	4	10
1x41	39	31	59	16	17	33	23
1x41	39	54	30	40	36	50	11
1x41	4	33	39	32	14	11	60
1x41	4	43	8	7	56	6	29
1x41	40	18	4	7	29	51	27
1x41	40	27	24	46	5	45	3
1x41	40	35	48	21	8	12	52
1x41	40	42	38	2	4	12	57
1x41	42	11	28	55	12	36	26
1x41	42	23	10	48	59	53	52
1x41	42	35	25	15	7	38	45
1x41	43	40	42	24	10	44	54
1x41	45	18	44	26	55	46	32
1x41	45	24	60	27	43	36	44
1x41	45	29	55	42	8	48	32
1x41	45	35	37	1	47	36	6
1x41	45	38	24	9	21	16	4
1x41	45	38	53	60	2	28	9
1x41	45	39	7	58	16	35	14
1x41	45	53	2	48	38	6	30
1x41	45	56	25	23	9	51	54
1x41	46	21	17	26	20	55	9
1x41	46	23	9	15	30	16	7
1x41	46	24	35	31	44	60	8
1x41	46	44	3	37	7	9	33
1x41	46	5	4	51	30	16	58
1x41	47	2	1	52	10	43	3
1x41	47	33	58	24	56	45	37
1x41	47	45	36	8	50	33	6
1x41	48	17	12	38	27	57	6
1x41	48	44	25	28	13	2	6
1x41	48	60	12	3	46	52	11
1x41	49	2	9	10	56	27	21
1x41	49	43	46	16	17	32	35
1x41	49	60	53	11	45	20	50
1x41	5	44	13	20	43	16	17
1x41	50	58	27	6	53	39	31
1x41	51	23	39	32	56	1	46
1x41	51	4	15	49	40	45	28
1x41	51	4	9	22	3	17	54
1x41	51	47	33	60	56	11	39
1x41	51	52	25	53	54	42	8
1x41	52	23	31	9	55	35	57
1x41	52	44	45	26	30	8	24
1x41	52	7	17	50	23	13	48
1x41	53	18	37	7	23	32	49
1x41	53	23	8	4	45	58	42
1x41	54	22	20	15	36	37	27
1x41	55	51	48	34	6	37	56
1x41	56	14	42	55	15	32	16
1x41	56	30	5	43	48	34	36
1x41	56	34	25	22	2	19	54
1x41	56	43	55	42	28	31	9
1x41	56	45	28	53	17	12	57
1x41	57	28	14	8	15	37	32
1x41	57	4	44	31	39	36	9
1x41	58	15	56	52	48	4	53
1x41	58	17	28	25	1	42	45
1x41	58	2	59	8	15	7	37
1x41	58	40	42	24	5	47	33
1x41	58	45	13	22	23	36	14
1x41	58	48	19	44	38	49	10
1x41	59	1	33	27	43	53	34
1x41	59	15	39	26	13	7	2
1x41	59	38	58	34	2	60	31
1x41	59	48	2	30	26	35	53
1x41	59	48	58	43	34	2	35
1x41	59	58	55	31	29	49	40
1x41	6	24	29	31	54	17	9
1x41	6	37	27	36	51	40	39
1x41	6	42	31	46	36	1	43
1x41	6	44	2	56	26	23	55
1x41	6	51	9	44	22	26	27
1x41	60	11	36	4	57	48	27
1x41	60	17	11	22	33	47	50
1x41	60	20	30	42	11	49	36
1x41	60	26	42	21	31	25	53
1x41	60	53	50	43	22	8	19
1x41	8	16	12	2	49	26	48
1x41	8	3	20	23	1	56	9
1x41	8	44	26	55	24	13	43
1x41	8	49	22	43	23	45	31
1x41	9	31	33	39	34	7	26
1x42	1	35	14	39	25	56	29
1x42	1	48	44	23	26	49	19
1x42	1	49	38	16	9	37	33
1x42	1	52	51	22	13	3	34
1x42	1	6	11	16	52	18	49
1x42	10	24	57	44	52	7	30
1x42	11	12	2	3	47	15	28
1x42	11	40	59	41	18	54	57
1x42	11	45	55	48	3	49	36
1x42	11	5	9	48	39	25	19
1x42	11	54	13	12	39	59	1
1x42	11	55	35	10	6	14	4
1x42	11	6	35	12	47	52	3
1x42	12	24	11	32	38	29	19
1x42	12	47	39	40	4	44	31
1x42	12	60	21	9	3	58	30
1x42	13	45	32	25	14	37	48
1x42	14	30	43	41	36	7	45
1x42	15	14	33	2	47	18	53
1x42	15	49	31	57	24	9	46
1x42	16	11	9	10	30	36	46
1x42	16	29	19	55	23	53	10
1x42	16	40	56	37	52	39	41
1x42	16	55	48	33	39	26	19
1x42	17	30	23	20	4	53	13
1x42	17	35	18	14	23	59	34
1x42	17	38	40	23	20	30	4
1x42	18	22	9	15	11	13	49
1x42	19	14	56	20	12	55	31
1x42	19	15	33	26	38	46	34
1x42	19	25	9	1	51	56	23
1x42	19	47	5	37	17	10	23
1x42	2	11	25	59	14	38	54
1x42	2	52	23	45	14	12	53
1x42	2	9	32	59	54	52	26
1x42	20	13	28	15	54	16	14
1x42	20	29	31	12	21	32	46
1x42	20	32	17	40	14	27	26
1x42	20	38	19	59	45	22	52
1x42	20	47	26	35	52	56	8
1x42	21	14	46	57	33	41	16
1x42	21	34	54	2	9	57	23
1x42	21	43	1	48	40	25	27
1x42	21	54	36	55	34	20	33
1x42	22	16	18	59	60	27	14
1x42	22	27	55	34	2	60	49
1x42	23	25	28	44	18	14	2
1x42	23	51	13	33	38	57	53
1x42	24	29	27	6	23	36	54
1x42	24	31	51	55	28	11	14
1x42	24	49	40	26	55	31	25
1x42	25	12	8	38	34	7	6
1x42	25	22	52	18	30	37	17
1x42	25	30	33	5	56	35	26
1x42	25	58	21	6	18	3	45
1x42	27	3	53	20	52	43	8
1x42	27	40	50	31	33	17	16
1x42	27	47	13	58	29	11	60
1x42	27	57	37	9	49	46	44
1x42	27	7	26	16	41	50	20
1x42	28	31	44	57	10	2	40
1x42	28	7	6	31	21	2	23
1x42	29	3	12	31	20	4	24
1x42	3	43	29	45	8	12	38
1x42	3	45	36	17	15	55	38
1x42	30	3	24	50	18	12	27
1x42	30	58	29	51	16	48	18
1x42	30	60	40	23	43	24	4
1x42	31	14	2	7	35	28	43
1x42	31	23	60	53	43	58	39
1x42	31	48	32	33	28	47	38
1x42	32	16	47	52	33	49	1
1x42	33	51	58	17	14	26	30
1x42	33	59	7	40	44	26	29
1x42	34	11	9	55	33	1	15
1x42	34	24	16	6	7	3	37
1x42	34	56	14	59	52	47	29
1x42	35	18	48	36	44	13	24
1x42	35	34	28	8	40	55	36
1x42	35	36	9	1	21	17	8
1x42	35	56	55	17	18	57	45
1x42	36	12	23	51	17	52	34
1x42	36	4	21	48	17	50	8
1x42	36	50	12	30	2	4	18
1x42	36	59	44	29	54	39	24
1x42	37	34	39	52	45	28	50
1x42	37	45	5	60	33	46	17
1x42	37	54	11	50	51	31	15
1x42	38	55	50	29	33	49	7
1x42	39	22	53	8	35	49	50
1x42	39	44	5	34	16	1	22
1x42	39	50	43	10	17	29	15
1x42	4	1	2	20	34	50	47
1x42	4	1	25	23	5	22	45
1x42	4	16	10	12	59	25	33
1x42	4	22	56	20	39	7	53
1x42	4	53	44	48	18	21	47
1x42	4	7	47	26	37	21	5
1x42	40	10	16	43	17	22	34
1x42	40	28	13	59	44	53	24
1x42	43	2	29	11	17	15	10
1x42	43	38	28	33	39	24	58
1x42	43	50	46	60	21	49	1
1x42	43	51	44	25	53	30	34
1x42	44	38	23	30	55	7	46
1x42	45	1	40	14	18	57	3
1x42	45	17	16	60	23	46	41
1x42	45	18	14	26	49	51	57
1x42	45	8	41	19	27	18	58
1x42	46	33	8	38	17	27	7
1x42	46	47	10	35	52	13	20
1x42	46	9	58	17	37	56	44
1x42	47	22	7	18	48	49	20
1x42	47	32	52	59	14	2	15
1x42	47	4	23	58	56	52	14
1x42	47	5	3	52	9	24	29
1x42	48	21	35	46	13	33	29
1x42	49	31	56	9	59	27	51
1x42	49	55	11	28	24	20	18
1x42	5	32	23	49	60	4	10
1x42	5	37	13	14	36	38	4
1x42	5	59	34	39	49	58	29
1x42	50	17	18	55	21	36	16
1x42	50	44	41	13	24	8	52
1x42	50	51	52	39	6	16	53
1x42	50	56	45	36	13	30	26
1x42	50	7	15	53	29	14	55
1x42	51	26	12	40	52	17	14
1x42	51	28	3	34	32	20	48
1x42	51	55	3	41	53	29	6
1x42	52	20	54	35	21	33	41
1x42	52	24	30	29	14	47	10
1x42	52	29	15	27	8	39	11
1x42	52	56	46	8	17	30	59
1x42	52	9	35	26	43	20	60
1x42	53	18	10	31	5	37	4
1x42	53	58	47	43	21	33	50
1x42	54	10	19	52	3	40	12
1x42	54	38	11	57	12	9	24
1x42	54	57	59	46	38	43	17
1x42	55	16	52	28	34	8	51
1x42	55	33	27	59	36	20	31
1x42	56	27	17	20	39	55	1
1x42	56	44	38	25	22	26	53
1x42	56	47	40	38	16	60	8
1x42	56	5	51	36	38	60	11
1x42	56	51	36	52	3	21	58
1x42	57	44	48	45	46	4	52
1x42	57	48	5	9	18	14	34
1x42	57	55	23	3	32	16	53
1x42	57	55	35	21	10	50	43
1x42	58	13	31	40	50	28	54
1x42	58	43	30	26	14	33	7
1x42	58	51	53	22	25	29	33
1x42	59	19	15	43	20	34	47
1x42	59	20	17	41	40	7	16
1x42	6	10	21	31	39	35	52
1x42	6	15	48	51	35	60	24
1x42	6	31	8	52	3	56	19
1x42	6	34	55	17	59	36	23
1x42	8	38	40	60	25	53	30
1x42	9	4	52	43	47	26	54
1x43	1	41	29	58	47	25	56
1x43	1	50	15	11	52	42	20
1x43	10	27	13	11	29	38	42
1x43	11	25	47	36	24	37	8
1x43	11	27	60	8	25	49	44
1x43	11	4	29	52	10	22	56
1x43	11	50	38	45	60	4	46
1x43	11	55	36	12	3	18	39
1x43	12	19	7	35	11	37	20
1x43	12	45	32	51	28	39	6
1x43	12	5	55	10	20	30	58
1x43	13	27	59	7	29	26	36
1x43	13	31	40	26	56	21	15
1x43	13	6	3	4	60	46	15
1x43	14	29	23	41	13	17	6
1x43	15	22	35	39	49	28	32
1x43	15	26	16	49	50	55	44
1x43	15	37	4	1	45	38	41
1x43	15	7	48	4	17	60	1
1x43	16	23	13	4	51	12	11
1x43	16	36	14	55	6	51	33
1x43	16	46	6	44	28	14	15
1x43	17	1	16	29	5	23	58
1x43	17	49	47	6	14	7	54
1x43	17	57	58	45	9	25	53
1x43	18	4	7	17	40	42	12
1x43	2	27	60	56	52	34	42
1x43	2	33	10	47	26	51	12
1x43	2	36	18	53	35	40	29
1x43	2	40	5	56	53	29	45
1x43	2	57	8	38	21	30	52
1x43	20	11	18	21	49	14	55
1x43	20	34	53	54	32	21	25
1x43	21	15	3	48	45	20	4
1x43	21	19	46	40	20	26	37
1x43	21	3	16	20	38	48	33
1x43	21	34	56	20	36	13	17
1x43	21	35	8	54	2	28	34
1x43	21	42	12	6	10	37	23
1x43	22	49	21	29	57	8	39
1x43	23	14	33	19	15	44	36
1x43	23	19	17	13	47	18	41
1x43	23	36	42	9	15	54	13
1x43	23	4	59	48	53	33	44
1x43	23	5	24	16	45	33	54
1x43	23	52	25	33	46	31	41
1x43	23	58	6	22	8	30	40
1x43	23	7	10	14	3	21	53
1x43	24	20	41	56	58	42	11
1x43	24	41	19	36	33	58	35
1x43	25	35	47	16	24	2	55
1x43	26	1	23	30	29	52	45
1x43	26	39	15	13	34	40	11
1x43	26	44	21	40	12	53	14
1x43	26	46	58	54	24	30	13
1x43	26	53	34	21	49	5	36
1x43	27	12	30	25	33	31	13
1x43	27	49	15	55	7	9	19
1x43	28	45	14	29	41	39	57
1x43	28	51	35	15	27	31	52
1x43	28	8	33	10	42	31	53
1x43	29	12	22	11	6	27	55
1x43	29	34	17	45	27	5	23
1x43	3	2	34	39	23	8	19
1x43	3	4	16	57	51	12	44
1x43	3	8	47	32	58	30	24
1x43	30	12	31	37	13	10	55
1x43	30	41	1	6	57	35	52
1x43	30	47	21	29	39	22	40
1x43	30	6	21	22	33	3	24
1x43	31	47	29	14	7	3	10
1x43	32	11	14	25	49	57	52
1x43	32	22	29	53	2	24	26
1x43	32	26	18	27	57	42	4
1x43	32	48	18	41	25	42	30
1x43	32	52	53	41	39	28	26
1x43	34	10	37	30	5	51	14
1x43	34	46	28	22	32	11	50
1x43	35	2	15	55	12	38	27
1x43	35	38	29	8	30	48	23
1x43	35	46	21	58	22	4	39
1x43	36	15	23	52	4	27	21
1x43	36	21	8	15	29	6	7
1x43	36	49	17	48	54	12	55
1x43	36	9	29	41	48	31	21
1x43	37	6	19	4	23	41	30
1x43	38	33	47	37	41	56	14
1x43	38	37	58	52	48	59	32
1x43	38	41	13	16	42	21	51
1x43	39	38	60	35	23	2	29
1x43	4	41	58	59	54	16	17
1x43	40	52	24	22	58	47	45
1x43	41	19	21	11	5	35	17
1x43	41	27	2	33	39	4	7
1x43	41	34	46	20	59	13	22
1x43	41	47	45	10	55	36	37
1x43	42	11	1	48	32	46	52
1x43	42	3	10	39	41	58	57
1x43	42	37	53	44	29	45	7
1x43	44	1	25	7	9	31	53
1x43	44	32	19	11	42	39	41
1x43	44	55	29	22	46	5	57
1x43	45	31	18	30	57	51	5
1x43	45	31	59	60	10	39	29
1x43	45	38	11	48	41	58	14
1x43	45	5	16	7	41	32	56
1x43	45	7	4	18	52	22	5
1x43	46	2	9	52	20	37	57
1x43	46	21	49	39	41	2	23
1x43	46	26	15	58	3	57	7
1x43	46	49	40	56	53	3	37
1x43	47	12	49	26	22	10	35
1x43	47	35	44	58	26	40	15
1x43	47	46	53	25	19	8	13
1x43	47	59	6	26	21	41	11
1x43	48	58	2	9	17	5	11
1x43	49	3	51	10	17	30	16
1x43	49	6	24	40	17	15	53
1x43	5	4	7	9	34	60	49
1x43	5	8	46	10	47	22	53
1x43	50	18	47	2	29	10	30
1x43	50	20	17	56	51	9	7
1x43	50	33	52	45	9	48	4
1x43	50	7	57	29	21	33	16
1x43	51	13	27	15	11	17	53
1x43	51	32	30	13	26	24	5
1x43	51	6	14	58	54	17	48
1x43	52	14	46	33	15	51	31
1x43	52	22	13	24	3	50	54
1x43	52	4	17	31	41	6	9
1x43	52	49	51	53	1	10	11
1x43	53	16	15	19	31	36	32
1x43	53	26	9	40	18	55	17
1x43	53	31	55	13	21	60	52
1x43	54	13	19	52	29	32	7
1x43	54	33	47	31	18	36	20
1x43	54	6	50	48	14	51	42
1x43	55	36	46	42	10	2	50
1x43	56	13	28	24	50	15	41
1x43	57	38	29	20	60	21	55
1x43	57	7	49	13	36	12	28
1x43	57	8	2	9	36	51	29
1x43	58	16	20	47	11	60	15
1x43	59	10	30	24	16	27	45
1x43	59	21	35	52	60	34	47
1x43	59	26	38	40	53	50	44
1x43	59	31	60	29	39	33	13
1x43	6	32	12	33	56	28	10
1x43	6	37	35	36	13	38	47
1x43	6	44	28	51	2	42	55
1x43	6	47	54	60	5	59	22
1x43	6	56	42	31	15	48	11
1x43	7	12	56	2	14	44	20
1x43	7	14	17	50	10	9	27
1x43	7	15	42	31	18	36	9
1x43	7	3	20	54	28	50	6
1x43	7	39	26	41	57	14	27
1x43	7	4	3	9	36	5	50
1x43	7	57	39	23	31	14	10
1x43	9	19	34	29	57	8	56
1x43	9	35	8	50	10	55	34
1x43	9	45	29	31	41	6	27
1x43	9	54	1	47	37	30	55
1x44	1	13	33	16	3	35	14
1x44	10	13	47	34	20	6	60
1x44	10	55	1	57	5	41	15
1x44	10	58	28	6	3	36	39
1x44	12	11	23	58	40	34	53
1x44	12	16	53	15	58	2	28
1x44	12	18	27	50	37	34	54
1x44	12	3	52	39	46	27	14
1x44	13	43	59	12	36	19	58
1x44	14	28	30	11	60	40	22
1x44	14	7	8	34	12	3	46
1x44	15	32	52	12	26	34	41
1x44	15	52	30	9	27	17	29
1x44	15	7	42	1	2	6	22
1x44	16	21	20	39	49	35	33
1x44	16	41	17	43	50	27	46
1x44	16	42	10	24	8	50	19
1x44	17	33	13	32	7	56	14
1x44	17	45	2	34	19	10	32
1x44	17	51	26	46	12	55	15
1x44	17	9	33	27	2	26	41
1x44	18	22	38	2	52	45	28
1x44	18	57	15	50	2	24	60
1x44	19	1	54	38	56	13	40
1x44	19	38	34	4	40	59	30
1x44	19	4	52	15	38	34	21
1x44	19	48	8	31	46	60	11
1x44	19	6	18	4	46	23	38
1x44	2	32	40	12	5	38	17
1x44	20	34	43	38	58	2	60
1x44	20	53	35	12	8	26	24
1x44	20	53	4	11	2	43	23
1x44	21	37	31	32	19	3	34
1x44	21	49	23	38	16	20	10
1x44	22	41	25	18	9	53	56
1x44	23	1	45	48	15	32	6
1x44	23	20	10	12	8	52	18
1x44	23	21	25	48	11	32	39
1x44	23	38	3	28	54	53	27
1x44	23	45	46	5	17	49	58
1x44	24	14	49	34	25	16	50
1x44	24	29	2	17	38	1	19
1x44	24	41	25	12	28	42	17
1x44	25	37	46	2	8	5	1
1x44	25	41	49	13	38	37	31
1x44	25	50	46	30	9	35	55
1x44	25	51	45	22	9	21	59
1x44	25	57	27	5	47	40	20
1x44	26	3	60	47	58	35	40
1x44	26	40	10	52	47	12	29
1x44	26	50	20	19	10	41	32
1x44	26	53	9	20	59	48	18
1x44	26	9	21	54	47	1	39
1x44	27	14	15	37	32	39	33
1x44	27	34	8	25	50	9	42
1x44	27	36	1	6	29	10	33
1x44	27	39	46	21	14	17	23
1x44	27	53	2	1	3	42	4
1x44	27	8	54	7	53	40	29
1x44	27	9	34	41	58	30	57
1x44	29	5	51	14	24	38	47
1x44	29	57	24	32	51	2	26
1x44	3	51	36	42	48	25	31
1x44	3	52	46	11	60	42	59
1x44	30	1	16	23	4	14	45
1x44	30	1	31	38	37	39	33
1x44	30	17	56	26	23	32	43
1x44	30	19	28	3	22	45	24
1x44	30	31	46	52	3	15	14
1x44	30	55	13	35	12	45	11
1x44	31	54	24	37	58	59	40
1x44	31	8	34	22	6	37	49
1x44	32	25	51	40	17	48	29
1x44	34	13	42	58	41	43	46
1x44	34	23	53	39	10	31	57
1x44	34	42	2	36	5	60	16
1x44	35	31	60	10	32	19	16
1x44	35	32	51	55	8	53	36
1x44	35	7	30	55	56	10	29
1x44	36	10	28	27	24	42	53
1x44	36	11	22	21	38	4	5
1x44	36	13	32	57	7	51	42
1x44	37	20	30	21	19	33	53
1x44	38	16	49	13	2	19	59
1x44	38	42	22	4	23	13	16
1x44	39	4	3	46	26	29	6
1x44	4	51	33	2	57	28	29
1x44	4	6	57	41	23	51	10
1x44	40	1	2	34	19	48	6
1x44	40	17	19	34	57	35	28
1x44	40	52	43	45	60	59	19
1x44	41	39	25	56	7	58	52
1x44	42	2	27	60	7	34	51
1x44	42	2	60	38	21	13	5
1x44	42	37	26	16	56	34	25
1x44	42	53	6	28	52	15	39
1x44	42	6	37	31	49	11	17
1x44	43	30	49	37	56	29	2
1x44	45	31	25	5	28	13	37
1x44	45	50	6	59	7	9	46
1x44	46	32	39	59	20	5	28
1x44	46	55	29	17	6	59	21
1x44	47	18	53	26	39	13	15
1x44	47	22	26	53	8	5	12
1x44	47	23	29	7	31	14	19
1x44	47	8	26	53	20	41	29
1x44	48	15	54	22	9	26	37
1x44	48	3	17	12	53	55	5
1x44	48	45	39	5	23	36	59
1x44	48	45	52	57	43	39	8
1x44	49	12	41	14	34	20	1
1x44	49	15	45	19	48	40	52
1x44	49	21	31	40	36	30	33
1x44	49	50	10	19	13	5	51
1x44	49	55	33	50	36	53	23
1x44	49	56	37	10	46	34	1
1x44	49	60	34	12	20	19	42
1x44	49	8	42	2	20	55	50
1x44	5	38	43	17	55	24	26
1x44	50	12	24	59	47	15	52
1x44	50	27	31	60	5	34	4
1x44	50	49	23	15	6	54	43
1x44	50	54	42	15	12	22	60
1x44	51	2	17	20	24	16	38
1x44	52	21	14	59	45	13	41
1x44	53	16	38	50	56	36	15
1x44	53	47	30	60	39	34	7
1x44	53	55	23	19	12	22	8
1x44	53	8	32	28	55	40	54
1x44	54	16	10	45	35	17	42
1x44	54	21	18	58	17	52	41
1x44	54	26	55	19	28	51	6
1x44	54	3	12	11	41	30	50
1x44	54	40	3	49	33	21	59
1x44	55	35	23	6	3	8	9
1x44	56	20	14	41	23	42	46
1x44	56	27	28	47	22	41	2
1x44	56	54	19	29	51	1	11
1x44	56	6	46	36	57	24	58
1x44	57	10	9	20	16	28	38
1x44	57	46	12	29	14	53	36
1x44	58	18	19	8	20	7	41
1x44	58	36	38	16	1	39	35
1x44	58	7	15	26	22	52	38
1x44	59	30	45	54	60	43	37
1x44	59	31	60	27	24	50	19
1x44	59	48	31	46	39	15	55
1x44	59	5	33	38	6	4	48
1x44	59	51	52	43	60	39	49
1x44	6	29	12	57	4	52	33
1x44	6	29	17	22	56	2	15
1x44	6	53	18	11	26	47	33
1x44	6	59	51	3	57	13	47
1x44	60	42	38	7	13	55	41
1x44	7	3	27	59	52	57	39
1x44	7	36	25	6	29	39	35
1x44	7	40	14	37	46	11	6
1x44	7	9	40	39	27	38	37
1x44	8	13	35	4	12	41	32
1x44	8	2	18	58	22	5	25
1x44	8	24	26	13	10	45	53
1x44	9	11	51	19	49	60	24
1x44	9	14	12	33	49	58	48
1x44	9	59	17	23	31	11	10
1x45	1	42	22	35	12	3	29
1x45	1	58	4	35	10	43	23
1x45	11	3	44	55	24	58	30
1x45	12	3	17	11	18	44	23
1x45	12	4	33	19	48	46	31
1x45	12	40	37	20	43	14	5
1x45	12	44	17	3	41	26	60
1x45	12	47	17	13	23	56	6
1x45	13	12	4	43	58	30	6
1x45	13	25	16	2	60	38	33
1x45	13	3	1	56	39	49	40
1x45	14	30	21	23	11	52	55
1x45	14	53	42	21	25	4	36
1x45	14	7	5	4	38	23	50
1x45	15	1	58	28	24	16	27
1x45	15	24	47	58	17	14	20
1x45	15	7	20	21	34	2	52
1x45	15	9	12	10	34	8	43
1x45	16	18	41	49	3	29	33
1x45	17	4	33	52	59	44	1
1x45	17	50	57	31	47	18	22
1x45	18	12	29	9	6	41	23
1x45	18	25	29	37	56	50	60
1x45	18	5	15	44	55	58	30
1x45	19	36	31	41	46	15	50
1x45	19	40	3	23	39	17	26
1x45	19	43	55	38	53	16	47
1x45	19	46	7	42	48	58	55
1x45	19	60	39	43	44	23	41
1x45	2	29	22	28	18	1	10
1x45	2	51	3	59	53	54	8
1x45	2	51	5	19	25	4	32
1x45	2	7	47	32	50	6	17
1x45	20	21	14	8	38	37	26
1x45	20	25	59	43	17	23	54
1x45	20	3	29	35	11	57	43
1x45	20	48	10	40	22	13	34
1x45	21	23	43	3	58	8	46
1x45	21	31	23	42	1	6	40
1x45	21	31	29	55	51	44	49
1x45	21	46	38	57	13	23	60
1x45	21	53	20	22	31	7	42
1x45	21	53	46	27	10	9	13
1x45	21	53	55	56	60	38	31
1x45	22	27	9	50	44	13	56
1x45	22	30	9	1	2	13	14
1x45	22	35	41	7	12	56	43
1x45	23	24	26	58	29	39	6
1x45	23	35	38	11	34	3	26
1x45	23	43	33	9	58	6	41
1x45	23	48	37	41	1	30	28
1x45	23	5	44	29	11	10	55
1x45	24	53	2	51	16	38	55
1x45	25	41	36	20	8	40	17
1x45	26	20	57	10	47	33	27
1x45	26	21	31	37	2	36	13
1x45	26	22	38	33	43	54	50
1x45	27	23	54	14	42	2	31
1x45	27	28	4	11	36	7	35
1x45	27	41	52	42	17	60	40
1x45	28	16	15	43	6	50	58
1x45	28	17	53	23	44	13	43
1x45	28	54	52	44	14	51	7
1x45	29	15	28	5	51	43	44
1x45	29	46	56	35	36	25	33
1x45	3	21	7	27	42	12	5
1x45	3	30	21	59	12	38	54
1x45	30	23	11	47	60	8	12
1x45	30	34	18	51	13	31	28
1x45	30	55	16	52	29	31	5
1x45	31	60	38	32	16	19	53
1x45	33	41	60	28	13	21	15
1x45	35	58	22	44	7	12	23
1x45	36	16	32	49	37	19	25
1x45	36	38	42	20	30	9	23
1x45	36	50	3	27	26	47	4
1x45	37	47	26	51	11	4	25
1x45	37	50	40	18	51	22	19
1x45	37	57	56	54	53	27	47
1x45	38	30	56	47	42	31	19
1x45	39	20	14	13	31	36	46
1x45	39	24	30	12	41	3	33
1x45	39	31	13	44	11	24	16
1x45	39	31	59	12	29	48	34
1x45	39	33	30	60	4	5	56
1x45	39	59	56	37	16	30	55
1x45	4	12	28	9	58	40	34
1x45	4	46	26	23	13	33	48
1x45	40	41	22	5	54	37	57
1x45	40	44	54	5	25	35	3
1x45	40	8	59	30	36	60	39
1x45	41	1	46	56	17	32	43
1x45	41	28	35	46	40	49	3
1x45	41	29	10	8	35	4	53
1x45	41	46	43	23	42	51	52
1x45	41	57	13	46	36	5	25
1x45	42	21	59	31	32	53	25
1x45	42	34	3	49	11	43	40
1x45	43	38	39	14	6	40	4
1x45	46	10	9	50	18	43	42
1x45	46	34	38	3	49	4	47
1x45	46	38	51	3	24	35	52
1x45	46	39	50	34	12	26	10
1x45	47	24	20	29	52	3	55
1x45	47	26	22	33	21	12	18
1x45	47	26	8	40	3	46	34
1x45	47	27	23	36	41	52	4
1x45	47	42	57	53	51	29	36
1x45	47	44	14	20	11	2	36
1x45	47	6	30	44	21	15	27
1x45	48	16	36	50	52	8	54
1x45	48	54	16	6	42	35	10
1x45	49	16	2	35	53	36	21
1x45	49	20	3	29	21	41	32
1x45	5	43	36	44	38	49	25
1x45	50	13	21	36	32	1	38
1x45	50	25	23	26	27	57	39
1x45	51	48	5	18	12	13	26
1x45	52	16	11	6	58	9	18
1x45	52	26	40	24	1	41	18
1x45	52	39	1	27	43	10	48
1x45	52	59	56	26	42	54	6
1x45	53	4	37	52	41	44	26
1x45	54	22	52	19	27	51	43
1x45	54	6	57	36	12	27	41
1x45	56	15	37	27	34	24	1
1x45	56	30	18	47	36	41	24
1x45	57	13	8	51	36	60	59
1x45	57	18	46	53	30	11	9
1x45	57	38	6	44	9	37	17
1x45	57	56	54	10	48	28	59
1x45	57	58	30	12	36	4	51
1x45	58	15	38	17	9	31	6
1x45	58	17	20	15	22	49	11
1x45	58	22	41	17	59	50	52
1x45	58	24	4	11	33	50	40
1x45	58	48	19	25	32	2	39
1x45	58	5	1	55	38	54	40
1x45	58	54	24	3	35	19	13
1x45	58	54	29	18	33	43	11
1x45	59	15	4	30	33	49	6
1x45	59	31	33	26	1	22	34
1x45	59	39	55	1	32	24	42
1x45	59	44	26	43	46	4	56
1x45	6	22	10	1	7	57	24
1x45	6	58	33	54	10	17	59
1x45	60	13	8	55	9	52	26
1x45	60	30	1	14	15	20	19
1x45	60	59	21	28	55	12	30
1x45	60	59	26	5	12	49	17
1x45	60	9	3	15	46	55	22
1x45	7	10	4	38	56	43	5
1x45	7	18	29	1	43	52	9
1x45	7	25	52	48	4	57	33
1x45	7	38	43	1	21	49	47
1x45	7	39	14	5	37	18	31
1x45	9	26	11	21	57	20	15
1x45	9	39	24	8	52	53	47
1x45	9	39	7	48	12	55	6
1x45	9	44	20	48	43	42	8
1x46	1	10	31	19	17	21	12
1x46	1	45	26	29	14	34	3
1x46	11	30	14	43	5	18	4
1x46	11	43	49	20	53	59	38
1x46	11	56	33	4	15	48	44
1x46	12	25	4	30	35	33	9
1x46	12	38	58	55	42	15	45
1x46	12	39	4	48	8	40	19
1x46	12	6	56	29	7	52	28
1x46	13	23	10	15	48	56	38
1x46	13	39	25	58	9	42	34
1x46	14	16	35	51	44	18	12
1x46	14	25	2	37	3	50	15
1x46	14	28	4	37	17	12	9
1x46	15	28	52	54	19	33	10
1x46	15	35	25	13	34	45	55
1x46	15	43	6	18	44	3	5
1x46	16	19	28	11	2	36	15
1x46	16	20	32	49	8	42	5
1x46	16	22	42	54	17	28	52
1x46	16	27	48	8	6	12	58
1x46	17	20	23	7	31	6	51
1x46	17	47	50	4	33	44	31
1x46	17	60	4	38	18	51	28
1x46	18	17	8	6	23	47	26
1x46	18	23	58	19	26	50	43
1x46	18	25	6	49	15	56	19
1x46	19	12	51	30	28	43	17
1x46	19	24	20	54	33	60	57
1x46	2	25	56	39	24	30	41
1x46	2	36	1	54	31	8	43
1x46	2	6	47	28	5	32	24
1x46	20	27	42	53	52	31	36
1x46	20	35	18	40	36	28	19
1x46	20	9	7	31	5	55	12
1x46	21	14	7	3	41	58	30
1x46	21	17	4	33	36	29	24
1x46	21	22	13	16	19	31	32
1x46	21	51	34	18	14	10	3
1x46	22	16	3	37	59	54	43
1x46	22	25	37	1	39	54	40
1x46	22	41	37	45	49	47	3
1x46	22	50	36	34	58	27	42
1x46	22	56	36	37	53	42	14
1x46	22	57	33	4	11	50	17
1x46	23	14	19	18	17	27	9
1x46	23	30	1	15	2	52	19
1x46	23	41	47	43	37	30	53
1x46	24	2	58	31	41	10	23
1x46	24	25	53	32	30	42	39
1x46	24	27	19	40	54	47	37
1x46	24	27	58	32	34	53	30
1x46	24	6	17	39	48	7	14
1x46	24	9	31	30	58	36	57
1x46	25	4	10	54	31	14	44
1x46	25	48	15	11	35	42	5
1x46	27	52	34	60	59	55	32
1x46	28	11	18	8	2	49	34
1x46	28	21	4	35	30	51	17
1x46	28	37	20	5	8	10	1
1x46	28	9	25	53	42	4	37
1x46	29	32	3	49	48	53	55
1x46	29	50	14	28	10	16	17
1x46	29	7	15	2	34	18	1
1x46	29	8	38	10	27	19	48
1x46	3	20	41	51	28	22	57
1x46	3	31	24	11	33	19	60
1x46	3	53	45	37	57	1	17
1x46	30	2	9	29	41	16	40
1x46	30	34	17	55	41	29	12
1x46	30	43	20	33	9	8	55
1x46	30	5	58	3	18	55	57
1x46	31	18	37	20	45	32	10
1x46	31	2	34	13	12	56	4
1x46	31	29	58	48	16	49	54
1x46	31	32	37	17	57	8	42
1x46	31	50	30	22	11	16	38
1x46	32	21	30	18	27	29	12
1x46	32	21	50	40	36	13	6
1x46	32	35	26	47	49	14	42
1x46	32	54	22	9	47	34	50
1x46	33	3	31	60	12	28	48
1x46	33	40	49	19	2	58	36
1x46	33	58	52	26	60	27	9
1x46	34	11	19	24	20	30	44
1x46	34	32	52	24	59	58	29
1x46	35	19	52	8	2	10	7
1x46	35	32	39	30	55	31	28
1x46	35	45	22	3	24	47	15
1x46	36	19	4	24	35	45	54
1x46	36	28	19	9	21	43	53
1x46	36	8	16	55	14	26	21
1x46	37	58	20	11	29	32	30
1x46	38	55	28	47	2	26	18
1x46	39	30	53	16	14	45	37
1x46	39	6	36	38	42	25	2
1x46	4	14	29	47	34	58	3
1x46	4	22	47	3	52	58	33
1x46	4	33	60	40	12	28	1
1x46	4	35	47	6	2	51	59
1x46	4	7	19	15	10	12	23
1x46	40	21	4	60	24	9	1
1x46	40	28	47	33	43	50	39
1x46	40	31	10	30	33	4	55
1x46	40	38	54	2	59	24	41
1x46	40	41	43	28	55	58	7
1x46	42	15	21	57	31	24	4
1x46	42	9	19	22	56	23	40
1x46	43	18	35	10	51	5	53
1x46	43	2	55	10	29	6	20
1x46	43	27	9	37	20	13	45
1x46	43	3	22	29	6	25	28
1x46	43	49	48	60	26	10	23
1x46	44	1	58	45	18	53	5
1x46	44	29	8	28	31	32	47
1x46	44	49	20	14	13	21	35
1x46	45	3	60	39	57	31	34
1x46	45	31	18	23	30	13	26
1x46	47	15	3	55	27	33	36
1x46	47	3	49	51	54	25	42
1x46	48	21	6	52	32	23	60
1x46	48	25	23	39	30	12	21
1x46	48	36	49	33	3	17	18
1x46	48	7	55	49	25	3	1
1x46	49	12	54	7	28	11	25
1x46	49	47	58	41	51	4	45
1x46	49	48	18	7	10	39	4
1x46	49	56	7	60	16	53	59
1x46	5	23	18	57	43	56	31
1x46	5	26	21	8	24	54	1
1x46	50	14	52	13	16	15	48
1x46	50	18	49	26	17	40	37
1x46	50	39	21	55	8	30	4
1x46	51	2	54	27	6	59	53
1x46	51	58	59	10	15	11	29
1x46	52	42	11	39	59	43	1
1x46	53	29	22	13	8	52	43
1x46	53	5	26	16	2	28	33
1x46	54	19	8	24	20	38	30
1x46	54	48	13	29	35	20	30
1x46	54	57	49	33	31	14	36
1x46	54	7	37	25	6	35	21
1x46	55	34	19	21	1	31	32
1x46	55	4	51	18	34	20	2
1x46	55	53	57	4	10	19	17
1x46	56	1	24	25	17	60	33
1x46	56	17	2	51	57	44	1
1x46	56	27	26	55	60	43	10
1x46	57	30	39	2	7	37	4
1x46	57	42	3	60	40	21	38
1x46	57	6	39	37	7	51	55
1x46	57	60	8	20	26	16	35
1x46	58	29	10	30	38	9	44
1x46	58	38	53	25	55	48	42
1x46	58	51	21	13	17	26	53
1x46	58	9	40	3	44	51	43
1x46	59	1	27	50	23	11	20
1x46	59	38	55	41	30	33	26
1x46	59	60	23	13	55	15	11
1x46	6	23	44	53	17	50	19
1x46	60	18	29	45	39	47	30
1x46	60	7	4	16	51	24	30
1x46	7	11	15	44	17	5	48
1x46	7	23	56	11	24	44	47
1x46	7	39	36	35	12	18	59
1x46	8	11	56	38	59	55	1
1x46	8	45	19	22	14	55	37
1x46	8	52	7	1	22	53	20
1x46	8	6	55	40	44	21	39
1x46	9	14	39	27	43	35	20
1x47	1	12	7	31	13	2	37
1x47	10	30	3	19	6	49	12
1x47	11	16	1	46	18	19	23
1x47	11	21	48	49	12	13	18
1x47	11	26	48	6	12	33	13
1x47	11	26	55	16	46	6	41
1x47	11	51	57	9	8	50	2
1x47	11	57	48	39	14	53	31
1x47	12	16	20	14	6	53	26
1x47	12	38	4	40	11	14	3
1x47	13	18	20	1	40	55	27
1x47	13	20	30	31	16	10	42
1x47	13	32	4	29	57	1	37
1x47	13	4	11	15	44	57	28
1x47	13	42	35	10	30	18	44
1x47	13	46	18	52	51	32	16
1x47	13	49	29	12	3	26	5
1x47	13	59	54	14	3	46	26
1x47	14	15	19	5	7	59	24
1x47	14	36	4	30	51	9	7
1x47	14	42	11	19	27	48	20
1x47	14	52	11	6	26	13	44
1x47	15	10	8	44	36	60	43
1x47	15	14	3	36	60	10	6
1x47	15	24	54	60	34	42	21
1x47	15	30	48	45	14	38	16
1x47	15	39	19	42	2	9	52
1x47	15	43	19	1	2	41	54
1x47	15	50	26	59	51	46	57
1x47	15	53	5	39	23	30	13
1x47	16	29	51	46	38	43	45
1x47	17	42	32	11	41	23	21
1x47	17	43	29	53	8	11	23
1x47	17	48	14	38	53	25	29
1x47	17	54	28	45	59	16	19
1x47	19	10	37	32	52	18	53
1x47	20	4	1	42	35	21	60
1x47	20	4	28	58	57	43	44
1x47	20	54	19	18	31	60	4
1x47	23	27	4	52	35	51	8
1x47	23	29	58	9	22	12	33
1x47	23	35	19	18	1	22	6
1x47	23	35	40	27	48	7	17
1x47	23	39	33	3	18	50	7
1x47	23	42	7	5	10	35	22
1x47	24	35	13	3	42	23	11
1x47	24	36	29	45	3	42	22
1x47	24	44	35	4	27	29	21
1x47	24	48	58	37	60	22	12
1x47	25	2	13	11	43	57	9
1x47	25	21	23	7	24	18	32
1x47	25	3	57	15	36	46	10
1x47	25	7	58	46	45	30	39
1x47	26	10	4	11	42	52	34
1x47	26	24	18	16	23	49	59
1x47	26	33	9	57	29	55	13
1x47	27	49	58	54	21	37	56
1x47	28	18	15	58	41	23	32
1x47	28	23	57	10	12	33	60
1x47	28	60	24	21	22	41	11
1x47	29	10	26	34	20	58	22
1x47	29	39	8	28	31	7	24
1x47	29	45	48	25	42	34	56
1x47	29	50	15	32	2	1	28
1x47	3	20	48	37	5	9	50
1x47	3	23	31	27	15	48	57
1x47	30	25	19	34	58	42	20
1x47	30	45	57	56	41	39	48
1x47	30	5	40	35	10	6	1
1x47	31	54	46	49	23	36	55
1x47	32	11	21	23	29	5	45
1x47	32	28	2	49	6	54	7
1x47	33	13	11	29	45	34	52
1x47	33	2	4	36	46	1	3
1x47	34	25	39	44	56	24	40
1x47	34	56	58	28	26	6	25
1x47	34	7	19	2	45	26	21
1x47	35	11	46	16	29	5	2
1x47	35	21	57	16	53	29	4
1x47	35	37	15	29	26	39	1
1x47	35	5	52	57	19	25	33
1x47	35	51	20	13	19	45	44
1x47	35	52	45	19	7	55	21
1x47	36	15	50	34	35	16	52
1x47	36	21	50	18	31	60	10
1x47	36	24	50	58	11	21	6
1x47	36	30	29	18	42	31	5
1x47	37	11	17	31	19	57	33
1x47	37	59	44	42	11	54	5
1x47	38	39	36	34	21	9	31
1x47	38	45	26	21	37	29	19
1x47	4	23	31	37	39	1	49
1x47	4	35	33	42	48	49	51
1x47	40	33	15	36	3	11	35
1x47	40	4	16	43	51	11	56
1x47	40	8	15	11	50	43	34
1x47	41	25	31	15	49	33	20
1x47	41	34	20	44	30	26	2
1x47	41	9	1	10	4	35	42
1x47	43	26	33	31	15	55	50
1x47	43	58	42	21	34	22	2
1x47	43	9	30	20	54	45	6
1x47	44	1	22	34	55	27	51
1x47	44	19	60	39	23	30	31
1x47	44	21	13	52	53	28	45
1x47	45	1	44	9	55	59	34
1x47	45	14	50	5	22	31	42
1x47	45	18	16	36	44	12	60
1x47	45	28	59	19	34	42	8
1x47	45	51	35	58	17	9	44
1x47	46	16	5	45	33	60	34
1x47	46	27	31	26	55	23	34
1x47	46	33	29	52	15	14	24
1x47	46	40	9	34	60	12	29
1x47	48	30	44	22	13	45	28
1x47	49	23	17	34	21	31	18
1x47	49	26	11	8	36	42	53
1x47	49	51	53	42	26	54	23
1x47	49	51	54	33	59	10	30
1x47	49	60	11	37	28	25	19
1x47	5	33	18	20	17	43	22
1x47	5	57	10	20	14	25	48
1x47	50	34	42	55	52	54	60
1x47	51	13	24	38	25	12	57
1x47	51	44	45	15	16	4	34
1x47	51	46	36	17	39	15	6
1x47	52	20	11	5	40	58	24
1x47	52	25	60	42	44	1	53
1x47	52	36	39	30	54	12	28
1x47	53	46	40	17	2	6	60
1x47	53	60	34	21	11	58	35
1x47	54	12	11	2	49	33	20
1x47	54	36	23	59	43	16	46
1x47	54	37	1	45	28	4	2
1x47	54	52	18	40	33	36	43
1x47	54	8	38	56	24	25	58
1x47	55	17	19	45	41	32	14
1x47	55	46	11	24	56	43	22
1x47	55	6	3	48	17	11	42
1x47	56	1	2	36	11	28	55
1x47	56	13	34	53	45	24	46
1x47	56	22	9	33	1	14	11
1x47	56	26	52	43	58	6	55
1x47	56	38	34	15	30	18	11
1x47	56	49	25	35	45	14	7
1x47	57	27	15	32	7	1	28
1x47	57	31	56	22	41	9	14
1x47	59	23	38	2	31	54	55
1x47	59	32	13	42	53	50	6
1x47	6	14	49	8	9	30	48
1x47	6	25	23	46	33	30	55
1x47	6	56	13	60	50	37	9
1x47	60	15	50	46	26	37	19
1x47	60	46	49	36	53	15	20
1x47	8	33	12	31	44	24	49
1x47	8	41	40	52	32	15	38
1x47	8	55	20	52	36	18	59
1x47	8	6	29	10	35	46	28
1x48	1	21	52	12	7	39	19
1x48	1	44	6	14	2	40	43
1x48	1	46	10	50	24	7	53
1x48	10	14	25	59	30	42	43
1x48	10	33	16	19	40	56	20
1x48	10	50	43	7	33	5	26
1x48	10	52	58	1	40	51	57
1x48	10	59	34	2	40	18	36
1x48	11	18	31	57	13	49	10
1x48	11	27	28	31	42	35	30
1x48	12	16	20	57	26	49	23
1x48	12	50	10	51	34	45	15
1x48	12	53	43	7	25	28	59
1x48	12	54	28	5	52	11	26
1x48	13	21	15	17	24	42	59
1x48	13	46	57	35	33	18	58
1x48	13	9	55	54	11	10	35
1x48	14	29	60	3	19	7	10
1x48	15	44	23	1	26	38	33
1x48	15	57	18	50	43	31	23
1x48	16	46	35	45	9	5	13
1x48	16	58	41	54	32	9	6
1x48	16	7	34	21	1	14	38
1x48	17	14	21	41	38	59	29
1x48	17	25	49	9	40	23	6
1x48	17	56	31	47	51	2	41
1x48	18	29	22	49	16	13	44
1x48	18	30	40	44	25	2	6
1x48	18	52	10	12	21	40	55
1x48	19	13	56	58	52	12	34
1x48	19	18	56	55	54	12	3
1x48	19	27	47	58	42	17	8
1x48	2	20	55	46	4	37	1
1x48	2	20	6	23	42	19	29
1x48	20	24	34	5	45	16	44
1x48	20	38	36	46	5	28	18
1x48	20	41	22	34	26	32	30
1x48	21	24	23	56	3	41	29
1x48	21	31	53	18	59	39	17
1x48	21	35	30	22	34	2	12
1x48	21	37	12	11	42	35	46
1x48	21	39	41	47	42	10	4
1x48	22	10	19	42	12	30	4
1x48	22	15	60	12	20	51	49
1x48	22	18	46	51	36	53	16
1x48	23	18	38	52	28	41	43
1x48	24	25	49	31	46	10	40
1x48	24	3	10	44	37	28	19
1x48	24	32	13	5	54	27	42
1x48	24	32	22	23	56	5	40
1x48	24	33	35	56	50	7	46
1x48	24	4	12	30	51	34	37
1x48	25	54	14	5	43	16	23
1x48	26	42	52	54	13	34	25
1x48	27	15	5	51	57	35	18
1x48	27	20	14	51	2	12	22
1x48	27	38	23	32	2	55	15
1x48	28	17	44	14	26	45	46
1x48	28	20	46	5	40	50	41
1x48	28	30	26	15	1	24	35
1x48	28	55	23	1	51	20	47
1x48	28	57	30	5	34	3	23
1x48	28	59	20	43	38	49	44
1x48	28	59	43	10	33	2	16
1x48	29	14	22	55	8	26	44
1x48	29	40	52	46	15	39	2
1x48	3	16	34	5	8	53	7
1x48	3	17	45	41	59	25	1
1x48	3	41	2	49	45	12	10
1x48	30	44	43	20	52	41	22
1x48	30	5	21	60	52	1	31
1x48	30	6	55	40	45	12	9
1x48	31	12	58	10	16	39	59
1x48	31	30	7	46	38	33	3
1x48	32	37	54	1	47	53	18
1x48	32	39	41	14	17	7	52
1x48	33	24	7	1	17	44	32
1x48	33	42	37	19	41	55	2
1x48	33	43	25	2	22	10	21
1x48	33	44	41	26	5	27	32
1x48	33	52	31	15	24	3	41
1x48	34	49	5	28	55	39	40
1x48	35	39	56	31	9	30	53
1x48	35	5	3	42	39	14	15
1x48	36	38	46	52	29	11	56
1x48	36	44	25	29	33	32	34
1x48	36	44	5	7	53	19	1
1x48	36	46	54	32	11	51	7
1x48	36	52	26	27	24	42	47
1x48	37	32	24	15	6	49	47
1x48	37	50	16	41	46	6	30
1x48	38	22	17	51	52	10	54
1x48	38	22	46	24	41	50	40
1x48	38	35	31	42	6	9	28
1x48	39	29	4	23	36	35	37
1x48	39	3	49	10	51	53	2
1x48	39	44	45	36	28	57	16
1x48	39	51	15	41	43	17	44
1x48	4	19	15	51	1	52	22
1x48	4	37	45	15	36	49	59
1x48	4	52	36	41	10	55	31
1x48	40	9	47	32	55	58	6
1x48	41	31	30	18	54	47	59
1x48	41	37	46	25	32	27	26
1x48	41	49	47	58	55	44	24
1x48	41	52	31	40	6	1	56
1x48	41	57	46	3	43	24	13
1x48	42	46	58	36	30	52	24
1x48	42	55	30	39	33	49	23
1x48	43	31	41	36	60	56	32
1x48	43	5	20	15	22	12	25
1x48	43	52	41	50	57	11	12
1x48	44	27	57	45	60	38	25
1x48	44	55	53	56	50	28	8
1x48	45	11	55	39	46	40	57
1x48	45	43	31	49	37	39	20
1x48	46	10	47	16	45	55	9
1x48	46	12	35	2	55	22	42
1x48	46	16	11	56	12	34	55
1x48	46	16	23	39	8	54	10
1x48	46	21	37	27	58	47	34
1x48	46	29	59	56	42	18	47
1x48	46	3	7	26	56	19	32
1x48	46	30	55	15	49	32	2
1x48	46	52	38	15	55	1	7
1x48	47	1	33	27	10	12	46
1x48	47	10	54	24	25	37	35
1x48	47	34	29	59	27	45	14
1x48	47	57	44	43	15	18	6
1x48	49	17	29	52	55	13	45
1x48	49	27	9	6	50	58	21
1x48	49	29	24	52	16	46	44
1x48	49	42	17	3	52	45	1
1x48	5	10	23	22	58	13	15
1x48	5	11	54	19	12	26	24
1x48	5	27	1	52	12	16	56
1x48	5	28	45	34	1	59	11
1x48	5	51	22	29	26	36	43
1x48	5	52	4	59	43	22	44
1x48	50	19	8	18	22	4	17
1x48	50	3	43	10	21	34	32
1x48	50	57	58	36	8	30	54
1x48	51	28	43	37	18	47	50
1x48	51	8	6	16	52	2	57
1x48	52	51	20	23	59	16	9
1x48	53	5	30	46	10	39	51
1x48	54	29	50	33	13	40	8
1x48	54	5	43	36	49	35	37
1x48	55	11	23	51	6	38	36
1x48	56	25	3	18	13	4	58
1x48	56	34	22	24	37	31	11
1x48	56	35	51	29	53	25	22
1x48	56	38	24	60	8	43	50
1x48	58	17	10	45	55	21	23
1x48	58	7	50	18	14	23	33
1x48	59	23	55	25	16	13	43
1x48	59	45	31	15	13	8	12
1x48	59	7	30	23	42	45	41
1x48	6	1	13	59	9	18	16
1x48	6	23	14	49	31	22	11
1x48	6	39	52	34	40	56	35
1x48	6	54	16	50	39	40	53
1x48	60	32	2	7	18	9	1
1x48	8	12	51	44	53	58	9
1x48	8	19	5	28	41	24	26
1x48	8	34	42	18	52	35	41
1x48	8	45	57	18	54	19	22
1x48	8	56	1	59	27	12	42
1x48	9	24	17	43	14	31	11
1x49	1	17	58	15	51	45	8
1x49	1	32	10	56	55	27	21
1x49	10	28	34	39	46	35	33
1x49	10	30	8	38	33	39	6
1x49	10	37	51	59	47	5	25
1x49	10	52	4	22	34	37	54
1x49	11	19	23	33	25	54	17
1x49	11	34	56	26	58	45	3
1x49	11	56	17	13	40	60	42
1x49	11	59	9	30	45	51	7
1x49	11	9	25	23	60	3	48
1x49	12	25	11	15	21	30	13
1x49	12	45	53	44	22	38	18
1x49	13	22	30	60	38	11	5
1x49	13	25	14	20	7	34	11
1x49	14	20	26	32	57	37	27
1x49	14	59	34	44	50	36	13
1x49	14	6	22	18	58	21	51
1x49	15	51	10	22	44	16	4
1x49	15	59	29	2	34	47	14
1x49	17	48	52	30	39	44	4
1x49	18	31	16	24	1	48	57
1x49	18	36	17	55	38	45	7
1x49	18	36	38	46	19	15	6
1x49	18	4	31	2	43	59	25
1x49	19	15	16	12	21	24	9
1x49	19	15	37	1	56	59	28
1x49	19	18	35	14	44	5	29
1x49	19	50	23	57	16	15	53
1x49	19	57	31	15	51	52	40
1x49	2	16	3	20	35	53	12
1x49	2	20	39	52	40	54	8
1x49	2	21	44	1	7	53	42
1x49	2	22	52	10	39	15	34
1x49	2	34	21	6	28	26	51
1x49	20	4	9	51	41	27	19
1x49	20	51	1	53	41	35	19
1x49	20	59	2	41	3	34	54
1x49	21	22	5	56	28	55	17
1x49	21	24	18	35	58	15	26
1x49	21	36	19	2	38	4	12
1x49	21	60	45	58	56	51	42
1x49	22	13	55	14	53	57	8
1x49	22	23	20	37	53	55	51
1x49	22	23	33	48	53	50	56
1x49	22	57	26	56	19	48	5
1x49	22	6	26	55	50	56	53
1x49	22	7	21	46	27	18	11
1x49	22	7	57	20	4	13	46
1x49	23	6	13	55	54	59	53
1x49	23	6	18	9	29	1	11
1x49	23	6	36	13	58	31	26
1x49	26	32	56	44	59	54	13
1x49	27	24	60	58	44	12	59
1x49	27	43	22	53	1	3	28
1x49	27	57	36	21	43	29	50
1x49	28	15	42	30	48	1	3
1x49	28	33	15	27	24	31	32
1x49	28	33	23	22	43	17	8
1x49	29	4	46	21	45	42	20
1x49	3	40	8	60	54	20	58
1x49	3	42	8	52	14	4	28
1x49	3	5	27	26	57	35	47
1x49	30	14	13	47	37	6	56
1x49	30	60	48	8	26	5	17
1x49	31	20	24	59	54	43	34
1x49	31	25	43	35	6	27	9
1x49	31	28	15	11	3	36	38
1x49	31	34	30	11	35	58	10
1x49	32	38	17	6	54	7	30
1x49	33	9	12	17	37	20	22
1x49	34	32	24	38	30	47	37
1x49	34	5	26	17	60	53	1
1x49	35	21	42	59	55	50	6
1x49	35	5	20	1	4	45	32
1x49	36	28	5	45	13	54	11
1x49	37	21	50	20	36	44	17
1x49	37	29	34	55	36	57	28
1x49	37	30	39	28	22	32	6
1x49	37	6	38	36	51	21	39
1x49	38	17	60	29	35	16	36
1x49	38	25	47	28	1	26	31
1x49	39	17	38	36	60	9	41
1x49	39	20	53	8	19	59	47
1x49	39	34	3	46	23	48	54
1x49	39	58	24	26	57	28	1
1x49	4	26	14	18	48	56	27
1x49	4	7	54	29	40	50	16
1x49	40	20	41	38	48	42	36
1x49	40	22	17	47	25	15	36
1x49	40	22	41	30	25	42	18
1x49	40	38	23	22	16	50	26
1x49	42	15	25	36	55	12	16
1x49	42	16	1	47	53	40	34
1x49	43	1	6	24	25	45	53
1x49	43	10	50	36	3	5	48
1x49	43	22	45	53	24	20	9
1x49	43	35	22	58	2	21	9
1x49	44	58	31	32	3	60	48
1x49	45	11	39	35	12	55	4
1x49	45	33	18	35	8	29	21
1x49	45	56	35	42	51	22	30
1x49	46	17	60	21	4	12	29
1x49	46	35	11	37	40	52	45
1x49	46	42	57	28	45	17	27
1x49	47	18	10	48	21	28	3
1x49	47	29	58	18	45	35	11
1x49	48	47	55	3	7	52	22
1x49	48	60	2	59	25	58	41
1x49	5	59	20	52	54	58	33
1x49	50	44	11	13	54	39	22
1x49	50	47	12	3	45	21	34
1x49	51	18	55	47	24	30	4
1x49	51	20	48	39	30	54	33
1x49	51	39	41	58	7	48	57
1x49	52	22	32	30	53	16	13
1x49	52	50	48	19	36	51	60
1x49	53	12	34	26	39	7	1
1x49	53	28	23	2	1	57	24
1x49	53	60	35	8	39	3	27
1x49	54	57	12	50	43	9	32
1x49	55	37	48	9	3	46	10
1x49	55	40	54	27	37	36	60
1x49	55	58	57	13	11	56	30
1x49	56	22	26	5	32	53	18
1x49	56	31	27	38	52	24	13
1x49	56	38	42	41	9	17	57
1x49	57	2	7	44	55	8	54
1x49	57	50	54	59	27	44	42
1x49	57	51	22	13	35	11	5
1x49	57	53	1	11	21	19	30
1x49	58	34	4	53	15	44	6
1x49	58	47	39	41	31	6	17
1x49	58	52	19	46	43	44	40
1x49	58	56	54	43	26	24	8
1x49	59	11	21	56	16	30	39
1x49	59	27	4	5	53	55	60
1x49	59	41	48	31	29	50	30
1x49	6	7	45	35	26	32	17
1x49	60	1	57	35	42	25	17
1x49	60	27	1	10	46	48	24
1x49	60	28	22	48	40	42	36
1x49	60	46	57	52	29	15	53
1x49	7	36	5	21	48	6	58
1x49	8	10	60	43	45	18	34
1x49	9	26	4	56	31	42	59
1x49	9	27	34	7	28	24	16
1x49	9	55	8	20	37	10	19
1x5	1	32	6	46	18	25	48
1x5	1	38	3	18	32	19	42
1x5	1	8	18	57	11	19	38
1x5	10	16	48	12	39	58	43
1x5	11	10	6	41	49	45	31
1x5	11	36	24	26	60	40	9
1x5	11	46	52	34	7	31	24
1x5	12	42	13	8	26	7	45
1x5	12	47	26	13	8	51	48
1x5	13	47	39	3	38	26	9
1x5	14	1	2	13	43	39	46
1x5	14	26	37	41	40	42	27
1x5	15	26	39	1	52	8	10
1x5	15	29	20	38	17	53	7
1x5	15	41	46	57	43	20	25
1x5	16	38	37	7	43	32	23
1x5	16	46	52	12	22	27	49
1x5	17	21	4	12	22	9	52
1x5	17	34	18	28	40	36	31
1x5	17	47	52	22	26	3	25
1x5	19	1	54	36	6	29	55
1x5	19	10	13	28	40	49	42
1x5	19	10	57	11	45	27	1
1x5	19	14	20	29	55	34	54
1x5	19	42	3	40	60	59	51
1x5	19	52	4	13	41	34	27
1x5	2	16	55	40	11	37	25
1x5	2	29	12	10	35	20	46
1x5	2	31	3	55	57	26	7
1x5	20	50	56	25	39	57	27
1x5	21	1	12	43	26	35	60
1x5	21	20	50	10	34	13	4
1x5	21	51	38	17	58	37	11
1x5	21	56	33	20	19	59	7
1x5	22	31	8	26	6	49	59
1x5	22	44	56	55	50	54	42
1x5	23	11	4	31	16	3	25
1x5	23	18	42	24	39	46	33
1x5	23	36	15	14	48	59	4
1x5	23	37	38	4	47	29	56
1x5	23	6	26	43	32	2	24
1x5	24	3	60	4	17	1	21
1x5	25	16	31	34	1	39	7
1x5	25	28	43	50	33	57	60
1x5	25	45	20	35	31	36	56
1x5	25	49	50	55	39	22	48
1x5	25	7	28	43	54	34	16
1x5	26	49	21	6	25	27	30
1x5	26	57	24	13	37	50	21
1x5	27	36	45	17	11	56	6
1x5	28	34	26	42	10	44	56
1x5	28	56	41	17	60	25	32
1x5	28	59	23	1	56	55	16
1x5	29	1	39	13	55	43	57
1x5	29	23	1	27	35	55	13
1x5	29	34	3	60	59	7	11
1x5	29	57	53	15	54	49	33
1x5	29	7	32	40	23	36	60
1x5	3	39	2	41	47	37	8
1x5	3	48	52	31	9	7	20
1x5	3	6	52	12	9	24	35
1x5	30	10	25	48	50	36	34
1x5	30	10	32	19	1	6	43
1x5	30	4	9	47	58	53	54
1x5	30	48	21	6	3	20	58
1x5	30	8	21	13	37	25	24
1x5	33	21	51	50	26	3	59
1x5	34	32	42	53	44	19	39
1x5	34	55	38	50	25	27	28
1x5	34	57	3	52	58	51	40
1x5	34	57	36	22	53	20	47
1x5	35	14	29	41	15	36	58
1x5	35	43	38	39	13	52	28
1x5	36	38	50	41	12	32	35
1x5	37	40	13	27	32	8	15
1x5	37	48	43	6	45	38	24
1x5	38	32	15	8	58	6	48
1x5	38	4	24	45	29	34	25
1x5	38	44	24	55	27	45	21
1x5	38	59	11	29	17	7	50
1x5	39	11	21	55	16	53	50
1x5	39	22	38	51	33	29	11
1x5	39	4	20	37	32	11	26
1x5	39	53	40	58	32	18	37
1x5	4	15	12	52	34	46	41
1x5	4	15	60	27	8	58	16
1x5	4	41	18	40	14	57	26
1x5	4	51	6	22	9	28	41
1x5	40	19	29	46	43	11	21
1x5	40	29	58	45	20	4	23
1x5	40	35	8	4	59	32	30
1x5	40	53	15	25	48	30	32
1x5	40	58	11	53	10	33	8
1x5	41	43	35	31	38	25	8
1x5	42	2	29	25	41	26	53
1x5	42	20	37	55	1	32	2
1x5	42	24	59	29	47	51	32
1x5	43	40	49	15	57	46	55
1x5	44	15	58	54	28	31	12
1x5	44	36	20	1	29	12	52
1x5	45	37	40	3	32	12	25
1x5	45	48	23	33	37	49	19
1x5	46	16	37	13	50	24	55
1x5	46	47	10	48	24	38	23
1x5	46	56	49	60	14	34	59
1x5	47	4	51	19	30	10	33
1x5	48	37	52	12	41	53	21
1x5	48	60	21	27	7	52	11
1x5	48	60	24	8	44	16	35
1x5	49	11	47	43	41	36	60
1x5	49	15	31	55	41	58	32
1x5	49	23	37	20	35	12	52
1x5	49	59	60	23	1	33	2
1x5	50	31	57	30	37	49	52
1x5	50	53	4	43	34	39	13
1x5	51	21	10	17	40	39	56
1x5	51	54	57	14	27	20	22
1x5	52	13	49	17	7	11	14
1x5	52	17	59	20	13	32	45
1x5	52	35	32	58	6	39	10
1x5	52	42	48	11	2	13	37
1x5	53	10	27	13	23	37	52
1x5	53	16	1	22	21	8	4
1x5	53	46	58	39	9	25	27
1x5	53	48	16	59	51	52	21
1x5	54	15	44	8	36	30	59
1x5	54	56	48	59	43	12	33
1x5	55	53	12	24	48	41	10
1x5	55	57	24	4	8	28	60
1x5	55	58	49	44	11	16	52
1x5	55	8	19	9	10	27	44
1x5	56	2	47	34	59	42	39
1x5	58	11	46	3	52	18	42
1x5	58	22	34	40	44	28	15
1x5	58	30	57	22	44	43	19
1x5	59	1	42	35	26	52	12
1x5	59	18	12	46	51	9	40
1x5	59	39	7	25	20	38	19
1x5	59	42	8	28	56	47	22
1x5	6	14	58	57	15	16	51
1x5	7	12	44	57	29	27	39
1x5	7	17	59	46	58	10	22
1x5	7	28	19	6	47	60	40
1x5	7	39	45	30	26	60	56
1x5	7	44	36	59	45	32	50
1x5	7	47	28	6	29	31	41
1x5	7	57	42	45	36	52	43
1x5	8	16	7	18	9	25	28
1x5	8	20	39	43	55	35	34
1x5	8	34	13	40	17	16	37
1x5	8	59	4	41	24	3	48
1x5	9	2	57	53	4	1	45
1x5	9	34	46	19	26	20	1
1x5	9	47	13	33	11	60	18
1x5	9	51	34	50	40	20	33
1x5	9	57	19	35	33	11	46
1x5	9	58	25	41	14	24	28
1x50	1	19	35	40	42	31	13
1x50	1	7	52	15	27	45	28
1x50	10	17	3	31	33	26	27
1x50	10	27	49	14	21	36	28
1x50	10	38	51	29	17	27	22
1x50	10	59	54	15	52	12	4
1x50	11	27	13	47	56	14	7
1x50	12	31	39	56	30	7	52
1x50	14	33	32	24	52	57	3
1x50	14	6	53	13	10	21	2
1x50	15	33	21	48	4	41	38
1x50	16	4	15	53	21	35	22
1x50	16	55	43	23	19	39	22
1x50	17	41	43	52	48	19	29
1x50	17	8	12	21	34	9	42
1x50	18	45	7	33	52	22	32
1x50	19	1	54	42	3	37	51
1x50	19	11	51	20	15	55	57
1x50	19	38	54	17	57	27	46
1x50	19	39	57	60	13	59	37
1x50	19	51	33	9	17	12	31
1x50	19	8	28	20	11	17	9
1x50	20	11	55	44	51	32	21
1x50	20	19	42	52	58	49	3
1x50	20	58	5	11	34	37	19
1x50	21	30	24	46	16	5	7
1x50	21	33	43	35	51	9	57
1x50	21	7	55	9	6	11	20
1x50	22	1	10	34	24	36	18
1x50	22	17	4	41	24	27	39
1x50	22	24	58	5	16	26	28
1x50	22	27	20	36	57	2	55
1x50	22	41	35	2	32	13	15
1x50	22	56	55	17	34	13	51
1x50	23	18	4	41	22	13	25
1x50	23	46	1	27	55	29	30
1x50	23	53	1	45	40	42	39
1x50	24	39	53	38	37	33	12
1x50	24	51	55	14	18	42	39
1x50	25	40	5	27	2	47	17
1x50	25	5	44	51	18	54	10
1x50	25	51	1	29	55	15	35
1x50	25	6	17	37	40	34	56
1x50	25	8	34	46	7	30	11
1x50	26	1	21	44	13	19	47
1x50	26	23	24	6	2	13	18
1x50	26	54	21	4	51	20	14
1x50	26	8	16	47	35	14	46
1x50	27	42	7	35	48	44	29
1x50	27	6	32	16	51	46	58
1x50	28	48	37	13	53	60	39
1x50	28	8	42	46	47	37	54
1x50	29	24	1	52	47	7	21
1x50	29	26	37	48	2	8	5
1x50	3	56	16	52	49	13	9
1x50	30	10	45	38	32	47	3
1x50	30	40	47	23	31	49	21
1x50	30	48	24	56	46	1	4
1x50	30	52	34	43	14	27	37
1x50	30	53	25	31	36	33	14
1x50	31	10	6	55	5	38	53
1x50	31	30	26	19	38	28	34
1x50	31	6	23	16	22	60	33
1x50	32	19	26	39	20	11	5
1x50	32	27	12	36	30	31	55
1x50	32	36	10	48	45	49	28
1x50	32	40	36	1	60	2	13
1x50	33	31	30	59	52	37	45
1x50	33	43	1	59	22	48	23
1x50	34	1	51	57	7	52	26
1x50	34	18	23	31	17	32	51
1x50	34	25	22	56	39	60	4
1x50	34	48	10	14	27	8	23
1x50	34	48	27	1	42	57	8
1x50	34	6	41	47	53	28	14
1x50	35	43	48	2	4	7	31
1x50	35	46	12	14	34	55	31
1x50	35	59	21	20	5	12	54
1x50	36	29	13	6	7	17	20
1x50	36	34	60	42	45	39	28
1x50	36	51	53	29	40	7	23
1x50	37	26	56	45	34	23	51
1x50	37	51	60	41	49	54	12
1x50	38	2	52	36	48	6	46
1x50	38	54	49	39	26	33	4
1x50	39	13	15	2	49	24	6
1x50	39	2	24	60	59	36	22
1x50	4	21	39	27	2	3	28
1x50	40	19	27	4	42	53	37
1x50	41	31	40	48	52	16	12
1x50	41	32	46	48	5	3	42
1x50	43	13	32	16	11	19	5
1x50	43	6	31	12	9	48	7
1x50	44	41	15	25	26	29	40
1x50	45	21	16	29	60	51	23
1x50	45	36	34	39	37	2	11
1x50	46	16	11	20	25	55	39
1x50	46	43	38	29	9	48	8
1x50	46	45	18	12	25	51	56
1x50	47	31	57	53	15	27	36
1x50	48	19	18	7	32	51	17
1x50	49	38	29	10	1	22	32
1x50	49	7	12	22	15	27	31
1x50	5	13	52	15	34	33	25
1x50	5	20	51	34	45	18	59
1x50	5	33	56	18	21	8	2
1x50	5	53	51	11	59	60	36
1x50	51	20	49	48	21	31	15
1x50	52	8	22	27	51	14	30
1x50	53	54	24	27	16	31	41
1x50	53	56	36	8	13	49	17
1x50	54	48	44	39	17	6	24
1x50	55	19	37	38	24	4	13
1x50	55	37	21	59	39	56	23
1x50	57	43	18	55	46	47	1
1x50	57	54	14	53	58	17	21
1x50	58	1	42	27	21	38	56
1x50	58	24	40	2	43	1	32
1x50	58	48	13	43	14	3	24
1x50	58	52	1	25	2	46	49
1x50	6	3	47	60	11	51	15
1x50	6	39	28	17	13	46	43
1x50	6	42	36	9	10	58	31
1x50	6	47	10	9	41	48	31
1x50	60	39	28	9	24	36	55
1x50	60	47	41	3	27	49	34
1x50	60	47	6	16	53	31	58
1x50	7	22	55	44	20	59	48
1x50	7	31	21	20	4	9	2
1x50	7	5	30	51	42	16	37
1x50	8	18	17	33	30	35	41
1x50	8	37	1	48	42	29	9
1x50	8	4	17	3	26	49	18
1x50	8	47	56	12	9	54	42
1x50	8	55	34	54	25	20	39
1x50	9	1	53	18	49	46	2
1x50	9	46	41	5	29	51	47
1x50	9	58	17	46	4	3	6
1x51	1	12	15	13	44	41	7
1x51	1	42	25	32	52	14	10
1x51	1	55	9	20	34	37	46
1x51	1	56	16	17	46	5	57
1x51	1	57	31	36	26	7	46
1x51	10	11	44	25	36	33	5
1x51	11	23	49	56	3	53	46
1x51	11	3	17	59	13	25	21
1x51	11	47	57	9	55	7	41
1x51	12	2	15	58	53	4	5
1x51	12	30	2	26	46	44	35
1x51	12	34	52	21	39	7	56
1x51	12	5	52	3	23	17	26
1x51	14	19	56	30	32	2	49
1x51	14	47	19	41	6	20	48
1x51	15	23	30	27	12	21	6
1x51	15	35	43	54	27	42	29
1x51	15	53	16	54	24	1	41
1x51	15	8	60	17	52	10	7
1x51	16	9	59	46	5	33	37
1x51	17	26	35	41	25	59	12
1x51	17	44	49	39	40	1	24
1x51	17	53	60	33	19	15	11
1x51	18	10	3	44	9	53	41
1x51	18	36	28	50	49	9	8
1x51	18	41	38	32	60	33	23
1x51	19	22	24	34	8	41	59
1x51	2	22	10	46	37	47	32
1x51	20	23	6	22	55	12	2
1x51	20	57	41	52	14	1	40
1x51	21	15	53	34	57	25	12
1x51	21	17	22	9	14	60	29
1x51	21	25	10	14	59	31	46
1x51	21	28	10	23	30	7	59
1x51	21	30	53	6	37	36	16
1x51	21	56	36	34	59	19	41
1x51	21	6	49	18	43	41	9
1x51	22	43	11	49	16	6	50
1x51	23	5	30	9	38	35	17
1x51	24	39	21	46	11	9	12
1x51	24	55	8	48	22	20	33
1x51	25	37	19	8	3	31	50
1x51	25	42	8	41	59	43	34
1x51	25	59	45	16	10	2	39
1x51	26	2	15	47	53	34	27
1x51	26	54	19	50	23	59	8
1x51	27	15	50	26	44	8	49
1x51	27	2	45	26	30	33	60
1x51	27	32	45	52	16	34	38
1x51	28	15	55	2	16	34	29
1x51	29	1	13	39	53	20	55
1x51	29	16	17	33	44	39	55
1x51	29	30	11	57	19	13	41
1x51	29	30	31	60	37	15	48
1x51	3	12	54	59	23	38	57
1x51	3	18	14	27	44	9	40
1x51	3	35	5	31	45	22	11
1x51	30	15	27	44	10	29	9
1x51	30	41	53	24	3	55	39
1x51	30	45	12	14	58	43	10
1x51	30	46	41	24	5	15	35
1x51	30	5	38	39	11	56	60
1x51	31	33	28	6	49	53	35
1x51	31	54	41	20	18	5	1
1x51	31	59	41	24	33	9	7
1x51	32	40	24	38	8	29	46
1x51	33	17	53	18	59	3	30
1x51	33	24	2	28	59	17	23
1x51	33	26	41	20	13	30	43
1x51	33	35	14	36	34	12	7
1x51	33	45	14	24	54	11	2
1x51	33	48	27	41	18	9	53
1x51	34	42	7	47	43	17	11
1x51	35	2	57	32	41	33	54
1x51	35	49	3	24	53	18	41
1x51	36	13	49	50	24	41	22
1x51	36	29	47	25	38	9	30
1x51	36	3	2	9	52	21	8
1x51	36	34	2	45	37	44	54
1x51	36	53	31	34	38	57	58
1x51	36	58	39	54	14	17	59
1x51	36	6	52	3	13	7	49
1x51	36	9	40	59	45	33	35
1x51	37	36	3	55	5	29	22
1x51	37	4	19	45	54	18	47
1x51	37	4	36	43	8	54	52
1x51	37	43	30	22	16	17	5
1x51	38	40	42	44	16	8	19
1x51	39	58	42	3	16	50	41
1x51	4	1	15	13	26	40	9
1x51	4	12	54	21	59	29	60
1x51	4	18	16	21	42	17	35
1x51	4	21	38	1	24	55	53
1x51	4	9	14	50	44	29	48
1x51	40	19	59	22	56	6	34
1x51	40	49	20	10	44	25	39
1x51	40	49	28	30	4	59	57
1x51	41	2	24	10	35	37	31
1x51	41	28	38	29	13	47	8
1x51	41	30	20	15	35	16	50
1x51	41	34	9	29	49	7	4
1x51	41	56	4	16	19	12	5
1x51	41	7	60	24	54	52	38
1x51	42	11	40	59	45	46	48
1x51	42	28	12	11	24	60	2
1x51	44	16	42	1	48	29	59
1x51	44	23	38	16	28	41	43
1x51	44	52	8	48	3	13	38
1x51	45	31	47	8	21	1	42
1x51	45	47	26	56	13	52	4
1x51	45	50	12	28	14	8	18
1x51	46	28	16	5	24	40	49
1x51	47	1	56	16	26	44	2
1x51	47	14	26	59	33	60	22
1x51	47	19	44	33	12	27	18
1x51	47	26	49	12	36	16	1
1x51	47	27	11	2	37	17	57
1x51	48	24	41	5	47	21	33
1x51	48	37	55	19	24	16	50
1x51	48	43	4	46	36	25	29
1x51	48	50	31	8	47	58	7
1x51	48	60	24	29	21	20	1
1x51	49	26	37	12	36	3	17
1x51	49	36	44	6	37	30	33
1x51	49	52	37	60	53	4	41
1x51	5	34	46	48	37	6	44
1x51	50	2	24	52	55	46	16
1x51	50	40	1	26	25	14	35
1x51	52	12	38	14	54	11	22
1x51	52	14	60	13	42	25	45
1x51	52	59	27	19	34	57	7
1x51	53	33	45	52	19	3	37
1x51	53	47	6	46	37	36	26
1x51	54	40	24	56	30	60	27
1x51	54	50	12	44	2	49	33
1x51	55	16	24	40	8	42	12
1x51	56	19	42	32	10	48	21
1x51	56	19	59	16	28	22	13
1x51	56	26	12	28	39	6	1
1x51	56	28	45	31	4	14	40
1x51	56	58	53	54	40	24	47
1x51	57	3	39	12	38	5	58
1x51	57	35	54	14	24	2	40
1x51	57	40	34	53	16	4	49
1x51	57	54	1	39	6	46	38
1x51	58	5	53	31	25	10	33
1x51	58	53	52	21	2	7	1
1x51	58	53	56	44	22	15	16
1x51	59	30	40	27	55	9	38
1x51	59	38	13	56	30	7	49
1x51	59	41	23	33	26	55	39
1x51	59	56	33	4	17	16	45
1x51	6	17	40	50	34	5	43
1x51	60	1	50	7	43	56	55
1x51	60	20	34	22	14	38	47
1x51	60	30	5	54	56	43	32
1x51	60	36	34	29	35	48	42
1x51	60	37	5	21	43	30	34
1x51	60	6	21	47	23	19	53
1x51	7	11	49	23	2	59	8
1x51	7	49	33	25	50	59	9
1x51	7	6	1	39	59	48	35
1x51	8	11	1	9	57	35	10
1x51	8	11	50	58	57	42	17
1x51	8	19	22	28	42	58	20
1x51	8	23	58	13	10	27	7
1x51	8	32	23	41	22	48	3
1x51	8	50	31	45	42	6	59
1x51	9	44	12	49	19	31	59
1x52	1	12	4	53	35	45	24
1x52	1	20	16	24	44	32	23
1x52	10	13	2	43	20	12	54
1x52	10	18	20	50	37	47	5
1x52	10	23	3	41	18	7	5
1x52	10	37	15	36	58	40	27
1x52	10	38	49	25	42	39	8
1x52	11	10	31	5	28	53	43
1x52	11	23	7	33	36	35	32
1x52	11	24	4	45	8	1	23
1x52	11	38	14	40	7	13	8
1x52	12	39	22	15	32	37	29
1x52	12	59	36	33	57	43	4
1x52	12	60	15	16	46	55	31
1x52	13	23	44	41	48	49	42
1x52	13	27	54	39	4	32	6
1x52	14	17	53	47	41	46	12
1x52	14	21	51	12	24	37	57
1x52	14	28	29	59	48	45	30
1x52	14	40	11	10	24	5	37
1x52	15	12	33	28	27	49	11
1x52	15	46	27	28	39	45	5
1x52	16	10	9	12	30	37	3
1x52	16	27	44	2	56	49	55
1x52	16	38	49	51	36	22	58
1x52	16	44	9	26	39	54	20
1x52	16	53	17	41	35	43	13
1x52	17	28	34	27	22	31	33
1x52	17	59	50	46	14	25	26
1x52	18	21	19	1	10	6	4
1x52	18	4	5	12	48	20	9
1x52	18	59	53	6	37	4	29
1x52	19	2	15	7	3	22	11
1x52	19	47	8	2	11	9	15
1x52	19	5	40	59	37	30	55
1x52	2	17	18	53	34	44	31
1x52	2	39	4	3	45	26	17
1x52	20	13	8	39	41	45	43
1x52	20	4	50	33	21	58	7
1x52	21	23	33	9	48	19	41
1x52	21	46	51	35	19	40	7
1x52	22	23	14	19	21	47	49
1x52	22	25	30	56	31	42	9
1x52	22	38	58	1	6	25	42
1x52	23	37	51	46	4	17	15
1x52	23	39	45	10	58	50	1
1x52	23	9	24	16	36	59	11
1x52	24	54	11	58	40	3	53
1x52	24	55	19	54	56	1	58
1x52	24	6	5	30	39	15	50
1x52	25	11	41	60	37	47	1
1x52	25	8	28	43	53	3	13
1x52	26	36	37	46	44	47	55
1x52	26	57	48	55	17	19	5
1x52	27	3	8	17	1	18	57
1x52	27	54	53	46	42	43	45
1x52	27	56	31	10	44	38	36
1x52	28	22	24	31	37	8	41
1x52	28	38	13	43	2	18	31
1x52	28	9	56	26	8	29	59
1x52	29	19	15	18	53	1	41
1x52	29	41	54	59	10	22	47
1x52	29	47	28	12	57	31	33
1x52	3	36	8	59	11	33	5
1x52	3	45	36	15	2	18	19
1x52	30	58	35	51	49	17	32
1x52	31	23	14	59	8	37	54
1x52	31	33	2	26	46	48	42
1x52	31	4	35	49	45	29	48
1x52	32	1	22	40	33	45	24
1x52	32	16	20	40	44	46	49
1x52	32	36	21	3	37	1	47
1x52	32	39	22	17	6	34	8
1x52	33	3	20	8	55	42	46
1x52	33	3	4	49	46	56	23
1x52	33	3	46	39	45	4	25
1x52	33	30	23	50	41	12	49
1x52	33	57	34	2	12	14	43
1x52	34	14	47	50	44	11	46
1x52	34	2	53	30	42	10	21
1x52	34	33	57	2	47	5	3
1x52	34	41	9	12	13	8	27
1x52	35	2	30	4	53	43	47
1x52	35	55	15	43	27	33	57
1x52	35	60	37	50	41	51	17
1x52	36	21	37	19	17	24	57
1x52	36	23	51	27	40	1	48
1x52	36	23	51	6	3	32	21
1x52	36	24	42	13	53	9	56
1x52	36	25	8	45	53	26	7
1x52	36	32	2	18	41	40	6
1x52	36	45	35	41	2	12	24
1x52	37	10	7	6	43	1	59
1x52	37	13	18	9	36	22	12
1x52	37	32	5	31	41	46	14
1x52	37	39	25	1	29	35	47
1x52	37	49	25	2	43	27	48
1x52	37	57	26	39	20	58	54
1x52	37	9	34	7	1	27	60
1x52	38	20	1	16	53	36	46
1x52	38	32	12	6	7	47	41
1x52	38	9	27	8	41	40	5
1x52	39	45	8	49	35	23	60
1x52	39	7	14	17	45	8	60
1x52	4	32	47	10	55	35	60
1x52	4	33	27	11	12	31	44
1x52	4	5	30	46	43	25	34
1x52	40	30	24	36	23	58	33
1x52	40	50	46	32	19	13	11
1x52	41	3	49	32	13	58	19
1x52	42	32	18	25	8	23	51
1x52	43	24	55	20	26	44	45
1x52	43	32	21	9	22	1	45
1x52	43	39	2	8	42	57	33
1x52	43	39	47	9	5	56	18
1x52	43	49	31	11	2	20	8
1x52	43	55	22	21	19	40	36
1x52	43	9	51	22	2	15	48
1x52	45	16	31	4	40	55	42
1x52	45	24	16	34	7	20	47
1x52	45	41	18	26	32	54	20
1x52	45	47	39	49	33	6	12
1x52	45	5	22	24	13	41	21
1x52	46	18	58	39	43	5	48
1x52	46	20	44	6	32	45	29
1x52	46	57	44	9	12	39	41
1x52	47	28	8	23	36	29	38
1x52	47	4	56	13	40	50	28
1x52	48	10	16	21	22	3	54
1x52	48	9	3	17	19	4	18
1x52	49	19	48	34	60	7	9
1x52	49	45	11	8	17	33	26
1x52	49	50	17	59	39	4	15
1x52	5	10	38	20	29	36	54
1x52	50	15	44	58	26	37	13
1x52	50	17	38	51	39	34	9
1x52	50	2	34	45	20	37	40
1x52	50	39	45	7	21	27	16
1x52	50	40	41	6	47	49	21
1x52	50	41	14	35	15	12	18
1x52	51	13	9	34	38	24	6
1x52	51	21	23	1	12	40	24
1x52	51	43	41	14	9	13	54
1x52	51	46	40	15	37	8	47
1x52	51	46	50	3	10	8	14
1x52	51	7	47	22	60	28	46
1x52	53	48	3	4	28	58	17
1x52	54	33	20	11	26	10	12
1x52	54	38	11	31	24	53	2
1x52	54	41	14	18	25	10	29
1x52	55	2	20	48	8	21	30
1x52	55	32	5	13	28	14	39
1x52	55	49	46	42	7	48	21
1x52	55	9	26	38	6	33	22
1x52	56	11	16	18	17	43	9
1x52	56	27	15	33	42	34	37
1x52	57	59	47	42	50	31	39
1x52	57	59	8	40	41	27	45
1x52	58	1	43	31	15	27	33
1x52	58	18	54	26	22	4	14
1x52	58	19	3	39	42	35	57
1x52	58	24	17	47	48	5	33
1x52	58	27	11	18	15	56	39
1x52	58	35	41	23	56	44	31
1x52	58	49	23	34	9	20	10
1x52	58	6	15	16	50	22	53
1x52	59	21	23	51	16	37	38
1x52	59	42	49	22	41	19	47
1x52	59	53	48	45	49	42	7
1x52	59	6	60	20	11	43	45
1x52	6	40	7	18	21	54	47
1x52	6	56	53	13	32	10	45
1x52	60	16	43	37	56	8	34
1x52	60	2	54	11	3	16	37
1x52	60	25	40	32	53	18	48
1x52	60	28	56	4	24	35	18
1x52	60	46	14	44	57	24	23
1x52	60	54	57	44	55	49	38
1x52	7	26	36	10	53	20	4
1x52	7	56	59	26	48	15	12
1x52	8	17	22	35	40	31	14
1x52	8	37	15	27	5	38	6
1x52	8	38	27	44	21	19	5
1x52	8	41	55	34	6	49	21
1x52	9	37	41	13	35	18	48
1x52	9	41	7	47	18	20	39
1x52	9	54	44	38	1	11	7
1x52	9	6	21	10	7	29	60
1x53	1	29	17	4	47	20	6
1x53	1	30	45	60	5	29	22
1x53	1	30	5	58	23	26	25
1x53	10	16	46	15	56	33	26
1x53	10	38	49	47	60	54	50
1x53	10	50	5	43	24	26	19
1x53	10	56	3	25	28	26	38
1x53	11	20	12	10	15	3	14
1x53	12	14	13	8	9	24	11
1x53	12	36	32	11	41	13	20
1x53	12	56	4	31	22	27	32
1x53	12	59	30	43	21	16	45
1x53	13	11	59	2	46	21	6
1x53	13	29	1	18	7	9	60
1x53	13	42	45	50	4	2	27
1x53	13	46	9	41	6	19	4
1x53	14	2	33	48	4	51	24
1x53	14	32	59	33	1	55	48
1x53	14	43	60	49	18	41	5
1x53	15	32	38	37	45	16	40
1x53	15	36	46	11	37	52	22
1x53	15	37	26	51	34	56	47
1x53	15	39	20	55	26	31	13
1x53	16	12	30	58	50	17	13
1x53	16	26	52	22	30	57	34
1x53	16	31	34	36	44	4	50
1x53	16	46	22	38	11	41	59
1x53	17	22	33	16	8	57	9
1x53	17	50	46	36	22	51	32
1x53	18	42	25	44	43	24	47
1x53	18	55	20	12	43	8	15
1x53	18	56	2	3	13	50	43
1x53	19	15	40	23	49	3	28
1x53	19	16	4	58	39	1	22
1x53	19	44	41	13	30	22	8
1x53	19	52	4	27	26	44	15
1x53	2	28	29	20	6	35	39
1x53	2	36	32	40	4	3	15
1x53	2	7	42	33	30	17	46
1x53	2	9	52	4	23	31	34
1x53	20	34	54	35	49	38	47
1x53	20	38	1	36	35	39	15
1x53	20	38	39	54	31	6	4
1x53	20	8	19	59	49	27	34
1x53	21	16	9	10	52	50	20
1x53	22	10	32	35	38	48	12
1x53	22	3	25	26	39	36	54
1x53	22	42	39	48	27	35	5
1x53	22	44	5	26	42	43	28
1x53	22	47	19	31	39	44	24
1x53	22	5	38	50	28	35	26
1x53	23	20	43	58	57	50	24
1x53	23	44	6	24	46	39	17
1x53	25	39	43	7	1	20	14
1x53	26	20	6	30	35	3	11
1x53	26	27	51	5	46	60	8
1x53	26	29	56	19	22	8	37
1x53	26	5	58	16	55	23	52
1x53	26	60	36	27	40	54	59
1x53	27	28	33	42	37	1	50
1x53	27	43	45	31	54	38	35
1x53	27	50	17	42	33	35	40
1x53	28	20	24	7	41	15	5
1x53	28	23	37	60	7	32	44
1x53	28	29	20	5	24	42	25
1x53	28	49	58	8	36	17	12
1x53	28	51	17	59	54	4	3
1x53	29	15	60	5	28	56	27
1x53	29	20	31	39	3	21	47
1x53	29	41	28	48	30	12	5
1x53	29	52	4	6	8	30	28
1x53	3	1	13	2	20	55	37
1x53	3	13	28	25	32	35	52
1x53	3	31	60	12	7	38	5
1x53	30	10	37	41	24	32	50
1x53	30	25	2	54	9	15	1
1x53	31	14	9	12	28	22	57
1x53	31	35	10	36	19	46	54
1x53	31	41	21	8	27	49	17
1x53	31	46	4	55	54	3	15
1x53	33	25	10	40	13	34	38
1x53	33	27	1	17	5	7	14
1x53	33	60	22	41	37	11	30
1x53	34	23	10	15	57	46	25
1x53	35	17	56	40	58	47	27
1x53	35	19	45	21	12	11	31
1x53	35	31	18	32	28	2	3
1x53	35	36	13	3	21	12	29
1x53	35	57	27	40	37	28	55
1x53	36	1	57	17	25	56	45
1x53	36	11	10	18	29	4	19
1x53	36	14	47	13	24	25	2
1x53	36	17	42	22	49	27	11
1x53	36	27	58	13	54	23	41
1x53	36	46	22	8	19	38	11
1x53	37	31	56	12	23	17	34
1x53	37	9	36	8	23	1	6
1x53	38	35	13	20	54	8	14
1x53	38	42	4	36	1	48	11
1x53	39	42	9	59	11	50	17
1x53	39	54	24	19	10	23	11
1x53	4	26	56	12	44	32	41
1x53	4	27	25	31	30	28	11
1x53	4	43	12	5	52	21	35
1x53	4	43	38	41	12	57	23
1x53	4	5	19	10	35	6	14
1x53	40	20	21	14	58	39	60
1x53	40	23	20	12	51	47	35
1x53	40	3	35	26	30	19	9
1x53	40	45	14	52	1	48	7
1x53	40	6	14	47	50	24	26
1x53	40	60	24	33	8	37	51
1x53	41	18	55	15	50	12	58
1x53	42	16	6	36	15	38	9
1x53	42	59	7	43	3	37	21
1x53	43	27	37	33	50	23	9
1x53	44	48	39	12	17	18	52
1x53	45	10	1	24	29	13	32
1x53	45	18	44	47	9	30	43
1x53	46	27	20	40	1	49	18
1x53	46	38	3	37	17	49	14
1x53	46	48	30	4	51	17	29
1x53	46	8	51	14	27	5	16
1x53	47	45	48	10	14	35	15
1x53	47	48	27	3	28	30	40
1x53	48	1	12	9	2	54	25
1x53	48	18	11	29	13	9	1
1x53	48	3	46	51	12	21	8
1x53	48	55	50	18	19	26	21
1x53	48	6	51	27	56	42	41
1x53	49	26	28	39	35	42	34
1x53	49	59	30	37	23	40	58
1x53	5	39	30	40	22	48	52
1x53	5	58	50	1	28	39	54
1x53	5	9	13	39	3	60	46
1x53	50	15	30	11	20	14	26
1x53	50	21	59	7	1	30	49
1x53	50	28	52	13	56	20	55
1x53	50	40	51	47	10	2	57
1x53	50	5	12	37	43	8	25
1x53	50	54	25	15	36	10	30
1x53	50	58	22	37	60	7	57
1x53	51	15	34	14	42	49	6
1x53	51	22	45	41	54	12	2
1x53	52	15	9	28	5	44	23
1x53	52	35	32	38	3	12	56
1x53	54	12	56	22	16	37	1
1x53	54	58	26	28	60	59	15
1x53	55	24	6	10	2	7	17
1x53	55	58	27	59	39	25	23
1x53	56	51	37	3	7	57	8
1x53	57	40	55	36	38	45	41
1x53	57	7	60	24	59	42	49
1x53	58	25	11	36	40	10	15
1x53	58	3	37	30	59	9	50
1x53	58	5	32	33	36	40	15
1x53	6	11	34	35	15	41	59
1x53	6	16	60	50	3	54	12
1x53	6	45	10	58	28	7	20
1x53	6	45	59	38	29	2	8
1x53	6	50	3	45	10	47	15
1x53	6	55	20	35	45	40	32
1x53	60	19	17	11	40	18	28
1x53	60	45	6	14	38	31	21
1x53	7	12	37	26	50	48	45
1x53	7	30	33	19	26	27	9
1x53	7	40	28	49	32	24	21
1x53	7	51	24	50	40	55	30
1x53	8	25	48	49	42	21	56
1x53	8	28	19	30	41	60	23
1x53	8	37	16	28	56	35	26
1x53	8	59	5	39	12	55	40
1x53	9	22	31	6	5	29	14
1x53	9	23	24	51	3	48	10
1x54	1	13	16	14	60	29	22
1x54	1	14	47	22	50	49	32
1x54	1	15	53	9	31	12	18
1x54	1	29	39	34	41	11	14
1x54	10	13	8	31	44	19	14
1x54	10	14	43	4	56	35	20
1x54	10	37	25	55	50	22	49
1x54	10	6	52	14	16	56	46
1x54	11	50	39	36	4	5	3
1x54	12	11	38	58	56	40	8
1x54	12	35	38	19	58	18	27
1x54	12	50	39	1	17	34	15
1x54	13	14	1	57	6	35	59
1x54	14	44	60	58	51	31	12
1x54	14	48	45	59	43	20	25
1x54	15	1	26	16	48	41	20
1x54	15	55	2	57	60	58	50
1x54	16	13	2	44	10	57	8
1x54	16	28	36	21	7	4	6
1x54	16	55	40	3	1	25	15
1x54	16	9	18	14	52	53	12
1x54	17	12	13	6	60	47	45
1x54	17	24	11	45	23	12	6
1x54	17	31	58	37	45	14	48
1x54	17	36	60	47	31	39	29
1x54	17	40	9	60	36	33	24
1x54	17	52	9	24	11	49	32
1x54	17	53	9	11	58	55	49
1x54	18	14	59	32	49	3	11
1x54	18	36	4	6	22	37	48
1x54	19	46	41	2	36	4	47
1x54	2	14	15	29	57	60	37
1x54	20	29	7	18	47	21	14
1x54	21	23	47	9	51	45	27
1x54	21	7	39	40	5	25	16
1x54	23	48	2	46	26	42	47
1x54	23	60	2	1	18	41	31
1x54	24	16	60	4	46	20	51
1x54	24	17	58	55	18	7	28
1x54	24	30	2	10	40	22	16
1x54	24	36	30	1	31	2	17
1x54	24	44	21	43	4	27	15
1x54	25	10	34	30	4	58	32
1x54	25	56	44	15	26	11	9
1x54	26	23	30	22	46	1	14
1x54	26	39	59	48	44	27	25
1x54	27	36	35	2	41	42	21
1x54	29	58	37	60	51	18	15
1x54	3	18	36	32	50	10	28
1x54	3	21	31	7	43	52	9
1x54	30	12	7	8	29	38	27
1x54	30	18	33	43	17	15	13
1x54	30	24	53	35	50	49	9
1x54	31	47	56	6	27	16	59
1x54	31	50	4	41	59	39	57
1x54	31	53	56	16	26	19	7
1x54	32	12	45	7	39	55	2
1x54	32	14	42	19	58	33	43
1x54	32	2	43	57	42	46	58
1x54	32	36	24	60	2	37	45
1x54	33	28	24	35	36	27	5
1x54	33	31	32	8	16	13	2
1x54	33	32	23	39	40	1	41
1x54	33	8	19	24	13	53	16
1x54	34	17	12	18	14	9	44
1x54	34	24	7	20	56	22	13
1x54	34	42	35	38	2	12	20
1x54	34	57	20	11	14	19	10
1x54	35	26	31	47	36	4	38
1x54	35	30	23	22	3	19	53
1x54	35	4	17	13	15	1	22
1x54	36	26	39	13	59	6	47
1x54	36	6	11	40	14	17	7
1x54	37	13	15	27	44	50	38
1x54	38	19	34	59	60	11	32
1x54	38	44	26	23	59	28	60
1x54	39	44	48	20	53	21	3
1x54	4	2	29	42	6	21	17
1x54	4	29	26	6	3	60	5
1x54	4	37	38	20	60	10	23
1x54	40	30	17	5	13	8	52
1x54	40	48	46	42	49	52	35
1x54	41	10	53	5	56	36	30
1x54	41	23	14	27	57	8	16
1x54	41	50	24	40	57	5	4
1x54	41	52	34	55	36	14	20
1x54	42	14	8	26	27	49	56
1x54	42	19	9	49	34	10	21
1x54	42	27	53	35	25	29	2
1x54	42	31	52	6	8	27	10
1x54	42	52	60	22	46	40	48
1x54	43	60	34	53	13	30	58
1x54	44	49	31	36	40	12	10
1x54	44	6	4	38	58	50	32
1x54	45	20	16	22	31	28	42
1x54	45	3	5	6	52	15	11
1x54	45	35	13	60	51	9	22
1x54	45	47	43	20	5	40	29
1x54	46	37	31	40	22	27	47
1x54	47	30	5	16	38	34	13
1x54	47	4	5	16	58	52	6
1x54	48	14	27	53	44	41	32
1x54	48	18	59	53	8	22	60
1x54	48	2	26	60	55	37	44
1x54	48	35	9	33	45	15	26
1x54	48	46	29	41	2	42	37
1x54	48	51	50	25	24	22	19
1x54	49	1	10	6	57	16	3
1x54	49	60	34	58	31	27	29
1x54	5	50	3	52	15	39	25
1x54	50	18	24	20	6	26	2
1x54	50	21	49	36	37	40	10
1x54	50	29	31	59	34	45	49
1x54	50	37	19	22	51	35	55
1x54	50	40	19	24	48	9	56
1x54	50	41	7	9	20	33	42
1x54	51	17	1	32	6	10	20
1x54	51	33	53	39	7	32	10
1x54	51	43	32	4	9	11	13
1x54	52	16	22	38	40	57	31
1x54	52	32	6	53	3	20	17
1x54	53	22	57	28	59	48	40
1x54	53	50	8	51	49	37	44
1x54	55	19	6	14	27	3	9
1x54	55	37	52	11	58	15	26
1x54	55	49	19	37	28	60	32
1x54	55	9	18	30	33	25	37
1x54	56	11	6	23	52	50	30
1x54	56	40	7	13	11	15	32
1x54	56	41	6	50	3	30	4
1x54	57	25	40	36	26	21	55
1x54	57	44	45	30	12	2	20
1x54	58	2	21	1	32	34	11
1x54	58	23	41	43	35	10	15
1x54	58	24	25	18	60	19	1
1x54	58	38	43	3	50	28	37
1x54	58	42	4	48	21	24	56
1x54	58	45	47	13	14	10	9
1x54	58	53	32	50	60	26	22
1x54	58	8	5	40	14	38	43
1x54	58	8	55	40	21	9	37
1x54	59	22	3	34	27	19	49
1x54	59	52	1	36	22	14	2
1x54	6	2	20	19	4	56	42
1x54	60	12	29	14	38	44	41
1x54	60	45	41	14	23	42	19
1x54	60	56	8	14	4	46	26
1x54	60	9	53	36	31	33	18
1x54	7	13	23	34	39	11	46
1x54	7	30	48	6	34	4	28
1x54	7	41	2	31	34	16	4
1x54	7	41	47	18	33	26	56
1x54	7	57	23	52	18	13	4
1x54	8	18	7	56	9	35	58
1x54	9	11	14	36	40	3	6
1x54	9	27	51	49	59	23	37
1x54	9	53	43	4	26	39	15
1x54	9	7	16	17	5	11	39
1x55	1	10	47	13	46	28	14
1x55	1	12	40	59	60	20	52
1x55	1	42	16	12	7	50	60
1x55	1	6	23	20	22	50	3
1x55	10	26	60	24	29	12	52
1x55	10	49	36	23	15	24	29
1x55	10	8	31	57	36	3	4
1x55	11	2	54	16	36	13	25
1x55	11	26	53	36	24	49	13
1x55	11	52	23	51	56	1	15
1x55	12	22	40	1	13	17	26
1x55	12	26	25	5	56	37	43
1x55	12	28	46	24	34	1	57
1x55	13	2	4	18	11	35	15
1x55	13	30	8	22	35	32	48
1x55	13	37	15	39	14	46	54
1x55	13	40	26	15	21	17	4
1x55	14	15	41	60	58	51	11
1x55	14	21	19	24	56	54	13
1x55	14	25	11	58	36	34	16
1x55	14	46	57	9	23	52	59
1x55	14	50	10	19	31	18	22
1x55	15	21	13	57	41	35	22
1x55	15	3	54	48	14	53	58
1x55	15	37	3	2	42	1	28
1x55	15	43	34	32	6	39	30
1x55	16	13	34	11	5	37	53
1x55	17	11	58	15	9	53	59
1x55	17	12	58	22	36	59	27
1x55	17	22	14	8	57	59	54
1x55	17	45	35	47	8	43	6
1x55	17	60	38	15	25	29	26
1x55	18	14	11	16	59	53	57
1x55	18	34	19	60	38	7	8
1x55	19	1	27	59	25	3	52
1x55	19	4	23	9	3	47	45
1x55	19	6	1	28	59	46	36
1x55	2	45	9	12	38	43	27
1x55	20	11	46	32	17	58	22
1x55	20	22	17	58	29	44	53
1x55	20	49	12	22	35	5	21
1x55	20	52	4	59	3	60	30
1x55	20	53	2	24	32	17	7
1x55	20	6	17	38	32	11	48
1x55	21	10	38	3	30	6	22
1x55	21	13	53	54	23	45	49
1x55	21	28	41	17	36	22	20
1x55	21	35	8	47	1	59	17
1x55	22	27	52	7	18	16	49
1x55	23	2	28	48	51	52	11
1x55	23	41	35	9	57	6	28
1x55	24	14	33	30	1	18	42
1x55	24	26	12	7	23	3	20
1x55	24	5	18	47	58	48	51
1x55	24	58	5	39	7	44	22
1x55	25	18	7	11	59	54	12
1x55	25	28	26	6	21	39	4
1x55	25	57	54	47	12	7	58
1x55	25	59	18	33	58	38	13
1x55	26	32	16	44	38	59	8
1x55	26	33	29	14	31	38	53
1x55	26	48	11	9	33	43	53
1x55	27	14	60	26	33	21	52
1x55	27	53	23	31	43	47	1
1x55	27	58	13	39	9	35	46
1x55	27	58	24	28	35	50	2
1x55	28	26	27	16	11	2	60
1x55	29	10	16	13	21	47	52
1x55	29	10	22	56	7	8	24
1x55	29	13	53	50	44	11	54
1x55	29	32	7	24	3	19	18
1x55	29	4	6	14	26	36	2
1x55	3	16	54	27	5	60	46
1x55	3	21	58	6	51	32	10
1x55	30	10	7	23	5	4	48
1x55	30	25	5	7	59	37	13
1x55	30	35	2	32	31	59	4
1x55	30	57	47	21	50	52	13
1x55	31	20	19	34	40	7	47
1x55	31	58	47	16	9	18	23
1x55	31	8	39	40	32	41	19
1x55	32	28	10	46	43	42	13
1x55	32	53	30	4	45	51	29
1x55	33	21	4	39	51	20	12
1x55	33	4	18	22	25	16	38
1x55	33	54	6	25	12	31	8
1x55	34	16	3	39	5	6	51
1x55	34	22	44	27	11	59	36
1x55	34	24	19	45	33	30	23
1x55	35	46	43	58	39	23	33
1x55	35	9	18	7	26	31	60
1x55	36	11	32	26	25	59	6
1x55	36	17	18	1	41	5	43
1x55	36	3	58	39	56	41	25
1x55	36	54	28	14	45	51	3
1x55	37	45	30	16	58	48	4
1x55	37	58	10	51	1	27	39
1x55	38	25	35	45	44	19	3
1x55	38	50	21	20	51	25	2
1x55	39	14	31	46	32	10	44
1x55	4	21	39	31	8	19	45
1x55	40	36	21	46	18	47	33
1x55	40	41	33	4	16	13	37
1x55	40	54	5	52	2	59	3
1x55	40	6	12	52	15	32	7
1x55	41	13	3	11	54	27	10
1x55	41	21	35	54	1	26	8
1x55	41	51	4	60	22	47	46
1x55	41	59	1	43	47	9	37
1x55	42	1	52	19	12	32	43
1x55	42	14	38	34	21	5	59
1x55	42	46	44	6	48	31	36
1x55	43	21	24	45	37	16	39
1x55	43	52	38	17	40	20	29
1x55	44	15	14	20	6	12	34
1x55	44	20	14	8	46	2	39
1x55	44	28	22	3	49	11	18
1x55	44	48	9	33	16	5	3
1x55	44	52	18	20	43	4	7
1x55	44	54	39	24	50	1	59
1x55	45	37	30	36	8	9	2
1x55	45	44	47	43	12	48	53
1x55	46	13	57	51	58	53	39
1x55	46	32	24	56	9	33	47
1x55	47	32	58	8	46	38	27
1x55	47	37	44	9	28	51	40
1x55	48	5	34	18	14	36	23
1x55	49	18	41	13	52	32	16
1x55	49	24	6	28	27	21	17
1x55	49	31	59	28	6	10	14
1x55	49	45	1	10	27	25	14
1x55	49	54	43	29	12	41	33
1x55	5	35	46	40	37	1	59
1x55	5	36	33	16	43	59	29
1x55	50	12	23	18	46	7	27
1x55	50	21	45	36	15	2	30
1x55	50	42	8	51	28	27	40
1x55	51	22	57	4	33	24	54
1x55	52	29	49	11	40	35	21
1x55	53	26	36	24	5	44	40
1x55	53	60	14	26	23	19	33
1x55	54	27	29	1	32	15	21
1x55	54	51	43	22	21	24	34
1x55	54	59	22	1	41	8	6
1x55	54	60	42	26	37	11	53
1x55	56	24	9	15	16	21	11
1x55	56	36	2	26	28	34	53
1x55	57	48	31	39	52	15	21
1x55	58	12	29	45	54	37	30
1x55	58	15	12	14	42	6	26
1x55	58	37	48	56	14	27	49
1x55	58	5	4	31	3	26	42
1x55	58	56	29	59	27	20	36
1x55	58	7	28	26	8	54	2
1x55	59	19	22	2	29	43	23
1x55	59	36	9	21	27	49	17
1x55	6	34	29	21	11	5	36
1x55	6	37	10	3	36	17	2
1x55	6	49	16	7	34	53	41
1x55	60	29	13	31	54	4	24
1x55	60	43	38	45	3	5	51
1x55	7	25	52	35	13	43	48
1x55	7	5	20	35	27	11	47
1x55	8	14	54	27	25	39	35
1x55	8	41	36	35	25	16	49
1x56	1	14	48	36	19	55	6
1x56	1	21	48	13	38	28	36
1x56	1	39	18	12	26	59	46
1x56	1	43	29	30	6	20	48
1x56	1	57	47	24	40	49	43
1x56	1	7	32	28	25	8	13
1x56	10	13	40	59	36	5	16
1x56	10	16	38	22	57	7	12
1x56	10	39	11	42	57	28	52
1x56	11	27	55	1	42	12	36
1x56	11	48	55	16	28	26	31
1x56	11	50	57	33	48	49	41
1x56	11	54	52	4	30	29	23
1x56	12	13	2	20	17	4	6
1x56	12	14	8	51	2	38	24
1x56	12	39	26	23	42	36	11
1x56	13	1	10	24	31	15	21
1x56	13	17	8	9	44	53	51
1x56	13	25	27	58	2	10	5
1x56	13	31	60	32	7	21	6
1x56	13	36	31	21	22	5	18
1x56	13	57	14	50	42	29	21
1x56	13	59	38	41	28	39	27
1x56	14	32	17	4	13	26	42
1x56	14	53	31	46	45	39	50
1x56	14	8	60	12	10	47	57
1x56	15	41	36	35	18	48	16
1x56	15	43	57	47	9	21	11
1x56	15	52	17	49	26	7	4
1x56	15	7	53	17	37	32	57
1x56	16	20	33	3	25	26	48
1x56	16	9	24	23	53	54	6
1x56	17	30	55	2	40	34	19
1x56	17	41	40	49	6	38	26
1x56	17	57	27	46	58	5	55
1x56	18	1	17	16	49	14	34
1x56	18	15	46	44	23	32	3
1x56	18	28	20	37	57	10	43
1x56	18	46	39	16	7	22	35
1x56	18	58	52	33	16	55	44
1x56	18	7	23	54	17	36	38
1x56	19	28	46	13	59	17	37
1x56	19	50	35	18	16	13	24
1x56	19	52	54	13	11	15	20
1x56	19	58	37	43	12	17	1
1x56	19	7	29	45	4	59	27
1x56	2	58	33	13	26	21	17
1x56	20	48	27	2	29	33	19
1x56	20	53	25	33	43	47	29
1x56	20	7	40	29	43	36	25
1x56	21	16	2	40	14	24	47
1x56	21	18	13	48	26	32	59
1x56	21	24	4	57	53	49	22
1x56	21	5	39	50	52	36	3
1x56	21	53	23	22	33	39	25
1x56	22	26	36	34	43	59	14
1x56	22	32	29	60	43	40	19
1x56	23	1	7	4	39	27	55
1x56	23	31	60	8	21	15	32
1x56	23	55	22	3	58	10	16
1x56	24	25	19	43	38	23	11
1x56	24	5	27	55	41	21	17
1x56	24	54	32	2	20	44	30
1x56	25	19	21	55	2	60	5
1x56	25	30	49	48	2	58	14
1x56	25	8	22	26	35	5	55
1x56	26	42	50	40	36	20	6
1x56	26	47	44	38	51	53	30
1x56	27	20	19	51	14	39	59
1x56	27	26	36	31	5	4	37
1x56	28	14	19	53	57	48	32
1x56	29	2	54	48	10	57	53
1x56	3	26	34	30	29	45	57
1x56	30	12	8	11	55	52	28
1x56	30	16	31	29	17	47	4
1x56	30	18	58	11	57	32	37
1x56	30	23	35	26	41	17	13
1x56	30	3	52	1	22	9	45
1x56	31	49	14	25	39	27	29
1x56	31	55	23	14	11	30	22
1x56	32	36	48	5	20	44	21
1x56	32	45	55	18	24	12	11
1x56	32	60	19	42	16	28	23
1x56	33	12	11	23	52	20	13
1x56	35	1	57	52	29	44	10
1x56	35	57	23	12	40	60	31
1x56	36	10	7	20	52	44	28
1x56	36	49	45	15	43	35	32
1x56	36	60	7	52	43	41	15
1x56	37	18	59	5	52	9	51
1x56	37	33	7	12	34	45	47
1x56	37	53	39	54	11	6	19
1x56	37	58	23	16	52	19	3
1x56	38	43	37	15	19	35	49
1x56	39	10	60	34	42	3	46
1x56	39	19	27	2	13	38	45
1x56	4	1	52	17	43	26	50
1x56	4	10	33	50	60	32	46
1x56	4	58	30	27	33	57	10
1x56	40	5	10	28	36	6	38
1x56	41	10	13	57	8	52	12
1x56	41	17	19	29	48	30	52
1x56	41	20	48	37	57	8	1
1x56	41	42	36	52	16	40	46
1x56	41	44	9	57	35	14	22
1x56	41	5	13	28	14	4	53
1x56	41	60	9	38	58	15	5
1x56	42	1	2	19	54	12	15
1x56	42	10	36	11	1	55	15
1x56	42	25	48	35	54	29	1
1x56	42	33	4	55	31	15	39
1x56	42	34	20	44	47	31	53
1x56	42	47	10	20	36	17	5
1x56	42	47	17	57	7	18	49
1x56	42	7	43	45	15	20	29
1x56	43	42	12	32	48	4	19
1x56	43	59	29	53	32	40	18
1x56	44	2	31	37	27	40	13
1x56	44	36	53	11	45	34	25
1x56	44	37	59	15	57	58	26
1x56	44	58	28	9	25	8	39
1x56	44	60	21	27	51	29	24
1x56	45	21	13	4	52	20	43
1x56	45	24	13	21	26	53	30
1x56	45	37	30	26	24	23	14
1x56	45	41	27	7	57	18	46
1x56	46	10	60	47	33	40	35
1x56	46	13	21	7	50	24	26
1x56	46	21	3	4	57	29	34
1x56	46	23	18	25	26	8	50
1x56	46	3	57	6	32	30	28
1x56	46	42	2	45	25	8	30
1x56	47	29	39	48	9	10	15
1x56	47	36	8	38	57	26	42
1x56	47	50	36	39	44	52	28
1x56	47	9	58	52	1	50	4
1x56	48	27	18	43	9	29	7
1x56	48	35	52	9	4	50	19
1x56	5	25	45	28	19	23	50
1x56	5	52	9	16	41	39	7
1x56	5	53	28	35	27	20	19
1x56	50	2	38	40	52	26	46
1x56	50	20	21	15	10	49	41
1x56	50	22	26	31	54	58	36
1x56	50	29	42	44	54	35	34
1x56	50	37	9	44	48	33	22
1x56	51	11	48	26	24	34	36
1x56	51	3	7	36	6	49	50
1x56	51	39	50	10	1	18	15
1x56	51	40	7	13	20	31	19
1x56	51	50	13	60	33	36	29
1x56	52	2	31	9	30	10	3
1x56	52	41	2	39	14	32	45
1x56	52	46	14	7	36	30	12
1x56	52	8	11	12	17	51	28
1x56	53	2	37	58	35	1	23
1x56	53	33	40	42	55	30	48
1x56	53	41	8	22	6	48	21
1x56	53	44	33	26	3	27	2
1x56	54	11	33	10	12	9	55
1x56	54	21	36	59	22	13	2
1x56	54	23	1	59	43	14	32
1x56	54	31	5	40	46	11	39
1x56	54	52	22	32	51	42	31
1x56	55	30	49	35	37	9	43
1x56	55	34	59	17	18	15	31
1x56	55	6	52	29	46	54	47
1x56	57	1	16	51	9	39	58
1x56	57	14	30	27	54	43	8
1x56	57	17	44	41	21	5	2
1x56	57	53	2	35	20	14	38
1x56	57	6	29	41	35	49	16
1x56	58	16	31	24	35	54	34
1x56	58	41	44	4	30	14	24
1x56	58	51	50	16	2	30	44
1x56	58	54	10	48	34	29	17
1x56	59	34	45	55	28	1	4
1x56	59	47	30	45	37	49	12
1x56	6	10	7	52	32	29	20
1x56	60	34	1	10	29	17	55
1x56	60	46	28	53	51	40	21
1x56	60	8	6	37	24	7	38
1x56	8	14	30	27	13	46	51
1x56	8	32	28	36	9	1	58
1x56	8	34	19	55	18	28	53
1x56	8	44	37	5	52	25	39
1x56	8	5	27	6	38	49	18
1x56	8	9	34	29	7	3	42
1x56	9	19	36	4	32	47	41
1x57	1	24	33	55	42	17	15
1x57	1	48	31	60	51	52	37
1x57	1	53	12	51	34	11	3
1x57	1	55	48	56	34	27	2
1x57	10	18	24	9	42	27	3
1x57	10	19	13	32	2	47	36
1x57	10	52	42	40	58	54	7
1x57	11	38	3	10	31	13	17
1x57	11	52	41	16	45	2	10
1x57	11	9	52	40	12	1	3
1x57	12	35	10	42	20	43	37
1x57	12	48	24	10	7	13	55
1x57	13	17	3	59	50	10	41
1x57	13	21	59	23	55	40	1
1x57	13	23	29	59	11	32	47
1x57	13	32	38	39	59	35	21
1x57	13	43	21	53	11	44	26
1x57	13	53	27	20	46	28	16
1x57	14	7	21	28	4	29	36
1x57	15	1	8	18	25	27	45
1x57	16	14	39	3	2	35	55
1x57	16	21	24	42	45	39	49
1x57	16	47	21	17	43	27	2
1x57	17	29	21	47	38	42	11
1x57	17	43	50	39	24	23	42
1x57	17	59	44	13	51	22	56
1x57	18	19	1	10	50	24	31
1x57	19	27	4	51	17	41	21
1x57	19	41	10	29	60	35	36
1x57	2	11	49	58	36	13	55
1x57	2	16	19	35	25	55	39
1x57	2	17	30	23	20	19	26
1x57	2	25	22	59	33	14	55
1x57	2	34	8	46	5	3	20
1x57	20	12	58	1	14	54	37
1x57	20	16	24	49	46	17	30
1x57	20	38	44	54	22	11	28
1x57	21	39	45	41	27	17	60
1x57	21	46	35	2	15	19	60
1x57	22	20	35	50	27	10	29
1x57	22	32	23	42	52	5	2
1x57	23	17	6	5	34	58	51
1x57	24	33	39	35	31	36	4
1x57	24	37	13	60	50	18	47
1x57	25	14	44	32	27	1	33
1x57	25	34	42	1	23	13	10
1x57	25	5	56	22	35	36	38
1x57	26	16	20	32	37	31	5
1x57	26	23	43	17	25	27	52
1x57	26	54	13	6	2	60	4
1x57	26	59	32	13	56	25	22
1x57	26	9	45	58	2	30	12
1x57	27	12	21	37	41	30	51
1x57	27	12	28	9	29	46	1
1x57	27	13	58	36	56	59	50
1x57	27	20	54	22	32	29	52
1x57	27	35	2	38	50	34	10
1x57	28	26	41	56	16	34	35
1x57	28	35	24	59	15	51	36
1x57	28	36	9	59	35	24	3
1x57	28	52	9	22	5	19	40
1x57	29	14	54	19	1	46	56
1x57	29	33	15	43	1	14	32
1x57	3	11	24	18	51	9	32
1x57	30	38	10	39	27	13	16
1x57	30	40	6	11	20	48	13
1x57	31	14	42	17	13	18	41
1x57	31	21	27	24	34	2	38
1x57	31	37	3	53	54	40	60
1x57	31	46	21	9	26	20	1
1x57	32	30	17	5	39	19	34
1x57	32	59	56	30	36	55	35
1x57	33	20	51	17	4	24	8
1x57	33	25	4	35	26	51	17
1x57	33	27	6	18	4	17	20
1x57	33	30	12	37	51	13	56
1x57	33	45	21	25	44	18	40
1x57	33	59	30	28	14	12	7
1x57	33	6	29	4	5	34	53
1x57	33	6	37	9	34	18	11
1x57	34	26	52	53	29	14	36
1x57	34	42	19	33	11	13	20
1x57	35	59	21	53	16	20	10
1x57	36	18	54	39	17	10	43
1x57	36	19	9	33	22	23	40
1x57	36	28	7	33	53	38	4
1x57	36	58	38	44	22	52	55
1x57	37	8	29	56	17	24	53
1x57	38	18	37	43	21	50	59
1x57	38	42	59	18	26	39	6
1x57	38	49	7	6	10	39	25
1x57	38	5	17	34	42	8	56
1x57	39	21	33	4	37	1	35
1x57	39	59	9	52	40	55	44
1x57	4	53	31	7	5	34	48
1x57	4	55	53	26	29	20	27
1x57	40	13	36	8	10	9	4
1x57	40	13	58	37	23	29	1
1x57	40	21	29	16	54	42	22
1x57	40	32	37	54	55	44	27
1x57	40	51	38	14	20	49	42
1x57	40	6	59	51	3	14	9
1x57	41	36	44	51	9	45	14
1x57	41	38	30	29	10	46	43
1x57	42	16	22	18	32	19	41
1x57	42	38	34	24	21	58	41
1x57	43	27	33	48	13	53	4
1x57	44	7	15	34	50	27	18
1x57	45	23	59	9	55	13	56
1x57	45	46	37	52	16	39	23
1x57	46	37	27	60	44	18	38
1x57	46	54	53	11	22	10	34
1x57	46	58	13	6	8	40	36
1x57	46	6	59	45	18	15	25
1x57	46	7	25	14	42	5	18
1x57	47	10	39	56	30	32	48
1x57	47	39	48	46	22	29	16
1x57	47	51	11	32	54	40	14
1x57	47	54	40	49	23	34	39
1x57	48	31	44	15	50	9	45
1x57	49	10	11	33	54	47	45
1x57	49	13	41	53	7	5	26
1x57	5	49	16	8	18	56	11
1x57	5	59	11	60	25	20	48
1x57	5	9	59	31	1	41	11
1x57	50	43	25	55	8	9	33
1x57	50	60	56	9	1	30	27
1x57	51	38	13	48	34	35	49
1x57	52	20	53	7	44	58	23
1x57	52	48	3	35	56	26	49
1x57	53	47	17	13	10	56	25
1x57	55	2	27	39	44	48	18
1x57	55	30	51	21	32	15	44
1x57	55	47	17	26	33	4	25
1x57	56	10	55	46	8	19	5
1x57	56	15	2	59	4	29	41
1x57	56	24	15	42	26	27	40
1x57	56	25	52	60	28	21	15
1x57	58	25	30	36	39	26	20
1x57	58	31	6	30	35	32	55
1x57	58	54	49	31	48	21	7
1x57	59	15	38	5	16	27	30
1x57	59	30	8	54	37	32	25
1x57	59	60	6	51	20	40	10
1x57	59	8	9	31	44	32	15
1x57	6	54	31	53	11	13	17
1x57	60	39	56	5	48	26	19
1x57	60	50	20	54	18	53	37
1x57	60	6	2	52	17	5	53
1x57	7	40	30	35	26	55	49
1x57	7	47	11	37	35	3	58
1x57	7	47	4	33	24	3	5
1x57	8	2	38	11	1	59	49
1x57	8	44	35	21	51	17	14
1x57	8	60	36	14	16	45	20
1x57	9	37	60	12	50	43	4
1x57	9	51	28	3	8	42	27
1x58	1	29	50	27	42	12	45
1x58	1	36	25	34	29	5	15
1x58	10	35	36	52	9	49	38
1x58	10	43	45	42	50	51	25
1x58	11	1	28	40	34	8	50
1x58	11	16	27	30	6	49	46
1x58	11	44	51	8	47	15	5
1x58	12	11	47	32	30	46	29
1x58	12	22	31	60	42	40	15
1x58	12	51	60	37	56	1	3
1x58	12	53	37	10	6	50	19
1x58	13	12	27	16	20	59	48
1x58	13	37	38	54	45	7	55
1x58	14	49	47	29	43	11	2
1x58	15	3	7	13	31	48	6
1x58	16	19	56	36	38	59	45
1x58	16	3	1	43	59	60	46
1x58	16	37	17	41	42	26	43
1x58	16	56	1	57	22	18	30
1x58	17	35	28	8	48	2	7
1x58	18	45	11	14	32	24	3
1x58	18	47	31	48	44	36	16
1x58	19	2	51	25	42	21	59
1x58	19	22	7	59	23	34	28
1x58	19	24	45	3	31	52	27
1x58	19	27	12	37	49	56	38
1x58	19	29	22	5	9	7	41
1x58	19	5	2	35	33	10	51
1x58	2	15	21	26	49	29	1
1x58	2	23	17	12	30	49	21
1x58	2	53	29	14	51	45	42
1x58	2	59	11	16	22	31	9
1x58	20	13	55	46	28	34	40
1x58	20	2	57	33	37	18	10
1x58	20	22	42	43	5	47	39
1x58	20	26	7	39	17	33	14
1x58	20	48	32	52	53	41	18
1x58	20	54	47	55	51	42	4
1x58	22	12	33	31	27	10	6
1x58	22	24	13	1	29	4	42
1x58	22	39	4	43	15	50	44
1x58	22	49	41	7	10	11	26
1x58	23	40	20	9	17	59	41
1x58	23	60	26	35	12	30	14
1x58	24	16	40	42	45	38	8
1x58	24	26	27	44	53	2	48
1x58	24	37	39	57	45	36	5
1x58	24	7	46	17	30	31	9
1x58	25	28	19	50	15	6	52
1x58	25	42	8	33	36	34	32
1x58	26	29	6	52	42	21	43
1x58	26	9	25	41	21	54	20
1x58	27	44	42	11	28	29	53
1x58	28	4	51	44	54	36	7
1x58	28	40	41	53	48	36	35
1x58	28	48	53	3	21	55	10
1x58	29	36	12	53	40	22	24
1x58	3	12	52	20	28	13	51
1x58	3	28	46	34	17	40	59
1x58	3	59	56	31	10	15	54
1x58	3	6	17	19	26	13	43
1x58	30	11	42	41	55	47	44
1x58	30	22	44	2	18	56	29
1x58	30	3	49	4	6	41	31
1x58	31	10	7	28	55	38	20
1x58	31	25	11	6	60	14	27
1x58	31	28	37	3	8	24	5
1x58	33	34	48	25	47	17	21
1x58	33	52	8	5	12	23	48
1x58	33	54	4	35	6	24	18
1x58	33	6	57	4	18	27	37
1x58	34	32	35	51	8	43	20
1x58	34	35	45	16	12	22	17
1x58	35	22	33	31	32	52	60
1x58	36	21	54	40	32	22	53
1x58	36	21	57	39	1	51	8
1x58	37	10	7	19	23	31	28
1x58	38	14	45	4	33	55	7
1x58	38	15	20	51	47	45	27
1x58	38	27	51	4	31	21	59
1x58	38	46	59	20	48	17	42
1x58	4	10	13	26	37	57	59
1x58	4	41	31	16	11	36	15
1x58	4	43	55	33	25	47	44
1x58	40	10	36	56	35	4	31
1x58	40	35	38	45	51	1	21
1x58	40	39	57	20	15	45	10
1x58	40	7	22	44	19	5	9
1x58	41	31	22	53	38	5	10
1x58	42	23	26	48	57	39	7
1x58	42	41	43	45	44	17	33
1x58	42	5	1	21	10	24	28
1x58	43	27	19	29	40	8	24
1x58	43	59	1	23	22	37	53
1x58	44	16	5	30	37	43	9
1x58	44	34	16	42	33	59	53
1x58	45	34	53	49	56	51	57
1x58	45	56	44	41	1	3	32
1x58	45	59	56	28	16	1	34
1x58	45	7	6	54	9	16	2
1x58	46	51	1	14	48	33	42
1x58	47	19	29	56	25	2	4
1x58	47	26	23	11	15	10	14
1x58	47	30	2	25	49	5	16
1x58	47	34	36	6	1	20	42
1x58	47	43	59	16	23	57	15
1x58	47	48	19	27	46	37	23
1x58	47	8	34	33	20	27	32
1x58	48	2	10	43	29	28	25
1x58	48	30	56	42	25	55	22
1x58	48	42	11	26	28	29	25
1x58	48	55	7	13	54	42	23
1x58	49	22	13	18	9	40	5
1x58	49	22	29	53	39	14	2
1x58	49	37	13	27	7	9	30
1x58	49	41	21	18	2	15	46
1x58	49	44	17	18	4	41	11
1x58	49	51	6	11	50	28	15
1x58	49	54	15	38	48	20	8
1x58	49	54	5	47	28	9	2
1x58	5	15	33	1	45	35	3
1x58	5	47	22	56	41	35	31
1x58	50	33	35	26	18	59	39
1x58	51	25	35	31	5	44	1
1x58	51	39	43	33	29	38	27
1x58	51	49	3	11	23	26	43
1x58	52	14	47	43	5	1	48
1x58	52	22	21	41	32	51	24
1x58	52	24	8	55	39	50	26
1x58	53	33	27	3	17	39	19
1x58	53	40	2	44	6	48	42
1x58	53	56	9	24	57	40	51
1x58	53	59	60	6	33	35	44
1x58	54	1	23	7	33	51	59
1x58	54	2	33	7	36	3	49
1x58	54	29	2	38	1	17	12
1x58	55	1	57	14	8	32	10
1x58	55	54	13	12	16	56	21
1x58	56	2	59	11	57	34	24
1x58	57	1	36	25	5	11	21
1x58	57	9	13	23	47	3	5
1x58	59	24	47	56	46	7	55
1x58	59	7	57	14	44	3	22
1x58	6	22	1	20	40	10	55
1x58	6	27	37	52	8	32	39
1x58	6	33	57	23	26	56	2
1x58	6	38	60	39	35	43	42
1x58	6	46	19	16	31	22	23
1x58	6	5	7	3	60	15	46
1x58	7	11	23	43	53	18	49
1x58	7	38	59	12	34	60	4
1x58	7	43	53	26	10	55	23
1x58	8	14	4	27	31	50	54
1x58	8	33	13	21	22	34	12
1x58	8	40	26	3	56	19	53
1x58	8	53	27	40	23	6	14
1x58	8	57	14	4	28	9	33
1x58	8	57	7	23	33	51	39
1x58	9	48	13	18	25	20	6
1x58	9	54	19	6	46	35	39
1x59	10	51	5	22	60	7	52
1x59	10	53	6	19	24	45	9
1x59	10	8	14	30	55	49	3
1x59	11	2	51	24	50	22	5
1x59	11	31	27	44	60	34	55
1x59	11	45	7	28	23	60	25
1x59	11	46	30	22	31	9	28
1x59	12	29	1	9	50	21	33
1x59	12	33	60	2	51	35	8
1x59	12	51	18	35	40	7	29
1x59	12	9	52	28	42	37	26
1x59	13	14	7	43	51	44	24
1x59	13	23	17	29	43	45	15
1x59	13	24	18	17	34	32	37
1x59	13	44	29	14	5	4	25
1x59	13	50	51	41	10	39	23
1x59	13	57	4	20	14	37	54
1x59	14	10	46	33	17	11	45
1x59	14	17	60	41	2	44	55
1x59	14	23	9	39	29	58	55
1x59	14	33	7	23	38	13	34
1x59	14	46	10	45	2	17	51
1x59	15	2	37	21	1	56	46
1x59	15	24	34	40	1	27	23
1x59	16	11	2	46	54	5	23
1x59	16	19	42	57	46	7	41
1x59	17	18	33	34	20	36	11
1x59	17	34	40	56	52	49	54
1x59	17	8	39	51	34	33	32
1x59	18	16	51	21	46	48	23
1x59	18	27	48	8	49	19	52
1x59	18	41	22	35	21	30	7
1x59	18	42	38	37	57	35	19
1x59	19	16	5	60	38	6	50
1x59	19	36	37	56	52	28	20
1x59	20	42	48	49	15	38	28
1x59	21	47	11	48	29	45	41
1x59	22	13	36	46	12	54	14
1x59	22	47	53	15	11	18	33
1x59	22	49	51	26	21	23	34
1x59	23	32	26	30	3	29	57
1x59	24	58	53	8	18	60	52
1x59	25	24	11	37	16	45	4
1x59	25	43	12	22	33	23	4
1x59	25	48	11	44	46	6	41
1x59	26	23	24	36	4	1	56
1x59	26	40	25	60	33	57	51
1x59	27	31	54	57	58	43	56
1x59	27	44	7	21	12	23	2
1x59	28	36	33	1	23	41	14
1x59	28	39	22	48	45	21	12
1x59	28	49	48	29	35	30	3
1x59	29	54	7	30	31	57	41
1x59	3	28	36	23	38	8	18
1x59	3	31	12	36	6	7	35
1x59	3	48	55	39	50	27	7
1x59	30	10	48	27	46	11	20
1x59	30	22	38	41	11	6	55
1x59	30	26	39	4	29	5	45
1x59	30	27	21	45	60	25	36
1x59	30	45	58	27	22	31	32
1x59	31	11	3	18	23	52	40
1x59	31	45	48	9	14	27	60
1x59	32	27	26	15	44	16	60
1x59	32	28	31	10	38	14	45
1x59	32	35	4	60	14	30	51
1x59	32	40	1	3	21	30	24
1x59	33	30	5	4	40	52	50
1x59	34	24	55	1	20	32	28
1x59	34	57	50	24	56	30	15
1x59	35	16	19	9	56	3	28
1x59	35	2	58	25	34	24	18
1x59	35	30	33	23	40	47	28
1x59	35	39	21	18	23	7	9
1x59	36	24	34	23	30	22	33
1x59	36	45	60	17	50	53	10
1x59	37	21	56	33	54	29	39
1x59	37	47	16	39	56	33	36
1x59	37	9	17	45	57	22	14
1x59	38	24	26	31	29	14	30
1x59	38	26	10	6	11	49	31
1x59	38	46	33	44	11	4	55
1x59	38	5	40	26	17	30	47
1x59	38	6	56	43	51	58	50
1x59	39	13	57	16	34	58	41
1x59	39	34	48	4	46	35	14
1x59	39	57	23	47	21	13	42
1x59	39	60	52	41	36	13	14
1x59	4	17	27	30	20	55	57
1x59	40	19	41	47	8	30	1
1x59	41	25	30	28	32	44	51
1x59	41	5	11	2	3	37	52
1x59	42	22	25	54	29	43	19
1x59	42	36	18	1	15	50	14
1x59	42	51	58	47	4	19	33
1x59	42	58	60	1	3	14	51
1x59	42	6	35	34	11	19	13
1x59	43	17	14	5	46	49	35
1x59	43	45	57	20	14	24	48
1x59	43	58	51	11	37	5	28
1x59	44	47	50	43	16	48	23
1x59	44	6	5	14	33	42	53
1x59	45	19	18	42	57	6	11
1x59	45	2	54	46	6	1	40
1x59	46	22	51	9	16	10	8
1x59	47	40	28	49	34	48	39
1x59	47	46	4	48	58	2	17
1x59	47	8	45	58	6	1	7
1x59	49	25	33	24	23	17	37
1x59	49	30	2	42	35	26	24
1x59	49	50	17	2	56	9	7
1x59	49	51	30	44	16	41	50
1x59	49	52	30	9	3	51	4
1x59	50	13	56	27	17	21	1
1x59	50	21	41	15	49	17	8
1x59	50	28	60	38	24	35	9
1x59	50	31	15	55	38	60	37
1x59	50	43	54	60	27	53	41
1x59	50	48	8	56	24	14	53
1x59	50	53	33	46	44	26	10
1x59	50	6	54	47	31	35	22
1x59	51	44	23	40	32	34	46
1x59	51	5	55	30	54	28	19
1x59	52	56	20	48	15	44	8
1x59	53	29	39	8	26	13	14
1x59	54	20	21	39	24	36	11
1x59	54	49	48	28	2	35	10
1x59	55	31	32	30	8	48	16
1x59	55	39	25	40	7	9	20
1x59	56	10	51	52	28	44	42
1x59	56	48	26	33	3	14	46
1x59	56	57	21	33	51	50	35
1x59	56	60	13	54	16	7	29
1x59	56	9	26	43	41	37	1
1x59	57	11	21	47	1	43	37
1x59	58	21	35	60	39	22	17
1x59	58	41	29	57	4	10	27
1x59	58	45	16	32	26	10	44
1x59	6	15	19	9	8	60	57
1x59	6	24	18	50	47	30	58
1x59	6	26	41	48	14	37	25
1x59	6	3	45	20	22	35	54
1x59	6	33	25	5	35	24	34
1x59	6	5	31	15	55	40	8
1x59	60	14	39	58	16	6	32
1x59	60	27	13	30	53	40	35
1x59	8	12	57	35	18	15	55
1x59	8	16	3	38	50	41	5
1x59	8	6	27	38	23	48	18
1x59	9	3	26	12	54	49	30
1x59	9	60	27	1	35	36	22
1x6	1	10	58	52	18	33	4
1x6	1	48	2	25	8	22	57
1x6	1	7	43	9	39	25	31
1x6	10	11	15	36	56	7	16
1x6	10	27	35	25	18	49	13
1x6	10	37	46	9	43	39	55
1x6	10	38	36	2	34	53	35
1x6	10	4	33	2	36	18	45
1x6	10	51	55	57	25	45	41
1x6	10	54	11	50	39	2	18
1x6	10	9	34	17	53	18	5
1x6	11	1	34	60	20	8	25
1x6	11	38	18	59	47	57	9
1x6	12	19	37	42	8	25	28
1x6	12	20	10	59	27	38	17
1x6	12	49	22	3	24	52	17
1x6	13	60	42	34	10	33	35
1x6	14	10	43	1	39	53	24
1x6	15	18	27	3	12	4	36
1x6	15	55	37	48	43	19	40
1x6	15	59	46	26	54	49	42
1x6	16	27	35	21	37	48	10
1x6	16	32	55	51	1	45	4
1x6	17	55	47	40	18	49	43
1x6	18	24	9	17	27	33	7
1x6	18	26	53	28	50	20	13
1x6	18	32	39	41	26	11	27
1x6	18	37	7	8	47	39	15
1x6	19	18	32	12	57	49	14
1x6	2	18	22	13	1	3	52
1x6	2	46	25	29	24	50	39
1x6	2	48	4	54	12	40	32
1x6	2	50	27	5	9	4	36
1x6	2	55	18	52	30	21	36
1x6	20	43	13	29	56	33	28
1x6	20	57	59	53	41	51	14
1x6	21	2	56	34	15	49	54
1x6	22	23	43	47	54	37	17
1x6	22	33	60	52	32	7	1
1x6	22	43	56	37	44	10	39
1x6	22	58	4	40	56	43	19
1x6	23	11	36	55	39	31	17
1x6	23	51	58	45	15	16	56
1x6	24	48	13	50	26	2	23
1x6	25	13	19	35	50	49	7
1x6	25	37	27	40	47	49	39
1x6	25	40	1	32	7	46	30
1x6	25	51	48	47	34	33	54
1x6	26	24	28	4	5	43	51
1x6	26	32	14	11	44	24	10
1x6	26	33	34	50	40	47	16
1x6	27	18	45	1	29	35	39
1x6	28	15	8	19	36	59	5
1x6	28	29	36	51	21	4	56
1x6	28	52	24	4	25	12	13
1x6	3	13	1	56	24	27	19
1x6	3	47	23	45	21	37	18
1x6	3	7	51	19	45	34	31
1x6	3	9	12	5	39	16	32
1x6	30	58	52	2	24	18	17
1x6	31	43	35	7	14	9	29
1x6	31	44	36	15	10	54	42
1x6	31	9	10	20	26	28	5
1x6	32	34	24	37	16	57	41
1x6	32	9	54	8	47	37	31
1x6	33	15	28	56	12	37	41
1x6	33	57	3	12	17	5	42
1x6	34	26	38	1	5	3	7
1x6	35	12	54	10	16	3	8
1x6	35	36	8	7	44	59	16
1x6	35	37	42	15	30	13	19
1x6	35	43	47	29	53	38	56
1x6	35	46	44	26	17	40	12
1x6	37	18	34	25	28	57	20
1x6	37	55	14	45	33	4	57
1x6	38	19	5	20	15	31	32
1x6	39	11	33	58	15	7	52
1x6	39	25	38	31	12	57	29
1x6	4	1	42	37	24	3	27
1x6	4	12	47	25	14	3	57
1x6	4	16	35	27	48	57	45
1x6	4	50	16	35	44	53	58
1x6	40	23	10	47	17	30	32
1x6	40	29	54	45	24	38	28
1x6	40	32	1	47	26	43	25
1x6	40	51	38	43	27	47	12
1x6	41	16	24	10	46	28	31
1x6	42	36	48	44	24	5	39
1x6	42	39	25	4	26	28	5
1x6	42	52	34	16	54	13	41
1x6	43	11	26	23	27	55	34
1x6	43	18	23	56	44	34	14
1x6	43	35	19	44	16	28	56
1x6	44	32	36	30	50	18	14
1x6	44	35	1	30	3	28	9
1x6	44	39	7	3	54	12	43
1x6	44	46	29	59	26	55	60
1x6	45	17	11	48	59	4	41
1x6	45	23	60	32	53	49	29
1x6	45	53	40	43	49	59	7
1x6	46	22	57	35	31	44	60
1x6	46	58	59	3	9	42	11
1x6	47	10	23	58	43	5	3
1x6	47	20	31	34	54	45	56
1x6	47	32	30	22	48	21	54
1x6	47	33	10	32	55	29	4
1x6	47	36	3	45	55	15	17
1x6	48	12	53	23	57	41	42
1x6	48	16	12	31	45	19	20
1x6	48	27	60	7	46	18	13
1x6	48	32	10	49	52	31	43
1x6	48	32	51	46	33	12	41
1x6	48	40	8	21	42	18	4
1x6	48	42	19	43	54	10	39
1x6	48	51	31	13	9	40	21
1x6	49	13	12	37	7	51	26
1x6	49	43	25	20	42	39	45
1x6	49	52	51	32	42	11	18
1x6	5	19	44	31	28	7	23
1x6	5	50	35	20	37	55	4
1x6	50	28	37	14	57	1	7
1x6	51	2	14	32	37	18	34
1x6	52	41	11	56	49	28	22
1x6	52	41	57	11	47	19	34
1x6	52	47	25	8	32	13	27
1x6	52	47	45	24	44	2	4
1x6	52	48	45	15	7	38	4
1x6	53	50	8	1	12	27	37
1x6	54	44	7	57	41	18	39
1x6	54	55	20	25	50	31	17
1x6	54	57	32	53	5	24	35
1x6	54	58	36	4	31	7	25
1x6	55	31	56	8	16	51	28
1x6	55	40	17	47	44	36	48
1x6	56	30	43	24	59	32	3
1x6	56	45	12	59	40	22	26
1x6	57	44	23	8	22	39	14
1x6	58	18	44	24	10	12	16
1x6	58	35	34	54	8	52	12
1x6	58	38	36	19	14	27	55
1x6	58	51	50	56	55	26	19
1x6	58	52	45	39	33	20	11
1x6	59	21	44	40	27	34	16
1x6	7	49	21	19	47	8	54
1x6	8	32	21	37	11	17	4
1x6	8	34	44	16	19	29	27
1x6	8	37	26	31	19	39	54
1x6	9	22	44	56	26	57	42
1x6	9	26	5	24	19	16	39
1x6	9	3	37	7	15	26	35
1x60	1	20	4	26	44	27	16
1x60	1	9	23	45	15	33	28
1x60	10	6	18	50	34	13	32
1x60	11	44	22	58	59	29	9
1x60	12	2	32	21	11	18	7
1x60	12	27	20	54	17	50	1
1x60	12	39	51	42	34	20	1
1x60	12	42	34	56	9	38	6
1x60	13	25	1	26	33	50	32
1x60	13	30	4	14	25	42	33
1x60	13	39	25	10	34	20	42
1x60	13	46	45	23	29	7	14
1x60	13	49	42	22	39	23	50
1x60	13	7	54	6	32	50	58
1x60	14	31	20	55	42	6	30
1x60	14	35	11	19	49	6	43
1x60	14	4	40	29	33	25	42
1x60	15	26	33	34	38	12	35
1x60	15	7	3	58	53	24	41
1x60	16	10	43	49	24	20	22
1x60	16	47	15	49	59	37	36
1x60	16	59	7	23	24	52	40
1x60	16	7	1	41	50	15	37
1x60	17	24	30	9	16	43	29
1x60	17	56	35	23	26	54	55
1x60	18	24	16	28	22	39	10
1x60	18	24	37	39	2	32	10
1x60	18	39	21	31	45	46	51
1x60	18	44	3	21	36	5	52
1x60	18	5	2	9	52	7	10
1x60	18	50	28	11	20	45	17
1x60	18	50	49	10	26	13	34
1x60	19	20	57	14	42	24	7
1x60	2	30	56	10	49	45	4
1x60	2	4	38	7	25	34	42
1x60	2	42	43	40	49	32	17
1x60	2	53	28	43	8	22	56
1x60	2	9	56	7	41	47	52
1x60	20	14	16	41	24	7	10
1x60	20	47	29	6	10	48	31
1x60	20	57	43	16	3	54	37
1x60	21	39	50	11	1	54	49
1x60	21	49	15	36	32	1	46
1x60	21	9	52	30	43	54	4
1x60	22	14	18	55	43	23	12
1x60	22	34	2	4	47	38	35
1x60	23	14	8	27	3	7	33
1x60	23	29	31	42	18	3	14
1x60	23	34	7	20	6	17	40
1x60	24	49	25	1	29	3	8
1x60	25	47	36	35	14	58	1
1x60	26	12	48	11	31	7	23
1x60	26	47	44	38	56	55	39
1x60	26	54	16	47	57	31	23
1x60	27	26	45	51	9	18	33
1x60	27	29	37	5	8	32	18
1x60	28	37	2	8	43	47	42
1x60	29	21	20	57	40	16	23
1x60	29	45	50	5	34	3	21
1x60	29	55	25	19	6	9	1
1x60	3	34	18	9	20	52	7
1x60	3	44	49	14	24	29	54
1x60	3	58	5	30	44	53	19
1x60	30	53	8	9	36	49	40
1x60	30	6	12	35	57	50	58
1x60	31	21	14	16	35	58	49
1x60	32	18	22	52	45	35	31
1x60	32	27	16	29	43	57	25
1x60	32	31	44	46	45	10	58
1x60	32	43	5	23	54	34	48
1x60	32	57	2	9	21	30	10
1x60	32	6	22	52	8	58	50
1x60	33	21	52	2	32	59	24
1x60	33	23	25	10	59	29	43
1x60	33	3	11	35	52	32	6
1x60	33	56	19	20	58	2	45
1x60	34	18	7	19	32	40	39
1x60	34	46	48	25	5	49	41
1x60	34	59	41	18	1	7	58
1x60	35	10	43	40	18	27	56
1x60	35	26	45	16	11	24	36
1x60	35	36	14	55	21	13	52
1x60	36	28	14	31	26	40	24
1x60	36	56	11	17	29	50	34
1x60	37	16	33	39	25	51	35
1x60	38	18	32	15	52	49	1
1x60	39	42	7	47	46	23	12
1x60	39	57	45	25	18	55	42
1x60	4	46	26	11	24	55	35
1x60	40	52	51	46	57	45	43
1x60	41	25	49	52	22	20	26
1x60	41	35	1	14	42	16	45
1x60	41	40	10	31	14	1	24
1x60	41	40	56	29	49	5	31
1x60	41	43	45	1	4	15	51
1x60	42	12	10	23	7	28	9
1x60	42	12	57	38	33	11	6
1x60	42	20	27	55	35	45	11
1x60	42	29	37	56	1	3	47
1x60	42	47	36	28	30	33	52
1x60	42	58	24	52	22	18	21
1x60	43	32	55	29	56	13	1
1x60	43	56	46	41	45	37	22
1x60	44	15	14	19	42	23	25
1x60	44	25	58	41	42	24	59
1x60	44	29	49	24	9	23	22
1x60	44	57	20	1	40	43	5
1x60	44	58	11	7	28	57	26
1x60	45	11	42	16	49	39	31
1x60	45	47	26	34	31	15	54
1x60	45	54	55	36	33	30	21
1x60	46	26	34	51	59	38	20
1x60	47	7	56	23	27	54	20
1x60	48	26	36	10	44	51	56
1x60	48	57	9	6	29	49	35
1x60	49	20	35	45	27	24	3
1x60	49	40	8	9	34	1	25
1x60	5	22	13	18	40	1	20
1x60	5	52	35	40	27	12	39
1x60	50	11	43	36	32	59	52
1x60	50	26	12	27	40	13	17
1x60	50	36	5	54	24	49	58
1x60	52	15	57	20	1	3	2
1x60	52	24	18	4	2	57	22
1x60	52	43	49	47	24	13	2
1x60	52	57	9	45	7	29	5
1x60	52	8	7	14	2	17	15
1x60	53	37	43	18	50	39	3
1x60	53	44	20	55	47	8	59
1x60	53	46	51	40	59	39	52
1x60	53	5	18	17	19	38	8
1x60	53	52	48	43	19	36	46
1x60	54	23	56	28	41	31	29
1x60	54	44	32	58	6	40	3
1x60	54	5	22	29	24	18	19
1x60	54	9	19	31	22	48	39
1x60	55	24	47	57	58	53	45
1x60	55	38	8	10	6	9	56
1x60	55	42	47	16	52	21	39
1x60	55	45	44	50	48	33	49
1x60	55	50	12	5	32	22	39
1x60	55	53	11	19	8	1	36
1x60	56	28	21	17	13	37	22
1x60	56	46	21	24	20	47	38
1x60	57	12	29	45	34	10	7
1x60	57	16	27	20	8	31	1
1x60	57	19	15	18	38	47	14
1x60	57	31	25	54	41	29	43
1x60	57	41	48	58	12	55	33
1x60	58	1	3	19	55	37	18
1x60	58	52	33	48	45	30	12
1x60	58	55	14	39	57	30	38
1x60	59	3	36	41	14	29	8
1x60	59	33	49	28	2	47	24
1x60	6	18	28	57	45	16	59
1x60	6	44	25	53	22	56	43
1x60	6	52	59	42	7	40	41
1x60	7	10	29	24	35	59	54
1x60	7	49	55	43	19	45	22
1x60	7	50	59	33	42	55	16
1x60	8	20	14	53	15	3	35
1x60	8	23	31	30	53	50	39
1x60	9	10	25	50	19	20	38
1x60	9	17	3	14	42	18	19
1x60	9	26	23	25	21	12	29
1x60	9	46	52	13	11	53	44
1x7	1	10	50	3	34	43	8
1x7	1	15	45	20	50	11	30
1x7	1	54	14	42	20	56	18
1x7	1	54	52	33	2	56	50
1x7	10	16	21	13	34	20	53
1x7	10	49	42	25	59	60	24
1x7	10	5	3	19	43	45	44
1x7	10	51	1	30	14	31	36
1x7	11	18	57	37	12	21	54
1x7	11	2	23	31	9	6	37
1x7	11	22	59	50	21	38	34
1x7	11	45	35	17	19	20	4
1x7	12	10	28	27	21	56	60
1x7	12	28	41	40	24	35	53
1x7	12	36	55	45	8	52	23
1x7	12	48	57	19	42	60	36
1x7	13	14	49	5	6	4	36
1x7	13	2	11	58	42	50	55
1x7	13	27	11	59	18	21	35
1x7	13	54	31	2	22	8	55
1x7	14	44	16	12	27	58	42
1x7	14	56	27	59	9	22	37
1x7	15	10	26	52	17	50	58
1x7	15	20	19	39	38	31	3
1x7	15	54	30	49	10	42	39
1x7	15	60	21	47	14	19	3
1x7	16	24	52	45	44	49	4
1x7	16	27	33	25	58	35	53
1x7	16	55	27	9	43	3	30
1x7	17	10	42	28	24	59	54
1x7	17	21	5	33	55	31	56
1x7	17	28	27	23	43	12	14
1x7	17	30	27	58	49	33	8
1x7	17	31	49	1	58	5	9
1x7	17	45	1	29	50	2	25
1x7	18	25	48	9	8	49	44
1x7	18	53	48	19	13	29	6
1x7	18	55	17	23	31	52	38
1x7	18	8	48	17	10	33	13
1x7	19	18	58	6	57	47	43
1x7	19	38	57	14	11	27	32
1x7	19	53	25	38	9	41	27
1x7	2	29	12	30	24	22	26
1x7	20	13	36	19	1	27	8
1x7	20	24	13	55	33	14	17
1x7	20	30	47	36	22	45	19
1x7	20	35	40	32	46	5	18
1x7	20	4	17	46	50	39	57
1x7	20	5	31	23	8	59	36
1x7	21	1	55	46	22	44	28
1x7	21	40	17	55	32	12	60
1x7	21	42	43	44	51	15	12
1x7	21	5	33	12	23	32	31
1x7	21	55	6	58	10	54	15
1x7	22	24	37	45	20	49	47
1x7	22	3	37	41	12	2	13
1x7	22	30	6	47	56	40	19
1x7	22	34	16	57	37	18	14
1x7	22	8	45	6	54	39	31
1x7	23	17	28	59	9	12	36
1x7	23	27	20	28	34	18	6
1x7	23	51	41	25	15	40	4
1x7	23	54	45	3	13	36	32
1x7	24	49	55	33	19	14	50
1x7	24	50	31	29	18	28	13
1x7	25	11	8	14	59	10	48
1x7	25	16	56	58	31	41	11
1x7	25	3	35	52	21	12	58
1x7	26	14	12	17	56	4	10
1x7	26	15	8	32	5	12	40
1x7	26	16	11	57	25	12	43
1x7	26	55	10	22	52	53	13
1x7	27	20	29	47	44	22	25
1x7	28	13	43	20	56	57	11
1x7	28	17	50	21	6	37	35
1x7	28	41	55	43	19	54	10
1x7	28	48	60	8	31	3	40
1x7	28	53	50	38	52	30	49
1x7	28	56	20	37	16	5	46
1x7	28	57	25	10	53	35	6
1x7	29	11	39	25	52	26	45
1x7	29	19	15	27	56	41	47
1x7	29	24	6	53	55	22	44
1x7	3	25	60	47	23	34	13
1x7	30	10	50	5	56	43	55
1x7	30	15	11	8	39	28	21
1x7	31	20	56	4	25	41	11
1x7	31	25	49	35	51	11	40
1x7	31	42	1	35	37	8	24
1x7	32	4	53	30	39	21	9
1x7	32	6	60	40	29	44	24
1x7	33	29	37	18	35	60	42
1x7	33	35	59	57	25	9	1
1x7	33	38	14	42	32	11	4
1x7	33	5	18	58	52	32	38
1x7	33	55	17	6	54	46	30
1x7	34	29	37	27	47	5	15
1x7	34	30	15	29	22	54	28
1x7	34	50	31	51	29	38	9
1x7	34	53	41	43	33	52	23
1x7	35	11	25	6	33	13	41
1x7	35	42	36	49	25	29	32
1x7	35	5	31	58	39	3	19
1x7	36	49	5	18	41	28	24
1x7	36	53	14	18	8	1	6
1x7	37	16	11	24	45	22	44
1x7	37	35	52	27	48	20	50
1x7	37	52	33	22	18	2	1
1x7	38	14	9	35	55	44	33
1x7	38	58	5	8	16	15	46
1x7	39	18	24	59	36	52	27
1x7	39	21	43	51	25	28	49
1x7	39	26	55	19	4	5	54
1x7	39	28	22	57	5	35	1
1x7	39	30	10	33	50	20	49
1x7	4	1	9	24	21	20	14
1x7	4	2	15	19	40	34	23
1x7	4	30	33	32	59	55	11
1x7	4	60	18	51	30	45	55
1x7	40	16	53	22	30	47	39
1x7	41	32	43	10	51	52	26
1x7	41	39	40	1	16	57	55
1x7	42	41	9	1	6	16	12
1x7	43	12	10	29	25	4	16
1x7	44	24	3	26	30	2	5
1x7	44	27	40	45	17	22	18
1x7	44	34	24	19	17	54	56
1x7	44	43	30	47	18	53	32
1x7	44	49	42	20	59	23	56
1x7	44	9	36	40	12	37	18
1x7	45	29	48	25	53	57	18
1x7	45	6	50	54	13	26	36
1x7	46	18	21	49	47	33	52
1x7	46	24	16	48	50	55	30
1x7	46	24	2	4	29	9	25
1x7	46	9	49	20	1	31	5
1x7	47	17	27	42	12	25	56
1x7	48	36	3	28	20	41	42
1x7	48	8	26	30	13	22	9
1x7	49	19	22	18	45	42	30
1x7	49	25	4	40	8	52	28
1x7	49	46	20	56	53	16	33
1x7	5	28	51	53	8	15	20
1x7	5	8	37	58	16	24	18
1x7	50	1	27	49	6	25	40
1x7	50	27	10	43	16	57	55
1x7	50	28	24	57	39	43	46
1x7	50	52	47	11	17	22	30
1x7	50	54	44	25	11	60	31
1x7	51	12	11	41	56	60	59
1x7	51	53	12	46	9	4	25
1x7	52	41	1	20	42	35	49
1x7	53	34	38	3	5	60	31
1x7	53	38	34	4	48	18	2
1x7	54	11	9	32	53	48	13
1x7	54	57	8	32	14	10	37
1x7	55	36	39	50	26	29	23
1x7	55	42	27	37	23	40	15
1x7	56	19	23	32	10	6	53
1x7	56	37	40	18	43	25	41
1x7	56	46	9	25	44	34	26
1x7	57	23	1	41	52	3	8
1x7	57	55	19	24	34	12	26
1x7	57	55	23	17	47	9	14
1x7	58	38	2	49	20	46	39
1x7	59	18	41	60	42	13	30
1x7	59	28	37	27	12	51	34
1x7	59	33	23	28	22	42	19
1x7	59	60	25	56	34	13	19
1x7	6	40	17	28	8	49	36
1x7	6	55	41	2	30	5	59
1x7	6	57	55	28	58	37	2
1x7	60	22	52	45	34	41	57
1x7	60	27	1	44	53	19	21
1x7	60	36	56	27	45	20	32
1x7	8	36	47	12	58	5	26
1x7	9	12	5	11	20	53	58
1x7	9	26	60	8	45	33	37
1x7	9	59	14	56	50	55	34
1x8	1	20	58	24	59	12	54
1x8	10	25	49	14	2	1	22
1x8	11	17	47	31	59	13	16
1x8	11	32	14	54	30	20	4
1x8	11	35	40	28	56	55	15
1x8	11	41	45	51	50	7	31
1x8	11	42	60	27	49	51	21
1x8	12	58	55	3	43	2	19
1x8	13	2	26	4	30	40	24
1x8	13	31	43	38	27	49	16
1x8	13	47	15	21	34	52	31
1x8	13	56	14	30	51	16	48
1x8	14	3	44	11	37	9	27
1x8	14	42	13	31	9	45	5
1x8	15	26	40	10	59	24	18
1x8	15	50	39	21	2	9	6
1x8	16	1	53	30	18	58	60
1x8	16	20	53	2	38	55	58
1x8	16	48	44	19	30	34	50
1x8	17	18	60	19	46	34	21
1x8	17	39	20	37	21	28	59
1x8	18	47	13	60	11	3	16
1x8	19	55	26	32	42	48	56
1x8	2	1	47	40	36	48	46
1x8	2	12	51	24	25	5	34
1x8	2	16	22	17	60	47	7
1x8	2	30	36	14	20	15	24
1x8	2	33	28	4	49	54	9
1x8	2	6	16	56	28	29	11
1x8	20	13	12	46	27	19	4
1x8	20	23	6	7	29	50	21
1x8	21	42	25	45	36	22	34
1x8	21	6	50	38	28	18	43
1x8	22	10	9	43	19	24	59
1x8	22	27	23	51	34	19	7
1x8	23	24	50	18	59	47	48
1x8	23	38	53	49	43	51	56
1x8	23	40	50	48	43	29	31
1x8	24	28	31	51	42	33	13
1x8	25	27	40	1	22	16	59
1x8	25	3	57	59	34	26	1
1x8	25	45	15	7	20	23	46
1x8	25	51	17	3	40	45	12
1x8	26	10	39	27	33	49	4
1x8	26	13	3	56	42	4	48
1x8	26	42	43	13	3	15	31
1x8	26	49	34	11	36	38	15
1x8	26	50	54	32	20	42	33
1x8	27	53	45	16	42	46	38
1x8	27	56	40	43	3	31	15
1x8	28	11	35	46	33	9	48
1x8	28	20	55	4	6	14	21
1x8	28	41	4	21	56	49	15
1x8	29	46	37	38	56	12	13
1x8	3	52	28	56	9	23	25
1x8	3	52	42	20	23	25	54
1x8	31	16	13	14	25	6	32
1x8	31	51	47	34	14	22	53
1x8	33	10	9	17	6	38	54
1x8	33	12	19	28	59	13	24
1x8	33	19	9	16	20	26	54
1x8	33	30	32	40	10	1	50
1x8	33	32	51	26	43	59	22
1x8	33	47	44	60	29	11	39
1x8	33	47	49	5	17	34	29
1x8	34	5	40	29	10	26	45
1x8	35	43	39	11	49	41	33
1x8	35	53	48	50	20	31	40
1x8	36	11	55	6	26	38	10
1x8	36	53	29	12	28	59	38
1x8	36	57	34	3	53	17	38
1x8	36	6	38	21	54	55	41
1x8	37	3	1	33	30	27	15
1x8	37	42	59	14	18	40	3
1x8	37	47	25	26	21	59	34
1x8	37	56	7	11	21	22	34
1x8	37	7	19	3	11	35	14
1x8	37	9	53	38	40	3	55
1x8	38	28	39	60	4	52	46
1x8	38	32	4	13	23	30	46
1x8	38	40	22	51	57	10	20
1x8	38	55	45	60	29	36	14
1x8	39	22	48	3	49	29	24
1x8	39	49	2	15	37	30	41
1x8	39	51	37	42	36	38	48
1x8	39	57	20	41	16	60	3
1x8	4	38	34	13	51	55	26
1x8	40	17	58	22	36	60	37
1x8	40	24	44	9	35	54	27
1x8	40	34	3	23	55	45	21
1x8	40	9	6	35	11	29	42
1x8	41	3	55	12	58	47	11
1x8	41	30	48	2	56	51	58
1x8	42	18	13	22	32	6	37
1x8	42	22	2	17	52	3	10
1x8	42	44	34	1	46	25	47
1x8	42	50	11	44	47	16	12
1x8	43	14	25	37	16	19	51
1x8	43	2	50	30	46	48	18
1x8	43	42	48	17	37	39	23
1x8	43	5	20	50	10	6	52
1x8	43	57	56	49	55	17	45
1x8	44	2	16	48	38	42	4
1x8	45	12	16	29	51	44	28
1x8	45	25	11	39	37	13	9
1x8	45	47	21	46	23	17	25
1x8	46	22	53	4	24	26	39
1x8	46	38	33	7	48	42	3
1x8	46	38	49	39	52	20	55
1x8	47	42	36	9	6	4	46
1x8	47	7	53	44	43	6	27
1x8	48	45	18	34	40	52	4
1x8	49	25	47	2	32	45	16
1x8	49	38	44	24	60	48	53
1x8	5	15	54	41	27	49	58
1x8	5	17	15	18	56	11	26
1x8	5	23	60	13	1	58	14
1x8	5	7	17	25	20	37	13
1x8	50	15	38	48	26	17	6
1x8	50	40	9	47	13	30	10
1x8	50	46	54	48	39	20	51
1x8	51	10	34	32	40	2	52
1x8	51	10	43	6	23	33	11
1x8	51	30	3	46	33	56	37
1x8	51	32	43	21	1	33	24
1x8	51	53	16	43	10	14	48
1x8	51	60	1	27	11	3	39
1x8	52	13	43	58	42	28	25
1x8	52	27	26	39	30	12	10
1x8	52	54	55	37	18	19	22
1x8	52	56	51	2	41	44	49
1x8	53	1	25	60	42	15	17
1x8	53	19	47	27	21	26	49
1x8	53	51	10	45	57	23	11
1x8	54	18	27	46	2	20	28
1x8	54	18	3	4	22	13	55
1x8	54	55	30	49	14	56	13
1x8	55	43	10	46	26	4	9
1x8	55	5	53	23	41	35	14
1x8	57	21	9	12	27	33	18
1x8	57	53	14	27	22	25	43
1x8	58	12	17	7	5	36	22
1x8	58	21	12	47	50	18	33
1x8	58	26	22	3	45	44	38
1x8	59	21	26	1	41	54	33
1x8	59	44	9	58	1	40	52
1x8	59	48	18	55	32	44	13
1x8	60	57	59	50	4	17	19
1x8	7	27	40	25	42	2	24
1x8	9	12	16	42	58	59	10
1x8	9	23	50	41	53	11	52
1x9	1	3	16	5	29	36	23
1x9	10	11	3	51	59	4	40
1x9	11	1	34	4	6	3	27
1x9	11	41	19	44	1	25	57
1x9	11	42	50	30	25	26	4
1x9	12	44	33	23	11	18	41
1x9	12	5	41	8	39	36	56
1x9	12	55	41	37	23	42	46
1x9	13	21	52	53	1	12	46
1x9	13	42	4	40	3	20	24
1x9	13	5	50	43	3	28	22
1x9	13	51	24	59	28	36	39
1x9	14	40	25	47	19	53	60
1x9	14	44	22	43	23	8	7
1x9	14	5	44	40	49	54	11
1x9	15	23	11	48	28	41	16
1x9	15	32	18	36	56	8	48
1x9	15	8	58	54	57	28	26
1x9	16	2	29	43	47	20	5
1x9	17	10	56	36	57	1	51
1x9	17	16	15	49	19	45	7
1x9	17	2	25	8	6	33	45
1x9	17	51	34	16	58	18	55
1x9	17	55	41	29	32	58	10
1x9	17	7	24	42	45	27	12
1x9	17	8	42	7	10	25	5
1x9	18	14	49	8	34	1	31
1x9	18	15	33	58	45	26	42
1x9	18	25	7	15	27	38	48
1x9	18	36	54	58	16	6	17
1x9	2	23	21	44	20	14	11
1x9	20	47	58	4	6	31	8
1x9	21	27	55	53	28	23	45
1x9	21	30	48	52	12	22	16
1x9	21	31	47	43	22	56	34
1x9	21	36	39	53	52	40	5
1x9	21	51	22	17	50	38	32
1x9	21	51	50	22	16	34	45
1x9	21	53	10	34	33	3	35
1x9	21	8	32	17	30	54	31
1x9	22	21	36	15	24	46	38
1x9	22	37	43	40	53	7	45
1x9	22	48	11	38	3	10	33
1x9	23	19	22	1	42	7	26
1x9	23	26	37	42	52	58	10
1x9	23	32	44	58	18	19	39
1x9	24	23	19	10	27	58	13
1x9	25	7	59	33	37	20	11
1x9	26	25	38	21	50	51	46
1x9	26	39	41	40	16	1	2
1x9	27	24	42	44	4	29	34
1x9	28	3	36	47	59	26	46
1x9	28	3	7	57	52	32	10
1x9	28	36	54	50	32	48	31
1x9	28	45	25	17	36	47	14
1x9	29	3	22	53	18	35	48
1x9	3	2	19	40	49	52	41
1x9	3	35	59	17	13	37	53
1x9	3	40	8	50	32	23	54
1x9	3	43	2	26	10	56	16
1x9	3	8	6	51	25	47	11
1x9	30	41	34	5	23	44	25
1x9	30	56	12	58	10	21	33
1x9	30	58	55	57	21	52	23
1x9	31	49	10	47	35	39	53
1x9	31	57	47	43	33	52	60
1x9	32	31	35	27	34	57	52
1x9	32	38	6	34	1	50	52
1x9	33	26	20	2	16	59	36
1x9	33	4	21	35	18	44	2
1x9	33	45	56	52	32	3	20
1x9	33	48	10	11	16	32	26
1x9	34	20	25	33	13	41	17
1x9	34	26	16	3	1	23	43
1x9	35	5	58	33	59	17	51
1x9	35	53	12	32	7	26	3
1x9	36	32	49	37	4	60	25
1x9	36	4	52	37	53	48	57
1x9	37	16	29	49	6	19	31
1x9	37	20	50	14	16	23	52
1x9	37	34	7	2	5	58	16
1x9	38	25	2	57	44	53	12
1x9	38	32	35	48	58	5	14
1x9	38	35	51	33	6	52	5
1x9	38	8	29	14	47	28	18
1x9	39	2	28	16	23	33	47
1x9	39	30	24	51	21	5	25
1x9	4	25	31	17	33	26	16
1x9	4	25	57	44	50	19	56
1x9	4	30	8	23	12	39	36
1x9	4	35	33	53	7	24	51
1x9	4	55	18	26	32	48	31
1x9	40	27	57	33	21	60	46
1x9	40	47	3	53	55	56	33
1x9	40	7	14	23	25	59	52
1x9	42	19	17	27	44	21	29
1x9	42	2	17	4	57	48	36
1x9	43	48	4	51	27	18	50
1x9	44	31	56	59	28	24	2
1x9	44	34	58	31	13	43	59
1x9	44	43	18	23	24	33	53
1x9	45	17	15	22	31	25	7
1x9	45	19	43	4	59	11	27
1x9	45	22	47	30	59	56	60
1x9	45	25	22	43	39	60	58
1x9	45	58	2	6	17	18	27
1x9	45	60	11	54	46	33	59
1x9	46	13	19	35	16	34	52
1x9	46	32	11	45	41	10	54
1x9	46	33	34	4	5	28	23
1x9	47	34	31	16	55	3	49
1x9	47	38	20	40	27	32	56
1x9	47	43	25	11	7	26	54
1x9	48	23	13	12	44	15	46
1x9	48	3	49	16	10	40	25
1x9	48	37	53	14	34	44	4
1x9	48	39	51	5	43	34	16
1x9	48	55	51	20	34	35	30
1x9	49	13	57	53	39	59	14
1x9	49	29	53	3	32	55	25
1x9	5	16	18	12	49	42	24
1x9	5	43	48	8	22	33	13
1x9	5	49	11	33	28	34	16
1x9	5	56	29	46	49	18	53
1x9	51	23	31	33	26	36	21
1x9	51	40	41	13	5	49	54
1x9	52	40	58	44	54	18	23
1x9	52	43	55	32	18	44	14
1x9	52	48	33	8	18	47	1
1x9	52	5	58	42	59	14	31
1x9	53	13	32	12	49	39	8
1x9	53	15	2	58	52	57	16
1x9	53	56	16	50	10	28	45
1x9	54	12	32	60	45	14	1
1x9	55	19	28	27	10	6	37
1x9	55	34	29	15	27	12	30
1x9	55	7	34	53	3	40	57
1x9	56	15	39	13	36	20	10
1x9	56	30	16	5	25	55	7
1x9	58	2	52	31	21	7	1
1x9	59	55	2	40	56	37	31
1x9	6	59	25	2	23	3	51
1x9	60	11	36	27	51	31	47
1x9	60	19	38	57	54	44	17
1x9	60	52	28	21	22	40	51
1x9	60	57	56	15	46	14	11
1x9	7	2	19	10	35	51	59
1x9	7	2	19	27	54	39	58
1x9	7	23	39	53	10	58	31
1x9	7	54	44	39	32	59	20
1x9	8	23	49	39	53	35	21
